                                  MODFLOW-2000
      U.S. GEOLOGICAL SURVEY MODULAR FINITE-DIFFERENCE GROUND-WATER FLOW MODEL
                           VERSION 1.19.01 03/25/2010


 This model run combines GLOBAL and LIST output into this single file.

 GLOBAL LISTING FILE: ex09_pht3d.lst
                         UNIT    2

 OPENING ex09_pht3d.dis
 FILE TYPE:DIS   UNIT   10   STATUS:OLD    
 FORMAT:FORMATTED              ACCESS:SEQUENTIAL          

 OPENING ex09_pht3d.bas6
 FILE TYPE:BAS6   UNIT   11   STATUS:OLD    
 FORMAT:FORMATTED              ACCESS:SEQUENTIAL          

 OPENING ex09_pht3d.lpf
 FILE TYPE:LPF   UNIT   12   STATUS:OLD    
 FORMAT:FORMATTED              ACCESS:SEQUENTIAL          

 OPENING ex09_pht3d.pcg
 FILE TYPE:PCG   UNIT   14   STATUS:OLD    
 FORMAT:FORMATTED              ACCESS:SEQUENTIAL          

 OPENING ex09_pht3d.oc
 FILE TYPE:OC   UNIT   26   STATUS:OLD    
 FORMAT:FORMATTED              ACCESS:SEQUENTIAL          

 OPENING ex09_pht3d.head
 FILE TYPE:DATA(BINARY)   UNIT   30   STATUS:UNKNOWN
 FORMAT:BINARY                 ACCESS:SEQUENTIAL          

 OPENING ex09_pht3d.budget
 FILE TYPE:DATA(BINARY)   UNIT   31   STATUS:UNKNOWN
 FORMAT:BINARY                 ACCESS:SEQUENTIAL          

 OPENING ex09_pht3d.lmt
 FILE TYPE:LMT6   UNIT   28   STATUS:OLD    
 FORMAT:FORMATTED              ACCESS:SEQUENTIAL          

 OPENING ex09_pht3d.wel
 FILE TYPE:WEL   UNIT   36   STATUS:OLD    
 FORMAT:FORMATTED              ACCESS:SEQUENTIAL          

 THE FREE FORMAT OPTION HAS BEEN SELECTED

 DISCRETIZATION INPUT DATA READ FROM UNIT   10
    1 LAYERS        31 ROWS        51 COLUMNS
   25 STRESS PERIOD(S) IN SIMULATION
 MODEL TIME UNIT IS DAYS
 MODEL LENGTH UNIT IS METERS
 THE GROUND-WATER TRANSPORT PROCESS IS INACTIVE

 THE OBSERVATION PROCESS IS INACTIVE
 THE SENSITIVITY PROCESS IS INACTIVE
 THE PARAMETER-ESTIMATION PROCESS IS INACTIVE

 MODE: FORWARD

  Confining bed flag for each layer:
   0

      14311  ELEMENTS OF GX ARRAY USED OUT OF      14311
       1581  ELEMENTS OF GZ ARRAY USED OUT OF       1581
       1581  ELEMENTS OF IG ARRAY USED OUT OF       1581

                     DELR =   10.0000    

                     DELC =   10.0000    

 TOP ELEVATION OF LAYER 1 =   10.0000    

   MODEL LAYER BOTTOM EL. =   0.00000     FOR LAYER   1


 STRESS PERIOD     LENGTH       TIME STEPS     MULTIPLIER FOR DELT    SS FLAG
 ----------------------------------------------------------------------------
        1         20.00000          2                    1.000         SS
        2         20.00000          2                    1.000         TR
        3         20.00000          2                    1.000         TR
        4         20.00000          2                    1.000         TR
        5         20.00000          2                    1.000         TR
        6         20.00000          2                    1.000         TR
        7         20.00000          2                    1.000         TR
        8         20.00000          2                    1.000         TR
        9         20.00000          2                    1.000         TR
       10         20.00000          2                    1.000         TR
       11         20.00000          2                    1.000         TR
       12         20.00000          2                    1.000         TR
       13         20.00000          2                    1.000         TR
       14         20.00000          2                    1.000         TR
       15         20.00000          2                    1.000         TR
       16         20.00000          2                    1.000         TR
       17         20.00000          2                    1.000         TR
       18         20.00000          2                    1.000         TR
       19         20.00000          2                    1.000         TR
       20         20.00000          2                    1.000         TR
       21         20.00000          2                    1.000         TR
       22         20.00000          2                    1.000         TR
       23         20.00000          2                    1.000         TR
       24         20.00000          2                    1.000         TR
       25         20.00000          2                    1.000         TR

 COMBINED STEADY-STATE AND TRANSIENT SIMULATION




 LPF1 -- LAYER PROPERTY FLOW PACKAGE, VERSION 1, 1/11/2000
         INPUT READ FROM UNIT   12
 CELL-BY-CELL FLOWS WILL BE SAVED ON UNIT   31
 HEAD AT CELLS THAT CONVERT TO DRY=  1.00000E-02
 No named parameters

   LAYER FLAGS:
 LAYER       LAYTYP        LAYAVG         CHANI        LAYVKA        LAYWET
 ---------------------------------------------------------------------------
    1             0             0     1.000E+00             0             0

   INTERPRETATION OF LAYER FLAGS:
                        INTERBLOCK     HORIZONTAL    DATA IN
         LAYER TYPE   TRANSMISSIVITY   ANISOTROPY   ARRAY VKA   WETTABILITY
 LAYER      (LAYTYP)      (LAYAVG)       (CHANI)      (LAYVKA)      (LAYWET)
 ---------------------------------------------------------------------------
    1      CONFINED      HARMONIC     1.000E+00    VERTICAL K  NON-WETTABLE

       4743 ELEMENTS IN X ARRAY ARE USED BY LPF
          6 ELEMENTS IN IX ARRAY ARE USED BY LPF

 PCG2 -- CONJUGATE GRADIENT SOLUTION PACKAGE, VERSION 2.4, 12/29/98
 MAXIMUM OF     10 CALLS OF SOLUTION ROUTINE
 MAXIMUM OF  30000 INTERNAL ITERATIONS PER CALL TO SOLUTION ROUTINE
 MATRIX PRECONDITIONING TYPE :    1
     603162 ELEMENTS IN X ARRAY ARE USED BY PCG
    2100000 ELEMENTS IN IX ARRAY ARE USED BY PCG
       6324 ELEMENTS IN Z ARRAY ARE USED BY PCG

     607905  ELEMENTS OF X ARRAY USED OUT OF     607905
       6324  ELEMENTS OF Z ARRAY USED OUT OF       6324
    2100006  ELEMENTS OF IX ARRAY USED OUT OF    2100006
          0  ELEMENTS OF XHS ARRAY USED OUT OF          1



                                    SOLUTION BY THE CONJUGATE-GRADIENT METHOD
                                   -------------------------------------------
                    MAXIMUM NUMBER OF CALLS TO PCG ROUTINE =       10
                        MAXIMUM ITERATIONS PER CALL TO PCG =    30000
                               MATRIX PRECONDITIONING TYPE =        1
        RELAXATION FACTOR (ONLY USED WITH PRECOND. TYPE 1) =    0.10000E+01
 PARAMETER OF POLYNOMIAL PRECOND. = 2 (2) OR IS CALCULATED :        2
                         HEAD CHANGE CRITERION FOR CLOSURE =    0.10000E-03
                     RESIDUAL CHANGE CRITERION FOR CLOSURE =    0.10000E-02
            PCG HEAD AND RESIDUAL CHANGE PRINTOUT INTERVAL =      999
     PRINTING FROM SOLVER IS LIMITED(1) OR SUPPRESSED (>1) =        2
                                         DAMPING PARAMETER =    0.10000E+01

 WETTING CAPABILITY IS NOT ACTIVE IN ANY LAYER

    HYD. COND. ALONG ROWS =   50.0000     FOR LAYER   1

      VERTICAL HYD. COND. =   1.00000     FOR LAYER   1

         SPECIFIC STORAGE =  1.000000E-06 FOR LAYER   1
 
 #         0                                                                     
 THE FREE FORMAT OPTION HAS BEEN SELECTED
    1 LAYERS        31 ROWS        51 COLUMNS
   25 STRESS PERIOD(S) IN SIMULATION

 BAS6 -- BASIC PACKAGE, VERSION 6, 1/11/2000 INPUT READ FROM UNIT   11
          5 ELEMENTS IN IR ARRAY ARE USED BY BAS

 WEL6 -- WELL PACKAGE, VERSION 6, 1/11/2000 INPUT READ FROM UNIT   36
 No named parameters
 MAXIMUM OF      1 ACTIVE WELLS AT ONE TIME
 CELL-BY-CELL FLOWS WILL BE SAVED ON UNIT   31
          4 ELEMENTS IN RX ARRAY ARE USED BY WEL

          4  ELEMENTS OF RX ARRAY USED OUT OF          4
          0  ELEMENTS OF RZ ARRAY USED OUT OF          1
          5  ELEMENTS OF IR ARRAY USED OUT OF          5
1
 #         0                                                                     
                                                                                 



                     BOUNDARY ARRAY FOR LAYER   1
 READING ON UNIT   11 WITH FORMAT: (51I3)              

        1   2   3   4   5   6   7   8   9  10  11  12  13  14  15  16  17  18  19  20  21  22  23  24  25  26  27  28  29  30
       31  32  33  34  35  36  37  38  39  40  41  42  43  44  45  46  47  48  49  50  51
 ............................................................................................................................
   1   -1   1   1   1   1   1   1   1   1   1   1   1   1   1   1   1   1   1   1   1   1   1   1   1   1   1   1   1   1   1
        1   1   1   1   1   1   1   1   1   1   1   1   1   1   1   1   1   1   1   1  -1
   2   -1   1   1   1   1   1   1   1   1   1   1   1   1   1   1   1   1   1   1   1   1   1   1   1   1   1   1   1   1   1
        1   1   1   1   1   1   1   1   1   1   1   1   1   1   1   1   1   1   1   1  -1
   3   -1   1   1   1   1   1   1   1   1   1   1   1   1   1   1   1   1   1   1   1   1   1   1   1   1   1   1   1   1   1
        1   1   1   1   1   1   1   1   1   1   1   1   1   1   1   1   1   1   1   1  -1
   4   -1   1   1   1   1   1   1   1   1   1   1   1   1   1   1   1   1   1   1   1   1   1   1   1   1   1   1   1   1   1
        1   1   1   1   1   1   1   1   1   1   1   1   1   1   1   1   1   1   1   1  -1
   5   -1   1   1   1   1   1   1   1   1   1   1   1   1   1   1   1   1   1   1   1   1   1   1   1   1   1   1   1   1   1
        1   1   1   1   1   1   1   1   1   1   1   1   1   1   1   1   1   1   1   1  -1
   6   -1   1   1   1   1   1   1   1   1   1   1   1   1   1   1   1   1   1   1   1   1   1   1   1   1   1   1   1   1   1
        1   1   1   1   1   1   1   1   1   1   1   1   1   1   1   1   1   1   1   1  -1
   7   -1   1   1   1   1   1   1   1   1   1   1   1   1   1   1   1   1   1   1   1   1   1   1   1   1   1   1   1   1   1
        1   1   1   1   1   1   1   1   1   1   1   1   1   1   1   1   1   1   1   1  -1
   8   -1   1   1   1   1   1   1   1   1   1   1   1   1   1   1   1   1   1   1   1   1   1   1   1   1   1   1   1   1   1
        1   1   1   1   1   1   1   1   1   1   1   1   1   1   1   1   1   1   1   1  -1
   9   -1   1   1   1   1   1   1   1   1   1   1   1   1   1   1   1   1   1   1   1   1   1   1   1   1   1   1   1   1   1
        1   1   1   1   1   1   1   1   1   1   1   1   1   1   1   1   1   1   1   1  -1
  10   -1   1   1   1   1   1   1   1   1   1   1   1   1   1   1   1   1   1   1   1   1   1   1   1   1   1   1   1   1   1
        1   1   1   1   1   1   1   1   1   1   1   1   1   1   1   1   1   1   1   1  -1
  11   -1   1   1   1   1   1   1   1   1   1   1   1   1   1   1   1   1   1   1   1   1   1   1   1   1   1   1   1   1   1
        1   1   1   1   1   1   1   1   1   1   1   1   1   1   1   1   1   1   1   1  -1
  12   -1   1   1   1   1   1   1   1   1   1   1   1   1   1   1   1   1   1   1   1   1   1   1   1   1   1   1   1   1   1
        1   1   1   1   1   1   1   1   1   1   1   1   1   1   1   1   1   1   1   1  -1
  13   -1   1   1   1   1   1   1   1   1   1   1   1   1   1   1   1   1   1   1   1   1   1   1   1   1   1   1   1   1   1
        1   1   1   1   1   1   1   1   1   1   1   1   1   1   1   1   1   1   1   1  -1
  14   -1   1   1   1   1   1   1   1   1   1   1   1   1   1   1   1   1   1   1   1   1   1   1   1   1   1   1   1   1   1
        1   1   1   1   1   1   1   1   1   1   1   1   1   1   1   1   1   1   1   1  -1
  15   -1   1   1   1   1   1   1   1   1   1   1   1   1   1   1   1   1   1   1   1   1   1   1   1   1   1   1   1   1   1
        1   1   1   1   1   1   1   1   1   1   1   1   1   1   1   1   1   1   1   1  -1
  16   -1   1   1   1   1   1   1   1   1   1   1   1   1   1   1   1   1   1   1   1   1   1   1   1   1   1   1   1   1   1
        1   1   1   1   1   1   1   1   1   1   1   1   1   1   1   1   1   1   1   1  -1
  17   -1   1   1   1   1   1   1   1   1   1   1   1   1   1   1   1   1   1   1   1   1   1   1   1   1   1   1   1   1   1
        1   1   1   1   1   1   1   1   1   1   1   1   1   1   1   1   1   1   1   1  -1
  18   -1   1   1   1   1   1   1   1   1   1   1   1   1   1   1   1   1   1   1   1   1   1   1   1   1   1   1   1   1   1
        1   1   1   1   1   1   1   1   1   1   1   1   1   1   1   1   1   1   1   1  -1
  19   -1   1   1   1   1   1   1   1   1   1   1   1   1   1   1   1   1   1   1   1   1   1   1   1   1   1   1   1   1   1
        1   1   1   1   1   1   1   1   1   1   1   1   1   1   1   1   1   1   1   1  -1
  20   -1   1   1   1   1   1   1   1   1   1   1   1   1   1   1   1   1   1   1   1   1   1   1   1   1   1   1   1   1   1
        1   1   1   1   1   1   1   1   1   1   1   1   1   1   1   1   1   1   1   1  -1
  21   -1   1   1   1   1   1   1   1   1   1   1   1   1   1   1   1   1   1   1   1   1   1   1   1   1   1   1   1   1   1
        1   1   1   1   1   1   1   1   1   1   1   1   1   1   1   1   1   1   1   1  -1
  22   -1   1   1   1   1   1   1   1   1   1   1   1   1   1   1   1   1   1   1   1   1   1   1   1   1   1   1   1   1   1
        1   1   1   1   1   1   1   1   1   1   1   1   1   1   1   1   1   1   1   1  -1
  23   -1   1   1   1   1   1   1   1   1   1   1   1   1   1   1   1   1   1   1   1   1   1   1   1   1   1   1   1   1   1
        1   1   1   1   1   1   1   1   1   1   1   1   1   1   1   1   1   1   1   1  -1
  24   -1   1   1   1   1   1   1   1   1   1   1   1   1   1   1   1   1   1   1   1   1   1   1   1   1   1   1   1   1   1
        1   1   1   1   1   1   1   1   1   1   1   1   1   1   1   1   1   1   1   1  -1
  25   -1   1   1   1   1   1   1   1   1   1   1   1   1   1   1   1   1   1   1   1   1   1   1   1   1   1   1   1   1   1
        1   1   1   1   1   1   1   1   1   1   1   1   1   1   1   1   1   1   1   1  -1
  26   -1   1   1   1   1   1   1   1   1   1   1   1   1   1   1   1   1   1   1   1   1   1   1   1   1   1   1   1   1   1
        1   1   1   1   1   1   1   1   1   1   1   1   1   1   1   1   1   1   1   1  -1
  27   -1   1   1   1   1   1   1   1   1   1   1   1   1   1   1   1   1   1   1   1   1   1   1   1   1   1   1   1   1   1
        1   1   1   1   1   1   1   1   1   1   1   1   1   1   1   1   1   1   1   1  -1
  28   -1   1   1   1   1   1   1   1   1   1   1   1   1   1   1   1   1   1   1   1   1   1   1   1   1   1   1   1   1   1
        1   1   1   1   1   1   1   1   1   1   1   1   1   1   1   1   1   1   1   1  -1
  29   -1   1   1   1   1   1   1   1   1   1   1   1   1   1   1   1   1   1   1   1   1   1   1   1   1   1   1   1   1   1
        1   1   1   1   1   1   1   1   1   1   1   1   1   1   1   1   1   1   1   1  -1
  30   -1   1   1   1   1   1   1   1   1   1   1   1   1   1   1   1   1   1   1   1   1   1   1   1   1   1   1   1   1   1
        1   1   1   1   1   1   1   1   1   1   1   1   1   1   1   1   1   1   1   1  -1
  31   -1   1   1   1   1   1   1   1   1   1   1   1   1   1   1   1   1   1   1   1   1   1   1   1   1   1   1   1   1   1
        1   1   1   1   1   1   1   1   1   1   1   1   1   1   1   1   1   1   1   1  -1

 AQUIFER HEAD WILL BE SET TO  0.0000     AT ALL NO-FLOW NODES (IBOUND=0).



                       INITIAL HEAD FOR LAYER   1
 READING ON UNIT   11 WITH FORMAT: (51G12.4)           

           1       2       3       4       5       6       7       8       9      10      11      12      13      14      15
          16      17      18      19      20      21      22      23      24      25      26      27      28      29      30
          31      32      33      34      35      36      37      38      39      40      41      42      43      44      45
          46      47      48      49      50      51
 ...........................................................................................................................
   1    100.0     0.0     0.0     0.0     0.0     0.0     0.0     0.0     0.0     0.0     0.0     0.0     0.0     0.0     0.0
          0.0     0.0     0.0     0.0     0.0     0.0     0.0     0.0     0.0     0.0     0.0     0.0     0.0     0.0     0.0
          0.0     0.0     0.0     0.0     0.0     0.0     0.0     0.0     0.0     0.0     0.0     0.0     0.0     0.0     0.0
          0.0     0.0     0.0     0.0     0.0    99.0
   2    100.0     0.0     0.0     0.0     0.0     0.0     0.0     0.0     0.0     0.0     0.0     0.0     0.0     0.0     0.0
          0.0     0.0     0.0     0.0     0.0     0.0     0.0     0.0     0.0     0.0     0.0     0.0     0.0     0.0     0.0
          0.0     0.0     0.0     0.0     0.0     0.0     0.0     0.0     0.0     0.0     0.0     0.0     0.0     0.0     0.0
          0.0     0.0     0.0     0.0     0.0    99.0
   3    100.0     0.0     0.0     0.0     0.0     0.0     0.0     0.0     0.0     0.0     0.0     0.0     0.0     0.0     0.0
          0.0     0.0     0.0     0.0     0.0     0.0     0.0     0.0     0.0     0.0     0.0     0.0     0.0     0.0     0.0
          0.0     0.0     0.0     0.0     0.0     0.0     0.0     0.0     0.0     0.0     0.0     0.0     0.0     0.0     0.0
          0.0     0.0     0.0     0.0     0.0    99.0
   4    100.0     0.0     0.0     0.0     0.0     0.0     0.0     0.0     0.0     0.0     0.0     0.0     0.0     0.0     0.0
          0.0     0.0     0.0     0.0     0.0     0.0     0.0     0.0     0.0     0.0     0.0     0.0     0.0     0.0     0.0
          0.0     0.0     0.0     0.0     0.0     0.0     0.0     0.0     0.0     0.0     0.0     0.0     0.0     0.0     0.0
          0.0     0.0     0.0     0.0     0.0    99.0
   5    100.0     0.0     0.0     0.0     0.0     0.0     0.0     0.0     0.0     0.0     0.0     0.0     0.0     0.0     0.0
          0.0     0.0     0.0     0.0     0.0     0.0     0.0     0.0     0.0     0.0     0.0     0.0     0.0     0.0     0.0
          0.0     0.0     0.0     0.0     0.0     0.0     0.0     0.0     0.0     0.0     0.0     0.0     0.0     0.0     0.0
          0.0     0.0     0.0     0.0     0.0    99.0
   6    100.0     0.0     0.0     0.0     0.0     0.0     0.0     0.0     0.0     0.0     0.0     0.0     0.0     0.0     0.0
          0.0     0.0     0.0     0.0     0.0     0.0     0.0     0.0     0.0     0.0     0.0     0.0     0.0     0.0     0.0
          0.0     0.0     0.0     0.0     0.0     0.0     0.0     0.0     0.0     0.0     0.0     0.0     0.0     0.0     0.0
          0.0     0.0     0.0     0.0     0.0    99.0
   7    100.0     0.0     0.0     0.0     0.0     0.0     0.0     0.0     0.0     0.0     0.0     0.0     0.0     0.0     0.0
          0.0     0.0     0.0     0.0     0.0     0.0     0.0     0.0     0.0     0.0     0.0     0.0     0.0     0.0     0.0
          0.0     0.0     0.0     0.0     0.0     0.0     0.0     0.0     0.0     0.0     0.0     0.0     0.0     0.0     0.0
          0.0     0.0     0.0     0.0     0.0    99.0
   8    100.0     0.0     0.0     0.0     0.0     0.0     0.0     0.0     0.0     0.0     0.0     0.0     0.0     0.0     0.0
          0.0     0.0     0.0     0.0     0.0     0.0     0.0     0.0     0.0     0.0     0.0     0.0     0.0     0.0     0.0
          0.0     0.0     0.0     0.0     0.0     0.0     0.0     0.0     0.0     0.0     0.0     0.0     0.0     0.0     0.0
          0.0     0.0     0.0     0.0     0.0    99.0
   9    100.0     0.0     0.0     0.0     0.0     0.0     0.0     0.0     0.0     0.0     0.0     0.0     0.0     0.0     0.0
          0.0     0.0     0.0     0.0     0.0     0.0     0.0     0.0     0.0     0.0     0.0     0.0     0.0     0.0     0.0
          0.0     0.0     0.0     0.0     0.0     0.0     0.0     0.0     0.0     0.0     0.0     0.0     0.0     0.0     0.0
          0.0     0.0     0.0     0.0     0.0    99.0
  10    100.0     0.0     0.0     0.0     0.0     0.0     0.0     0.0     0.0     0.0     0.0     0.0     0.0     0.0     0.0
          0.0     0.0     0.0     0.0     0.0     0.0     0.0     0.0     0.0     0.0     0.0     0.0     0.0     0.0     0.0
          0.0     0.0     0.0     0.0     0.0     0.0     0.0     0.0     0.0     0.0     0.0     0.0     0.0     0.0     0.0
          0.0     0.0     0.0     0.0     0.0    99.0
  11    100.0     0.0     0.0     0.0     0.0     0.0     0.0     0.0     0.0     0.0     0.0     0.0     0.0     0.0     0.0
          0.0     0.0     0.0     0.0     0.0     0.0     0.0     0.0     0.0     0.0     0.0     0.0     0.0     0.0     0.0
          0.0     0.0     0.0     0.0     0.0     0.0     0.0     0.0     0.0     0.0     0.0     0.0     0.0     0.0     0.0
          0.0     0.0     0.0     0.0     0.0    99.0
  12    100.0     0.0     0.0     0.0     0.0     0.0     0.0     0.0     0.0     0.0     0.0     0.0     0.0     0.0     0.0
          0.0     0.0     0.0     0.0     0.0     0.0     0.0     0.0     0.0     0.0     0.0     0.0     0.0     0.0     0.0
          0.0     0.0     0.0     0.0     0.0     0.0     0.0     0.0     0.0     0.0     0.0     0.0     0.0     0.0     0.0
          0.0     0.0     0.0     0.0     0.0    99.0
  13    100.0     0.0     0.0     0.0     0.0     0.0     0.0     0.0     0.0     0.0     0.0     0.0     0.0     0.0     0.0
          0.0     0.0     0.0     0.0     0.0     0.0     0.0     0.0     0.0     0.0     0.0     0.0     0.0     0.0     0.0
          0.0     0.0     0.0     0.0     0.0     0.0     0.0     0.0     0.0     0.0     0.0     0.0     0.0     0.0     0.0
          0.0     0.0     0.0     0.0     0.0    99.0
  14    100.0     0.0     0.0     0.0     0.0     0.0     0.0     0.0     0.0     0.0     0.0     0.0     0.0     0.0     0.0
          0.0     0.0     0.0     0.0     0.0     0.0     0.0     0.0     0.0     0.0     0.0     0.0     0.0     0.0     0.0
          0.0     0.0     0.0     0.0     0.0     0.0     0.0     0.0     0.0     0.0     0.0     0.0     0.0     0.0     0.0
          0.0     0.0     0.0     0.0     0.0    99.0
  15    100.0     0.0     0.0     0.0     0.0     0.0     0.0     0.0     0.0     0.0     0.0     0.0     0.0     0.0     0.0
          0.0     0.0     0.0     0.0     0.0     0.0     0.0     0.0     0.0     0.0     0.0     0.0     0.0     0.0     0.0
          0.0     0.0     0.0     0.0     0.0     0.0     0.0     0.0     0.0     0.0     0.0     0.0     0.0     0.0     0.0
          0.0     0.0     0.0     0.0     0.0    99.0
  16    100.0     0.0     0.0     0.0     0.0     0.0     0.0     0.0     0.0     0.0     0.0     0.0     0.0     0.0     0.0
          0.0     0.0     0.0     0.0     0.0     0.0     0.0     0.0     0.0     0.0     0.0     0.0     0.0     0.0     0.0
          0.0     0.0     0.0     0.0     0.0     0.0     0.0     0.0     0.0     0.0     0.0     0.0     0.0     0.0     0.0
          0.0     0.0     0.0     0.0     0.0    99.0
  17    100.0     0.0     0.0     0.0     0.0     0.0     0.0     0.0     0.0     0.0     0.0     0.0     0.0     0.0     0.0
          0.0     0.0     0.0     0.0     0.0     0.0     0.0     0.0     0.0     0.0     0.0     0.0     0.0     0.0     0.0
          0.0     0.0     0.0     0.0     0.0     0.0     0.0     0.0     0.0     0.0     0.0     0.0     0.0     0.0     0.0
          0.0     0.0     0.0     0.0     0.0    99.0
  18    100.0     0.0     0.0     0.0     0.0     0.0     0.0     0.0     0.0     0.0     0.0     0.0     0.0     0.0     0.0
          0.0     0.0     0.0     0.0     0.0     0.0     0.0     0.0     0.0     0.0     0.0     0.0     0.0     0.0     0.0
          0.0     0.0     0.0     0.0     0.0     0.0     0.0     0.0     0.0     0.0     0.0     0.0     0.0     0.0     0.0
          0.0     0.0     0.0     0.0     0.0    99.0
  19    100.0     0.0     0.0     0.0     0.0     0.0     0.0     0.0     0.0     0.0     0.0     0.0     0.0     0.0     0.0
          0.0     0.0     0.0     0.0     0.0     0.0     0.0     0.0     0.0     0.0     0.0     0.0     0.0     0.0     0.0
          0.0     0.0     0.0     0.0     0.0     0.0     0.0     0.0     0.0     0.0     0.0     0.0     0.0     0.0     0.0
          0.0     0.0     0.0     0.0     0.0    99.0
  20    100.0     0.0     0.0     0.0     0.0     0.0     0.0     0.0     0.0     0.0     0.0     0.0     0.0     0.0     0.0
          0.0     0.0     0.0     0.0     0.0     0.0     0.0     0.0     0.0     0.0     0.0     0.0     0.0     0.0     0.0
          0.0     0.0     0.0     0.0     0.0     0.0     0.0     0.0     0.0     0.0     0.0     0.0     0.0     0.0     0.0
          0.0     0.0     0.0     0.0     0.0    99.0
  21    100.0     0.0     0.0     0.0     0.0     0.0     0.0     0.0     0.0     0.0     0.0     0.0     0.0     0.0     0.0
          0.0     0.0     0.0     0.0     0.0     0.0     0.0     0.0     0.0     0.0     0.0     0.0     0.0     0.0     0.0
          0.0     0.0     0.0     0.0     0.0     0.0     0.0     0.0     0.0     0.0     0.0     0.0     0.0     0.0     0.0
          0.0     0.0     0.0     0.0     0.0    99.0
  22    100.0     0.0     0.0     0.0     0.0     0.0     0.0     0.0     0.0     0.0     0.0     0.0     0.0     0.0     0.0
          0.0     0.0     0.0     0.0     0.0     0.0     0.0     0.0     0.0     0.0     0.0     0.0     0.0     0.0     0.0
          0.0     0.0     0.0     0.0     0.0     0.0     0.0     0.0     0.0     0.0     0.0     0.0     0.0     0.0     0.0
          0.0     0.0     0.0     0.0     0.0    99.0
  23    100.0     0.0     0.0     0.0     0.0     0.0     0.0     0.0     0.0     0.0     0.0     0.0     0.0     0.0     0.0
          0.0     0.0     0.0     0.0     0.0     0.0     0.0     0.0     0.0     0.0     0.0     0.0     0.0     0.0     0.0
          0.0     0.0     0.0     0.0     0.0     0.0     0.0     0.0     0.0     0.0     0.0     0.0     0.0     0.0     0.0
          0.0     0.0     0.0     0.0     0.0    99.0
  24    100.0     0.0     0.0     0.0     0.0     0.0     0.0     0.0     0.0     0.0     0.0     0.0     0.0     0.0     0.0
          0.0     0.0     0.0     0.0     0.0     0.0     0.0     0.0     0.0     0.0     0.0     0.0     0.0     0.0     0.0
          0.0     0.0     0.0     0.0     0.0     0.0     0.0     0.0     0.0     0.0     0.0     0.0     0.0     0.0     0.0
          0.0     0.0     0.0     0.0     0.0    99.0
  25    100.0     0.0     0.0     0.0     0.0     0.0     0.0     0.0     0.0     0.0     0.0     0.0     0.0     0.0     0.0
          0.0     0.0     0.0     0.0     0.0     0.0     0.0     0.0     0.0     0.0     0.0     0.0     0.0     0.0     0.0
          0.0     0.0     0.0     0.0     0.0     0.0     0.0     0.0     0.0     0.0     0.0     0.0     0.0     0.0     0.0
          0.0     0.0     0.0     0.0     0.0    99.0
  26    100.0     0.0     0.0     0.0     0.0     0.0     0.0     0.0     0.0     0.0     0.0     0.0     0.0     0.0     0.0
          0.0     0.0     0.0     0.0     0.0     0.0     0.0     0.0     0.0     0.0     0.0     0.0     0.0     0.0     0.0
          0.0     0.0     0.0     0.0     0.0     0.0     0.0     0.0     0.0     0.0     0.0     0.0     0.0     0.0     0.0
          0.0     0.0     0.0     0.0     0.0    99.0
  27    100.0     0.0     0.0     0.0     0.0     0.0     0.0     0.0     0.0     0.0     0.0     0.0     0.0     0.0     0.0
          0.0     0.0     0.0     0.0     0.0     0.0     0.0     0.0     0.0     0.0     0.0     0.0     0.0     0.0     0.0
          0.0     0.0     0.0     0.0     0.0     0.0     0.0     0.0     0.0     0.0     0.0     0.0     0.0     0.0     0.0
          0.0     0.0     0.0     0.0     0.0    99.0
  28    100.0     0.0     0.0     0.0     0.0     0.0     0.0     0.0     0.0     0.0     0.0     0.0     0.0     0.0     0.0
          0.0     0.0     0.0     0.0     0.0     0.0     0.0     0.0     0.0     0.0     0.0     0.0     0.0     0.0     0.0
          0.0     0.0     0.0     0.0     0.0     0.0     0.0     0.0     0.0     0.0     0.0     0.0     0.0     0.0     0.0
          0.0     0.0     0.0     0.0     0.0    99.0
  29    100.0     0.0     0.0     0.0     0.0     0.0     0.0     0.0     0.0     0.0     0.0     0.0     0.0     0.0     0.0
          0.0     0.0     0.0     0.0     0.0     0.0     0.0     0.0     0.0     0.0     0.0     0.0     0.0     0.0     0.0
          0.0     0.0     0.0     0.0     0.0     0.0     0.0     0.0     0.0     0.0     0.0     0.0     0.0     0.0     0.0
          0.0     0.0     0.0     0.0     0.0    99.0
  30    100.0     0.0     0.0     0.0     0.0     0.0     0.0     0.0     0.0     0.0     0.0     0.0     0.0     0.0     0.0
          0.0     0.0     0.0     0.0     0.0     0.0     0.0     0.0     0.0     0.0     0.0     0.0     0.0     0.0     0.0
          0.0     0.0     0.0     0.0     0.0     0.0     0.0     0.0     0.0     0.0     0.0     0.0     0.0     0.0     0.0
          0.0     0.0     0.0     0.0     0.0    99.0
  31    100.0     0.0     0.0     0.0     0.0     0.0     0.0     0.0     0.0     0.0     0.0     0.0     0.0     0.0     0.0
          0.0     0.0     0.0     0.0     0.0     0.0     0.0     0.0     0.0     0.0     0.0     0.0     0.0     0.0     0.0
          0.0     0.0     0.0     0.0     0.0     0.0     0.0     0.0     0.0     0.0     0.0     0.0     0.0     0.0     0.0
          0.0     0.0     0.0     0.0     0.0    99.0

 OUTPUT CONTROL IS SPECIFIED ONLY AT TIME STEPS FOR WHICH OUTPUT IS DESIRED
 COMPACT CELL-BY-CELL BUDGET FILES WILL BE WRITTEN
 HEAD PRINT FORMAT CODE IS   0    DRAWDOWN PRINT FORMAT CODE IS   0
 HEADS WILL BE SAVED ON UNIT   30    DRAWDOWNS WILL BE SAVED ON UNIT    0


     0 Well parameters
1
                            STRESS PERIOD NO.    1, LENGTH =   20.00000    
                            -----------------------------------------------

                              NUMBER OF TIME STEPS =     2

                               MULTIPLIER FOR DELT =     1.000

                            INITIAL TIME STEP SIZE =   10.00000    

 WELL NO.  LAYER   ROW   COL   STRESS RATE         
 --------------------------------------------------
      1      1     16     16       2.000    

      1 WELL
 
 SOLVING FOR HEAD 

 NO OUTPUT CONTROL FOR STRESS PERIOD    1   TIME STEP   1


 ***Link-MT3DMS Package***
 OPENING LINK-MT3DMS OUTPUT FILE: ex09_pht3d.flo                                                                                                                                                                                          
 ON UNIT NUMBER:   333
 FILE TYPE: UNFORMATTED
 HEADER OPTION: STANDARD
 ***Link-MT3DMS Package***


 SAVING SATURATED THICKNESS AND FLOW TERMS ON UNIT  333 FOR MT3DMS
 BY THE LINK-MT3DMS PACKAGE V6.3 AT TIME STEP    1, STRESS PERIOD    1

 
 SOLVING FOR HEAD 

 OUTPUT CONTROL FOR STRESS PERIOD    1   TIME STEP   2
    SAVE HEAD FOR ALL LAYERS
    SAVE BUDGET
 UBDSV2 SAVING "   CONSTANT HEAD" ON UNIT  31 AT TIME STEP  2, STRESS PERIOD   1
 UBDSV1 SAVING "FLOW RIGHT FACE " ON UNIT  31 AT TIME STEP  2, STRESS PERIOD   1
 UBDSV1 SAVING "FLOW FRONT FACE " ON UNIT  31 AT TIME STEP  2, STRESS PERIOD   1
 UBDSV4 SAVING "           WELLS" ON UNIT  31 AT TIME STEP  2, STRESS PERIOD   1

 SAVING SATURATED THICKNESS AND FLOW TERMS ON UNIT  333 FOR MT3DMS
 BY THE LINK-MT3DMS PACKAGE V6.3 AT TIME STEP    2, STRESS PERIOD    1


 HEAD WILL BE SAVED ON UNIT   30 AT END OF TIME STEP   2, STRESS PERIOD    1
1
  VOLUMETRIC BUDGET FOR ENTIRE MODEL AT END OF TIME STEP  2 IN STRESS PERIOD   1
  ------------------------------------------------------------------------------

     CUMULATIVE VOLUMES      L**3       RATES FOR THIS TIME STEP      L**3/T
     ------------------                 ------------------------

           IN:                                      IN:
           ---                                      ---
             STORAGE =           0.0000               STORAGE =           0.0000
       CONSTANT HEAD =        6172.0039         CONSTANT HEAD =         308.6002
               WELLS =          40.0000                 WELLS =           2.0000

            TOTAL IN =        6212.0039              TOTAL IN =         310.6002

          OUT:                                     OUT:
          ----                                     ----
             STORAGE =           0.0000               STORAGE =           0.0000
       CONSTANT HEAD =        6211.9971         CONSTANT HEAD =         310.5999
               WELLS =           0.0000                 WELLS =           0.0000

           TOTAL OUT =        6211.9971             TOTAL OUT =         310.5999

            IN - OUT =       6.8359E-03              IN - OUT =       3.3569E-04

 PERCENT DISCREPANCY =           0.00     PERCENT DISCREPANCY =           0.00






          TIME SUMMARY AT END OF TIME STEP   2 IN STRESS PERIOD    1
                    SECONDS     MINUTES      HOURS       DAYS        YEARS
                    -----------------------------------------------------------
   TIME STEP LENGTH 8.64000E+05  14400.      240.00      10.000     2.73785E-02
 STRESS PERIOD TIME 1.72800E+06  28800.      480.00      20.000     5.47570E-02
         TOTAL TIME 1.72800E+06  28800.      480.00      20.000     5.47570E-02
1
1
                            STRESS PERIOD NO.    2, LENGTH =   20.00000    
                            -----------------------------------------------

                              NUMBER OF TIME STEPS =     2

                               MULTIPLIER FOR DELT =     1.000

                            INITIAL TIME STEP SIZE =   10.00000    

 WELL NO.  LAYER   ROW   COL   STRESS RATE         
 --------------------------------------------------
      1      1     16     16       2.000    

      1 WELL
 
 SOLVING FOR HEAD 

 NO OUTPUT CONTROL FOR STRESS PERIOD    2   TIME STEP   1

 SAVING SATURATED THICKNESS AND FLOW TERMS ON UNIT  333 FOR MT3DMS
 BY THE LINK-MT3DMS PACKAGE V6.3 AT TIME STEP    1, STRESS PERIOD    2

 
 SOLVING FOR HEAD 

 OUTPUT CONTROL FOR STRESS PERIOD    2   TIME STEP   2
    SAVE HEAD FOR ALL LAYERS
    SAVE BUDGET
 UBDSV1 SAVING "         STORAGE" ON UNIT  31 AT TIME STEP  2, STRESS PERIOD   2
 UBDSV2 SAVING "   CONSTANT HEAD" ON UNIT  31 AT TIME STEP  2, STRESS PERIOD   2
 UBDSV1 SAVING "FLOW RIGHT FACE " ON UNIT  31 AT TIME STEP  2, STRESS PERIOD   2
 UBDSV1 SAVING "FLOW FRONT FACE " ON UNIT  31 AT TIME STEP  2, STRESS PERIOD   2
 UBDSV4 SAVING "           WELLS" ON UNIT  31 AT TIME STEP  2, STRESS PERIOD   2

 SAVING SATURATED THICKNESS AND FLOW TERMS ON UNIT  333 FOR MT3DMS
 BY THE LINK-MT3DMS PACKAGE V6.3 AT TIME STEP    2, STRESS PERIOD    2


 HEAD WILL BE SAVED ON UNIT   30 AT END OF TIME STEP   2, STRESS PERIOD    2
1
  VOLUMETRIC BUDGET FOR ENTIRE MODEL AT END OF TIME STEP  2 IN STRESS PERIOD   2
  ------------------------------------------------------------------------------

     CUMULATIVE VOLUMES      L**3       RATES FOR THIS TIME STEP      L**3/T
     ------------------                 ------------------------

           IN:                                      IN:
           ---                                      ---
             STORAGE =       2.9184E-06               STORAGE =       1.4859E-07
       CONSTANT HEAD =       12344.0078         CONSTANT HEAD =         308.6002
               WELLS =          80.0000                 WELLS =           2.0000

            TOTAL IN =       12424.0078              TOTAL IN =         310.6002

          OUT:                                     OUT:
          ----                                     ----
             STORAGE =       2.9345E-06               STORAGE =       1.4390E-07
       CONSTANT HEAD =       12423.9951         CONSTANT HEAD =         310.5999
               WELLS =           0.0000                 WELLS =           0.0000

           TOTAL OUT =       12423.9951             TOTAL OUT =         310.5999

            IN - OUT =       1.2695E-02              IN - OUT =       2.4414E-04

 PERCENT DISCREPANCY =           0.00     PERCENT DISCREPANCY =           0.00






          TIME SUMMARY AT END OF TIME STEP   2 IN STRESS PERIOD    2
                    SECONDS     MINUTES      HOURS       DAYS        YEARS
                    -----------------------------------------------------------
   TIME STEP LENGTH 8.64000E+05  14400.      240.00      10.000     2.73785E-02
 STRESS PERIOD TIME 1.72800E+06  28800.      480.00      20.000     5.47570E-02
         TOTAL TIME 3.45600E+06  57600.      960.00      40.000     0.10951    
1
1
                            STRESS PERIOD NO.    3, LENGTH =   20.00000    
                            -----------------------------------------------

                              NUMBER OF TIME STEPS =     2

                               MULTIPLIER FOR DELT =     1.000

                            INITIAL TIME STEP SIZE =   10.00000    

 WELL NO.  LAYER   ROW   COL   STRESS RATE         
 --------------------------------------------------
      1      1     16     16       2.000    

      1 WELL
 
 SOLVING FOR HEAD 

 NO OUTPUT CONTROL FOR STRESS PERIOD    3   TIME STEP   1

 SAVING SATURATED THICKNESS AND FLOW TERMS ON UNIT  333 FOR MT3DMS
 BY THE LINK-MT3DMS PACKAGE V6.3 AT TIME STEP    1, STRESS PERIOD    3

 
 SOLVING FOR HEAD 

 OUTPUT CONTROL FOR STRESS PERIOD    3   TIME STEP   2
    SAVE HEAD FOR ALL LAYERS
    SAVE BUDGET
 UBDSV1 SAVING "         STORAGE" ON UNIT  31 AT TIME STEP  2, STRESS PERIOD   3
 UBDSV2 SAVING "   CONSTANT HEAD" ON UNIT  31 AT TIME STEP  2, STRESS PERIOD   3
 UBDSV1 SAVING "FLOW RIGHT FACE " ON UNIT  31 AT TIME STEP  2, STRESS PERIOD   3
 UBDSV1 SAVING "FLOW FRONT FACE " ON UNIT  31 AT TIME STEP  2, STRESS PERIOD   3
 UBDSV4 SAVING "           WELLS" ON UNIT  31 AT TIME STEP  2, STRESS PERIOD   3

 SAVING SATURATED THICKNESS AND FLOW TERMS ON UNIT  333 FOR MT3DMS
 BY THE LINK-MT3DMS PACKAGE V6.3 AT TIME STEP    2, STRESS PERIOD    3


 HEAD WILL BE SAVED ON UNIT   30 AT END OF TIME STEP   2, STRESS PERIOD    3
1
  VOLUMETRIC BUDGET FOR ENTIRE MODEL AT END OF TIME STEP  2 IN STRESS PERIOD   3
  ------------------------------------------------------------------------------

     CUMULATIVE VOLUMES      L**3       RATES FOR THIS TIME STEP      L**3/T
     ------------------                 ------------------------

           IN:                                      IN:
           ---                                      ---
             STORAGE =       5.8311E-06               STORAGE =       1.4794E-07
       CONSTANT HEAD =       18516.0098         CONSTANT HEAD =         308.6001
               WELLS =         120.0000                 WELLS =           2.0000

            TOTAL IN =       18636.0098              TOTAL IN =         310.6001

          OUT:                                     OUT:
          ----                                     ----
             STORAGE =       5.8734E-06               STORAGE =       1.4447E-07
       CONSTANT HEAD =       18635.9941         CONSTANT HEAD =         310.5999
               WELLS =           0.0000                 WELLS =           0.0000

           TOTAL OUT =       18635.9941             TOTAL OUT =         310.5999

            IN - OUT =       1.5625E-02              IN - OUT =       2.1362E-04

 PERCENT DISCREPANCY =           0.00     PERCENT DISCREPANCY =           0.00






          TIME SUMMARY AT END OF TIME STEP   2 IN STRESS PERIOD    3
                    SECONDS     MINUTES      HOURS       DAYS        YEARS
                    -----------------------------------------------------------
   TIME STEP LENGTH 8.64000E+05  14400.      240.00      10.000     2.73785E-02
 STRESS PERIOD TIME 1.72800E+06  28800.      480.00      20.000     5.47570E-02
         TOTAL TIME 5.18400E+06  86400.      1440.0      60.000     0.16427    
1
1
                            STRESS PERIOD NO.    4, LENGTH =   20.00000    
                            -----------------------------------------------

                              NUMBER OF TIME STEPS =     2

                               MULTIPLIER FOR DELT =     1.000

                            INITIAL TIME STEP SIZE =   10.00000    

 WELL NO.  LAYER   ROW   COL   STRESS RATE         
 --------------------------------------------------
      1      1     16     16       2.000    

      1 WELL
 
 SOLVING FOR HEAD 

 NO OUTPUT CONTROL FOR STRESS PERIOD    4   TIME STEP   1

 SAVING SATURATED THICKNESS AND FLOW TERMS ON UNIT  333 FOR MT3DMS
 BY THE LINK-MT3DMS PACKAGE V6.3 AT TIME STEP    1, STRESS PERIOD    4

 
 SOLVING FOR HEAD 

 OUTPUT CONTROL FOR STRESS PERIOD    4   TIME STEP   2
    SAVE HEAD FOR ALL LAYERS
    SAVE BUDGET
 UBDSV1 SAVING "         STORAGE" ON UNIT  31 AT TIME STEP  2, STRESS PERIOD   4
 UBDSV2 SAVING "   CONSTANT HEAD" ON UNIT  31 AT TIME STEP  2, STRESS PERIOD   4
 UBDSV1 SAVING "FLOW RIGHT FACE " ON UNIT  31 AT TIME STEP  2, STRESS PERIOD   4
 UBDSV1 SAVING "FLOW FRONT FACE " ON UNIT  31 AT TIME STEP  2, STRESS PERIOD   4
 UBDSV4 SAVING "           WELLS" ON UNIT  31 AT TIME STEP  2, STRESS PERIOD   4

 SAVING SATURATED THICKNESS AND FLOW TERMS ON UNIT  333 FOR MT3DMS
 BY THE LINK-MT3DMS PACKAGE V6.3 AT TIME STEP    2, STRESS PERIOD    4


 HEAD WILL BE SAVED ON UNIT   30 AT END OF TIME STEP   2, STRESS PERIOD    4
1
  VOLUMETRIC BUDGET FOR ENTIRE MODEL AT END OF TIME STEP  2 IN STRESS PERIOD   4
  ------------------------------------------------------------------------------

     CUMULATIVE VOLUMES      L**3       RATES FOR THIS TIME STEP      L**3/T
     ------------------                 ------------------------

           IN:                                      IN:
           ---                                      ---
             STORAGE =       8.7609E-06               STORAGE =       1.4803E-07
       CONSTANT HEAD =       24688.0137         CONSTANT HEAD =         308.6001
               WELLS =         160.0000                 WELLS =           2.0000

            TOTAL IN =       24848.0137              TOTAL IN =         310.6001

          OUT:                                     OUT:
          ----                                     ----
             STORAGE =       8.7939E-06               STORAGE =       1.4435E-07
       CONSTANT HEAD =       24847.9941         CONSTANT HEAD =         310.5999
               WELLS =           0.0000                 WELLS =           0.0000

           TOTAL OUT =       24847.9941             TOTAL OUT =         310.5999

            IN - OUT =       1.9531E-02              IN - OUT =       1.8311E-04

 PERCENT DISCREPANCY =           0.00     PERCENT DISCREPANCY =           0.00






          TIME SUMMARY AT END OF TIME STEP   2 IN STRESS PERIOD    4
                    SECONDS     MINUTES      HOURS       DAYS        YEARS
                    -----------------------------------------------------------
   TIME STEP LENGTH 8.64000E+05  14400.      240.00      10.000     2.73785E-02
 STRESS PERIOD TIME 1.72800E+06  28800.      480.00      20.000     5.47570E-02
         TOTAL TIME 6.91200E+06 1.15200E+05  1920.0      80.000     0.21903    
1
1
                            STRESS PERIOD NO.    5, LENGTH =   20.00000    
                            -----------------------------------------------

                              NUMBER OF TIME STEPS =     2

                               MULTIPLIER FOR DELT =     1.000

                            INITIAL TIME STEP SIZE =   10.00000    

 WELL NO.  LAYER   ROW   COL   STRESS RATE         
 --------------------------------------------------
      1      1     16     16       2.000    

      1 WELL
 
 SOLVING FOR HEAD 

 NO OUTPUT CONTROL FOR STRESS PERIOD    5   TIME STEP   1

 SAVING SATURATED THICKNESS AND FLOW TERMS ON UNIT  333 FOR MT3DMS
 BY THE LINK-MT3DMS PACKAGE V6.3 AT TIME STEP    1, STRESS PERIOD    5

 
 SOLVING FOR HEAD 

 OUTPUT CONTROL FOR STRESS PERIOD    5   TIME STEP   2
    SAVE HEAD FOR ALL LAYERS
    SAVE BUDGET
 UBDSV1 SAVING "         STORAGE" ON UNIT  31 AT TIME STEP  2, STRESS PERIOD   5
 UBDSV2 SAVING "   CONSTANT HEAD" ON UNIT  31 AT TIME STEP  2, STRESS PERIOD   5
 UBDSV1 SAVING "FLOW RIGHT FACE " ON UNIT  31 AT TIME STEP  2, STRESS PERIOD   5
 UBDSV1 SAVING "FLOW FRONT FACE " ON UNIT  31 AT TIME STEP  2, STRESS PERIOD   5
 UBDSV4 SAVING "           WELLS" ON UNIT  31 AT TIME STEP  2, STRESS PERIOD   5

 SAVING SATURATED THICKNESS AND FLOW TERMS ON UNIT  333 FOR MT3DMS
 BY THE LINK-MT3DMS PACKAGE V6.3 AT TIME STEP    2, STRESS PERIOD    5


 HEAD WILL BE SAVED ON UNIT   30 AT END OF TIME STEP   2, STRESS PERIOD    5
1
  VOLUMETRIC BUDGET FOR ENTIRE MODEL AT END OF TIME STEP  2 IN STRESS PERIOD   5
  ------------------------------------------------------------------------------

     CUMULATIVE VOLUMES      L**3       RATES FOR THIS TIME STEP      L**3/T
     ------------------                 ------------------------

           IN:                                      IN:
           ---                                      ---
             STORAGE =       1.1695E-05               STORAGE =       1.4790E-07
       CONSTANT HEAD =       30860.0176         CONSTANT HEAD =         308.6001
               WELLS =         200.0000                 WELLS =           2.0000

            TOTAL IN =       31060.0176              TOTAL IN =         310.6001

          OUT:                                     OUT:
          ----                                     ----
             STORAGE =       1.1710E-05               STORAGE =       1.4451E-07
       CONSTANT HEAD =       31059.9941         CONSTANT HEAD =         310.5999
               WELLS =           0.0000                 WELLS =           0.0000

           TOTAL OUT =       31059.9941             TOTAL OUT =         310.5999

            IN - OUT =       2.3438E-02              IN - OUT =       1.5259E-04

 PERCENT DISCREPANCY =           0.00     PERCENT DISCREPANCY =           0.00






          TIME SUMMARY AT END OF TIME STEP   2 IN STRESS PERIOD    5
                    SECONDS     MINUTES      HOURS       DAYS        YEARS
                    -----------------------------------------------------------
   TIME STEP LENGTH 8.64000E+05  14400.      240.00      10.000     2.73785E-02
 STRESS PERIOD TIME 1.72800E+06  28800.      480.00      20.000     5.47570E-02
         TOTAL TIME 8.64000E+06 1.44000E+05  2400.0      100.00     0.27379    
1
1
                            STRESS PERIOD NO.    6, LENGTH =   20.00000    
                            -----------------------------------------------

                              NUMBER OF TIME STEPS =     2

                               MULTIPLIER FOR DELT =     1.000

                            INITIAL TIME STEP SIZE =   10.00000    

 WELL NO.  LAYER   ROW   COL   STRESS RATE         
 --------------------------------------------------
      1      1     16     16       2.000    

      1 WELL
 
 SOLVING FOR HEAD 

 NO OUTPUT CONTROL FOR STRESS PERIOD    6   TIME STEP   1

 SAVING SATURATED THICKNESS AND FLOW TERMS ON UNIT  333 FOR MT3DMS
 BY THE LINK-MT3DMS PACKAGE V6.3 AT TIME STEP    1, STRESS PERIOD    6

 
 SOLVING FOR HEAD 

 OUTPUT CONTROL FOR STRESS PERIOD    6   TIME STEP   2
    SAVE HEAD FOR ALL LAYERS
    SAVE BUDGET
 UBDSV1 SAVING "         STORAGE" ON UNIT  31 AT TIME STEP  2, STRESS PERIOD   6
 UBDSV2 SAVING "   CONSTANT HEAD" ON UNIT  31 AT TIME STEP  2, STRESS PERIOD   6
 UBDSV1 SAVING "FLOW RIGHT FACE " ON UNIT  31 AT TIME STEP  2, STRESS PERIOD   6
 UBDSV1 SAVING "FLOW FRONT FACE " ON UNIT  31 AT TIME STEP  2, STRESS PERIOD   6
 UBDSV4 SAVING "           WELLS" ON UNIT  31 AT TIME STEP  2, STRESS PERIOD   6

 SAVING SATURATED THICKNESS AND FLOW TERMS ON UNIT  333 FOR MT3DMS
 BY THE LINK-MT3DMS PACKAGE V6.3 AT TIME STEP    2, STRESS PERIOD    6


 HEAD WILL BE SAVED ON UNIT   30 AT END OF TIME STEP   2, STRESS PERIOD    6
1
  VOLUMETRIC BUDGET FOR ENTIRE MODEL AT END OF TIME STEP  2 IN STRESS PERIOD   6
  ------------------------------------------------------------------------------

     CUMULATIVE VOLUMES      L**3       RATES FOR THIS TIME STEP      L**3/T
     ------------------                 ------------------------

           IN:                                      IN:
           ---                                      ---
             STORAGE =       1.4634E-05               STORAGE =       1.4745E-07
       CONSTANT HEAD =       37032.0195         CONSTANT HEAD =         308.6001
               WELLS =         240.0000                 WELLS =           2.0000

            TOTAL IN =       37272.0195              TOTAL IN =         310.6001

          OUT:                                     OUT:
          ----                                     ----
             STORAGE =       1.4621E-05               STORAGE =       1.4497E-07
       CONSTANT HEAD =       37271.9922         CONSTANT HEAD =         310.6000
               WELLS =           0.0000                 WELLS =           0.0000

           TOTAL OUT =       37271.9922             TOTAL OUT =         310.6000

            IN - OUT =       2.7344E-02              IN - OUT =       1.2207E-04

 PERCENT DISCREPANCY =           0.00     PERCENT DISCREPANCY =           0.00






          TIME SUMMARY AT END OF TIME STEP   2 IN STRESS PERIOD    6
                    SECONDS     MINUTES      HOURS       DAYS        YEARS
                    -----------------------------------------------------------
   TIME STEP LENGTH 8.64000E+05  14400.      240.00      10.000     2.73785E-02
 STRESS PERIOD TIME 1.72800E+06  28800.      480.00      20.000     5.47570E-02
         TOTAL TIME 1.03680E+07 1.72800E+05  2880.0      120.00     0.32854    
1
1
                            STRESS PERIOD NO.    7, LENGTH =   20.00000    
                            -----------------------------------------------

                              NUMBER OF TIME STEPS =     2

                               MULTIPLIER FOR DELT =     1.000

                            INITIAL TIME STEP SIZE =   10.00000    

 WELL NO.  LAYER   ROW   COL   STRESS RATE         
 --------------------------------------------------
      1      1     16     16       2.000    

      1 WELL
 
 SOLVING FOR HEAD 

 NO OUTPUT CONTROL FOR STRESS PERIOD    7   TIME STEP   1

 SAVING SATURATED THICKNESS AND FLOW TERMS ON UNIT  333 FOR MT3DMS
 BY THE LINK-MT3DMS PACKAGE V6.3 AT TIME STEP    1, STRESS PERIOD    7

 
 SOLVING FOR HEAD 

 OUTPUT CONTROL FOR STRESS PERIOD    7   TIME STEP   2
    SAVE HEAD FOR ALL LAYERS
    SAVE BUDGET
 UBDSV1 SAVING "         STORAGE" ON UNIT  31 AT TIME STEP  2, STRESS PERIOD   7
 UBDSV2 SAVING "   CONSTANT HEAD" ON UNIT  31 AT TIME STEP  2, STRESS PERIOD   7
 UBDSV1 SAVING "FLOW RIGHT FACE " ON UNIT  31 AT TIME STEP  2, STRESS PERIOD   7
 UBDSV1 SAVING "FLOW FRONT FACE " ON UNIT  31 AT TIME STEP  2, STRESS PERIOD   7
 UBDSV4 SAVING "           WELLS" ON UNIT  31 AT TIME STEP  2, STRESS PERIOD   7

 SAVING SATURATED THICKNESS AND FLOW TERMS ON UNIT  333 FOR MT3DMS
 BY THE LINK-MT3DMS PACKAGE V6.3 AT TIME STEP    2, STRESS PERIOD    7


 HEAD WILL BE SAVED ON UNIT   30 AT END OF TIME STEP   2, STRESS PERIOD    7
1
  VOLUMETRIC BUDGET FOR ENTIRE MODEL AT END OF TIME STEP  2 IN STRESS PERIOD   7
  ------------------------------------------------------------------------------

     CUMULATIVE VOLUMES      L**3       RATES FOR THIS TIME STEP      L**3/T
     ------------------                 ------------------------

           IN:                                      IN:
           ---                                      ---
             STORAGE =       1.7572E-05               STORAGE =       1.4742E-07
       CONSTANT HEAD =       43204.0195         CONSTANT HEAD =         308.6001
               WELLS =         280.0000                 WELLS =           2.0000

            TOTAL IN =       43484.0195              TOTAL IN =         310.6001

          OUT:                                     OUT:
          ----                                     ----
             STORAGE =       1.7534E-05               STORAGE =       1.4502E-07
       CONSTANT HEAD =       43483.9922         CONSTANT HEAD =         310.6000
               WELLS =           0.0000                 WELLS =           0.0000

           TOTAL OUT =       43483.9922             TOTAL OUT =         310.6000

            IN - OUT =       2.7344E-02              IN - OUT =       9.1553E-05

 PERCENT DISCREPANCY =           0.00     PERCENT DISCREPANCY =           0.00






          TIME SUMMARY AT END OF TIME STEP   2 IN STRESS PERIOD    7
                    SECONDS     MINUTES      HOURS       DAYS        YEARS
                    -----------------------------------------------------------
   TIME STEP LENGTH 8.64000E+05  14400.      240.00      10.000     2.73785E-02
 STRESS PERIOD TIME 1.72800E+06  28800.      480.00      20.000     5.47570E-02
         TOTAL TIME 1.20960E+07 2.01600E+05  3360.0      140.00     0.38330    
1
1
                            STRESS PERIOD NO.    8, LENGTH =   20.00000    
                            -----------------------------------------------

                              NUMBER OF TIME STEPS =     2

                               MULTIPLIER FOR DELT =     1.000

                            INITIAL TIME STEP SIZE =   10.00000    

 WELL NO.  LAYER   ROW   COL   STRESS RATE         
 --------------------------------------------------
      1      1     16     16       2.000    

      1 WELL
 
 SOLVING FOR HEAD 

 NO OUTPUT CONTROL FOR STRESS PERIOD    8   TIME STEP   1

 SAVING SATURATED THICKNESS AND FLOW TERMS ON UNIT  333 FOR MT3DMS
 BY THE LINK-MT3DMS PACKAGE V6.3 AT TIME STEP    1, STRESS PERIOD    8

 
 SOLVING FOR HEAD 

 OUTPUT CONTROL FOR STRESS PERIOD    8   TIME STEP   2
    SAVE HEAD FOR ALL LAYERS
    SAVE BUDGET
 UBDSV1 SAVING "         STORAGE" ON UNIT  31 AT TIME STEP  2, STRESS PERIOD   8
 UBDSV2 SAVING "   CONSTANT HEAD" ON UNIT  31 AT TIME STEP  2, STRESS PERIOD   8
 UBDSV1 SAVING "FLOW RIGHT FACE " ON UNIT  31 AT TIME STEP  2, STRESS PERIOD   8
 UBDSV1 SAVING "FLOW FRONT FACE " ON UNIT  31 AT TIME STEP  2, STRESS PERIOD   8
 UBDSV4 SAVING "           WELLS" ON UNIT  31 AT TIME STEP  2, STRESS PERIOD   8

 SAVING SATURATED THICKNESS AND FLOW TERMS ON UNIT  333 FOR MT3DMS
 BY THE LINK-MT3DMS PACKAGE V6.3 AT TIME STEP    2, STRESS PERIOD    8


 HEAD WILL BE SAVED ON UNIT   30 AT END OF TIME STEP   2, STRESS PERIOD    8
1
  VOLUMETRIC BUDGET FOR ENTIRE MODEL AT END OF TIME STEP  2 IN STRESS PERIOD   8
  ------------------------------------------------------------------------------

     CUMULATIVE VOLUMES      L**3       RATES FOR THIS TIME STEP      L**3/T
     ------------------                 ------------------------

           IN:                                      IN:
           ---                                      ---
             STORAGE =       2.0507E-05               STORAGE =       1.4741E-07
       CONSTANT HEAD =       49376.0195         CONSTANT HEAD =         308.6001
               WELLS =         320.0000                 WELLS =           2.0000

            TOTAL IN =       49696.0195              TOTAL IN =         310.6001

          OUT:                                     OUT:
          ----                                     ----
             STORAGE =       2.0449E-05               STORAGE =       1.4504E-07
       CONSTANT HEAD =       49695.9922         CONSTANT HEAD =         310.6000
               WELLS =           0.0000                 WELLS =           0.0000

           TOTAL OUT =       49695.9922             TOTAL OUT =         310.6000

            IN - OUT =       2.7344E-02              IN - OUT =       9.1553E-05

 PERCENT DISCREPANCY =           0.00     PERCENT DISCREPANCY =           0.00






          TIME SUMMARY AT END OF TIME STEP   2 IN STRESS PERIOD    8
                    SECONDS     MINUTES      HOURS       DAYS        YEARS
                    -----------------------------------------------------------
   TIME STEP LENGTH 8.64000E+05  14400.      240.00      10.000     2.73785E-02
 STRESS PERIOD TIME 1.72800E+06  28800.      480.00      20.000     5.47570E-02
         TOTAL TIME 1.38240E+07 2.30400E+05  3840.0      160.00     0.43806    
1
1
                            STRESS PERIOD NO.    9, LENGTH =   20.00000    
                            -----------------------------------------------

                              NUMBER OF TIME STEPS =     2

                               MULTIPLIER FOR DELT =     1.000

                            INITIAL TIME STEP SIZE =   10.00000    

 WELL NO.  LAYER   ROW   COL   STRESS RATE         
 --------------------------------------------------
      1      1     16     16       2.000    

      1 WELL
 
 SOLVING FOR HEAD 

 NO OUTPUT CONTROL FOR STRESS PERIOD    9   TIME STEP   1

 SAVING SATURATED THICKNESS AND FLOW TERMS ON UNIT  333 FOR MT3DMS
 BY THE LINK-MT3DMS PACKAGE V6.3 AT TIME STEP    1, STRESS PERIOD    9

 
 SOLVING FOR HEAD 

 OUTPUT CONTROL FOR STRESS PERIOD    9   TIME STEP   2
    SAVE HEAD FOR ALL LAYERS
    SAVE BUDGET
 UBDSV1 SAVING "         STORAGE" ON UNIT  31 AT TIME STEP  2, STRESS PERIOD   9
 UBDSV2 SAVING "   CONSTANT HEAD" ON UNIT  31 AT TIME STEP  2, STRESS PERIOD   9
 UBDSV1 SAVING "FLOW RIGHT FACE " ON UNIT  31 AT TIME STEP  2, STRESS PERIOD   9
 UBDSV1 SAVING "FLOW FRONT FACE " ON UNIT  31 AT TIME STEP  2, STRESS PERIOD   9
 UBDSV4 SAVING "           WELLS" ON UNIT  31 AT TIME STEP  2, STRESS PERIOD   9

 SAVING SATURATED THICKNESS AND FLOW TERMS ON UNIT  333 FOR MT3DMS
 BY THE LINK-MT3DMS PACKAGE V6.3 AT TIME STEP    2, STRESS PERIOD    9


 HEAD WILL BE SAVED ON UNIT   30 AT END OF TIME STEP   2, STRESS PERIOD    9
1
  VOLUMETRIC BUDGET FOR ENTIRE MODEL AT END OF TIME STEP  2 IN STRESS PERIOD   9
  ------------------------------------------------------------------------------

     CUMULATIVE VOLUMES      L**3       RATES FOR THIS TIME STEP      L**3/T
     ------------------                 ------------------------

           IN:                                      IN:
           ---                                      ---
             STORAGE =       2.3443E-05               STORAGE =       1.4703E-07
       CONSTANT HEAD =       55548.0195         CONSTANT HEAD =         308.6001
               WELLS =         360.0000                 WELLS =           2.0000

            TOTAL IN =       55908.0195              TOTAL IN =         310.6001

          OUT:                                     OUT:
          ----                                     ----
             STORAGE =       2.3362E-05               STORAGE =       1.4543E-07
       CONSTANT HEAD =       55907.9922         CONSTANT HEAD =         310.6000
               WELLS =           0.0000                 WELLS =           0.0000

           TOTAL OUT =       55907.9922             TOTAL OUT =         310.6000

            IN - OUT =       2.7344E-02              IN - OUT =       9.1553E-05

 PERCENT DISCREPANCY =           0.00     PERCENT DISCREPANCY =           0.00






          TIME SUMMARY AT END OF TIME STEP   2 IN STRESS PERIOD    9
                    SECONDS     MINUTES      HOURS       DAYS        YEARS
                    -----------------------------------------------------------
   TIME STEP LENGTH 8.64000E+05  14400.      240.00      10.000     2.73785E-02
 STRESS PERIOD TIME 1.72800E+06  28800.      480.00      20.000     5.47570E-02
         TOTAL TIME 1.55520E+07 2.59200E+05  4320.0      180.00     0.49281    
1
1
                            STRESS PERIOD NO.   10, LENGTH =   20.00000    
                            -----------------------------------------------

                              NUMBER OF TIME STEPS =     2

                               MULTIPLIER FOR DELT =     1.000

                            INITIAL TIME STEP SIZE =   10.00000    

 WELL NO.  LAYER   ROW   COL   STRESS RATE         
 --------------------------------------------------
      1      1     16     16       2.000    

      1 WELL
 
 SOLVING FOR HEAD 

 NO OUTPUT CONTROL FOR STRESS PERIOD   10   TIME STEP   1

 SAVING SATURATED THICKNESS AND FLOW TERMS ON UNIT  333 FOR MT3DMS
 BY THE LINK-MT3DMS PACKAGE V6.3 AT TIME STEP    1, STRESS PERIOD   10

 
 SOLVING FOR HEAD 

 OUTPUT CONTROL FOR STRESS PERIOD   10   TIME STEP   2
    SAVE HEAD FOR ALL LAYERS
    SAVE BUDGET
 UBDSV1 SAVING "         STORAGE" ON UNIT  31 AT TIME STEP  2, STRESS PERIOD  10
 UBDSV2 SAVING "   CONSTANT HEAD" ON UNIT  31 AT TIME STEP  2, STRESS PERIOD  10
 UBDSV1 SAVING "FLOW RIGHT FACE " ON UNIT  31 AT TIME STEP  2, STRESS PERIOD  10
 UBDSV1 SAVING "FLOW FRONT FACE " ON UNIT  31 AT TIME STEP  2, STRESS PERIOD  10
 UBDSV4 SAVING "           WELLS" ON UNIT  31 AT TIME STEP  2, STRESS PERIOD  10

 SAVING SATURATED THICKNESS AND FLOW TERMS ON UNIT  333 FOR MT3DMS
 BY THE LINK-MT3DMS PACKAGE V6.3 AT TIME STEP    2, STRESS PERIOD   10


 HEAD WILL BE SAVED ON UNIT   30 AT END OF TIME STEP   2, STRESS PERIOD   10
1
  VOLUMETRIC BUDGET FOR ENTIRE MODEL AT END OF TIME STEP  2 IN STRESS PERIOD  10
  ------------------------------------------------------------------------------

     CUMULATIVE VOLUMES      L**3       RATES FOR THIS TIME STEP      L**3/T
     ------------------                 ------------------------

           IN:                                      IN:
           ---                                      ---
             STORAGE =       2.6378E-05               STORAGE =       1.4704E-07
       CONSTANT HEAD =       61720.0195         CONSTANT HEAD =         308.6000
               WELLS =         400.0000                 WELLS =           2.0000

            TOTAL IN =       62120.0195              TOTAL IN =         310.6000

          OUT:                                     OUT:
          ----                                     ----
             STORAGE =       2.6278E-05               STORAGE =       1.4544E-07
       CONSTANT HEAD =       62119.9922         CONSTANT HEAD =         310.6000
               WELLS =           0.0000                 WELLS =           0.0000

           TOTAL OUT =       62119.9922             TOTAL OUT =         310.6000

            IN - OUT =       2.7344E-02              IN - OUT =       6.1035E-05

 PERCENT DISCREPANCY =           0.00     PERCENT DISCREPANCY =           0.00






          TIME SUMMARY AT END OF TIME STEP   2 IN STRESS PERIOD   10
                    SECONDS     MINUTES      HOURS       DAYS        YEARS
                    -----------------------------------------------------------
   TIME STEP LENGTH 8.64000E+05  14400.      240.00      10.000     2.73785E-02
 STRESS PERIOD TIME 1.72800E+06  28800.      480.00      20.000     5.47570E-02
         TOTAL TIME 1.72800E+07 2.88000E+05  4800.0      200.00     0.54757    
1
1
                            STRESS PERIOD NO.   11, LENGTH =   20.00000    
                            -----------------------------------------------

                              NUMBER OF TIME STEPS =     2

                               MULTIPLIER FOR DELT =     1.000

                            INITIAL TIME STEP SIZE =   10.00000    

 WELL NO.  LAYER   ROW   COL   STRESS RATE         
 --------------------------------------------------
      1      1     16     16       2.000    

      1 WELL
 
 SOLVING FOR HEAD 

 NO OUTPUT CONTROL FOR STRESS PERIOD   11   TIME STEP   1

 SAVING SATURATED THICKNESS AND FLOW TERMS ON UNIT  333 FOR MT3DMS
 BY THE LINK-MT3DMS PACKAGE V6.3 AT TIME STEP    1, STRESS PERIOD   11

 
 SOLVING FOR HEAD 

 OUTPUT CONTROL FOR STRESS PERIOD   11   TIME STEP   2
    SAVE HEAD FOR ALL LAYERS
    SAVE BUDGET
 UBDSV1 SAVING "         STORAGE" ON UNIT  31 AT TIME STEP  2, STRESS PERIOD  11
 UBDSV2 SAVING "   CONSTANT HEAD" ON UNIT  31 AT TIME STEP  2, STRESS PERIOD  11
 UBDSV1 SAVING "FLOW RIGHT FACE " ON UNIT  31 AT TIME STEP  2, STRESS PERIOD  11
 UBDSV1 SAVING "FLOW FRONT FACE " ON UNIT  31 AT TIME STEP  2, STRESS PERIOD  11
 UBDSV4 SAVING "           WELLS" ON UNIT  31 AT TIME STEP  2, STRESS PERIOD  11

 SAVING SATURATED THICKNESS AND FLOW TERMS ON UNIT  333 FOR MT3DMS
 BY THE LINK-MT3DMS PACKAGE V6.3 AT TIME STEP    2, STRESS PERIOD   11


 HEAD WILL BE SAVED ON UNIT   30 AT END OF TIME STEP   2, STRESS PERIOD   11
1
  VOLUMETRIC BUDGET FOR ENTIRE MODEL AT END OF TIME STEP  2 IN STRESS PERIOD  11
  ------------------------------------------------------------------------------

     CUMULATIVE VOLUMES      L**3       RATES FOR THIS TIME STEP      L**3/T
     ------------------                 ------------------------

           IN:                                      IN:
           ---                                      ---
             STORAGE =       2.9313E-05               STORAGE =       1.4705E-07
       CONSTANT HEAD =       67892.0234         CONSTANT HEAD =         308.6000
               WELLS =         440.0000                 WELLS =           2.0000

            TOTAL IN =       68332.0234              TOTAL IN =         310.6000

          OUT:                                     OUT:
          ----                                     ----
             STORAGE =       2.9193E-05               STORAGE =       1.4544E-07
       CONSTANT HEAD =       68331.9922         CONSTANT HEAD =         310.6000
               WELLS =           0.0000                 WELLS =           0.0000

           TOTAL OUT =       68331.9922             TOTAL OUT =         310.6000

            IN - OUT =       3.1250E-02              IN - OUT =       3.0518E-05

 PERCENT DISCREPANCY =           0.00     PERCENT DISCREPANCY =           0.00






          TIME SUMMARY AT END OF TIME STEP   2 IN STRESS PERIOD   11
                    SECONDS     MINUTES      HOURS       DAYS        YEARS
                    -----------------------------------------------------------
   TIME STEP LENGTH 8.64000E+05  14400.      240.00      10.000     2.73785E-02
 STRESS PERIOD TIME 1.72800E+06  28800.      480.00      20.000     5.47570E-02
         TOTAL TIME 1.90080E+07 3.16800E+05  5280.0      220.00     0.60233    
1
1
                            STRESS PERIOD NO.   12, LENGTH =   20.00000    
                            -----------------------------------------------

                              NUMBER OF TIME STEPS =     2

                               MULTIPLIER FOR DELT =     1.000

                            INITIAL TIME STEP SIZE =   10.00000    

 WELL NO.  LAYER   ROW   COL   STRESS RATE         
 --------------------------------------------------
      1      1     16     16       2.000    

      1 WELL
 
 SOLVING FOR HEAD 

 NO OUTPUT CONTROL FOR STRESS PERIOD   12   TIME STEP   1

 SAVING SATURATED THICKNESS AND FLOW TERMS ON UNIT  333 FOR MT3DMS
 BY THE LINK-MT3DMS PACKAGE V6.3 AT TIME STEP    1, STRESS PERIOD   12

 
 SOLVING FOR HEAD 

 OUTPUT CONTROL FOR STRESS PERIOD   12   TIME STEP   2
    SAVE HEAD FOR ALL LAYERS
    SAVE BUDGET
 UBDSV1 SAVING "         STORAGE" ON UNIT  31 AT TIME STEP  2, STRESS PERIOD  12
 UBDSV2 SAVING "   CONSTANT HEAD" ON UNIT  31 AT TIME STEP  2, STRESS PERIOD  12
 UBDSV1 SAVING "FLOW RIGHT FACE " ON UNIT  31 AT TIME STEP  2, STRESS PERIOD  12
 UBDSV1 SAVING "FLOW FRONT FACE " ON UNIT  31 AT TIME STEP  2, STRESS PERIOD  12
 UBDSV4 SAVING "           WELLS" ON UNIT  31 AT TIME STEP  2, STRESS PERIOD  12

 SAVING SATURATED THICKNESS AND FLOW TERMS ON UNIT  333 FOR MT3DMS
 BY THE LINK-MT3DMS PACKAGE V6.3 AT TIME STEP    2, STRESS PERIOD   12


 HEAD WILL BE SAVED ON UNIT   30 AT END OF TIME STEP   2, STRESS PERIOD   12
1
  VOLUMETRIC BUDGET FOR ENTIRE MODEL AT END OF TIME STEP  2 IN STRESS PERIOD  12
  ------------------------------------------------------------------------------

     CUMULATIVE VOLUMES      L**3       RATES FOR THIS TIME STEP      L**3/T
     ------------------                 ------------------------

           IN:                                      IN:
           ---                                      ---
             STORAGE =       3.2246E-05               STORAGE =       1.4706E-07
       CONSTANT HEAD =       74064.0234         CONSTANT HEAD =         308.6000
               WELLS =         480.0000                 WELLS =           2.0000

            TOTAL IN =       74544.0234              TOTAL IN =         310.6000

          OUT:                                     OUT:
          ----                                     ----
             STORAGE =       3.2110E-05               STORAGE =       1.4543E-07
       CONSTANT HEAD =       74543.9922         CONSTANT HEAD =         310.6000
               WELLS =           0.0000                 WELLS =           0.0000

           TOTAL OUT =       74543.9922             TOTAL OUT =         310.6000

            IN - OUT =       3.1250E-02              IN - OUT =       3.0518E-05

 PERCENT DISCREPANCY =           0.00     PERCENT DISCREPANCY =           0.00






          TIME SUMMARY AT END OF TIME STEP   2 IN STRESS PERIOD   12
                    SECONDS     MINUTES      HOURS       DAYS        YEARS
                    -----------------------------------------------------------
   TIME STEP LENGTH 8.64000E+05  14400.      240.00      10.000     2.73785E-02
 STRESS PERIOD TIME 1.72800E+06  28800.      480.00      20.000     5.47570E-02
         TOTAL TIME 2.07360E+07 3.45600E+05  5760.0      240.00     0.65708    
1
1
                            STRESS PERIOD NO.   13, LENGTH =   20.00000    
                            -----------------------------------------------

                              NUMBER OF TIME STEPS =     2

                               MULTIPLIER FOR DELT =     1.000

                            INITIAL TIME STEP SIZE =   10.00000    

 WELL NO.  LAYER   ROW   COL   STRESS RATE         
 --------------------------------------------------
      1      1     16     16       2.000    

      1 WELL
 
 SOLVING FOR HEAD 

 NO OUTPUT CONTROL FOR STRESS PERIOD   13   TIME STEP   1

 SAVING SATURATED THICKNESS AND FLOW TERMS ON UNIT  333 FOR MT3DMS
 BY THE LINK-MT3DMS PACKAGE V6.3 AT TIME STEP    1, STRESS PERIOD   13

 
 SOLVING FOR HEAD 

 OUTPUT CONTROL FOR STRESS PERIOD   13   TIME STEP   2
    SAVE HEAD FOR ALL LAYERS
    SAVE BUDGET
 UBDSV1 SAVING "         STORAGE" ON UNIT  31 AT TIME STEP  2, STRESS PERIOD  13
 UBDSV2 SAVING "   CONSTANT HEAD" ON UNIT  31 AT TIME STEP  2, STRESS PERIOD  13
 UBDSV1 SAVING "FLOW RIGHT FACE " ON UNIT  31 AT TIME STEP  2, STRESS PERIOD  13
 UBDSV1 SAVING "FLOW FRONT FACE " ON UNIT  31 AT TIME STEP  2, STRESS PERIOD  13
 UBDSV4 SAVING "           WELLS" ON UNIT  31 AT TIME STEP  2, STRESS PERIOD  13

 SAVING SATURATED THICKNESS AND FLOW TERMS ON UNIT  333 FOR MT3DMS
 BY THE LINK-MT3DMS PACKAGE V6.3 AT TIME STEP    2, STRESS PERIOD   13


 HEAD WILL BE SAVED ON UNIT   30 AT END OF TIME STEP   2, STRESS PERIOD   13
1
  VOLUMETRIC BUDGET FOR ENTIRE MODEL AT END OF TIME STEP  2 IN STRESS PERIOD  13
  ------------------------------------------------------------------------------

     CUMULATIVE VOLUMES      L**3       RATES FOR THIS TIME STEP      L**3/T
     ------------------                 ------------------------

           IN:                                      IN:
           ---                                      ---
             STORAGE =       3.5184E-05               STORAGE =       1.4707E-07
       CONSTANT HEAD =       80236.0234         CONSTANT HEAD =         308.6000
               WELLS =         520.0000                 WELLS =           2.0000

            TOTAL IN =       80756.0234              TOTAL IN =         310.6000

          OUT:                                     OUT:
          ----                                     ----
             STORAGE =       3.5023E-05               STORAGE =       1.4543E-07
       CONSTANT HEAD =       80755.9922         CONSTANT HEAD =         310.6000
               WELLS =           0.0000                 WELLS =           0.0000

           TOTAL OUT =       80755.9922             TOTAL OUT =         310.6000

            IN - OUT =       3.1250E-02              IN - OUT =       3.0518E-05

 PERCENT DISCREPANCY =           0.00     PERCENT DISCREPANCY =           0.00






          TIME SUMMARY AT END OF TIME STEP   2 IN STRESS PERIOD   13
                    SECONDS     MINUTES      HOURS       DAYS        YEARS
                    -----------------------------------------------------------
   TIME STEP LENGTH 8.64000E+05  14400.      240.00      10.000     2.73785E-02
 STRESS PERIOD TIME 1.72800E+06  28800.      480.00      20.000     5.47570E-02
         TOTAL TIME 2.24640E+07 3.74400E+05  6240.0      260.00     0.71184    
1
1
                            STRESS PERIOD NO.   14, LENGTH =   20.00000    
                            -----------------------------------------------

                              NUMBER OF TIME STEPS =     2

                               MULTIPLIER FOR DELT =     1.000

                            INITIAL TIME STEP SIZE =   10.00000    

 WELL NO.  LAYER   ROW   COL   STRESS RATE         
 --------------------------------------------------
      1      1     16     16       2.000    

      1 WELL
 
 SOLVING FOR HEAD 

 NO OUTPUT CONTROL FOR STRESS PERIOD   14   TIME STEP   1

 SAVING SATURATED THICKNESS AND FLOW TERMS ON UNIT  333 FOR MT3DMS
 BY THE LINK-MT3DMS PACKAGE V6.3 AT TIME STEP    1, STRESS PERIOD   14

 
 SOLVING FOR HEAD 

 OUTPUT CONTROL FOR STRESS PERIOD   14   TIME STEP   2
    SAVE HEAD FOR ALL LAYERS
    SAVE BUDGET
 UBDSV1 SAVING "         STORAGE" ON UNIT  31 AT TIME STEP  2, STRESS PERIOD  14
 UBDSV2 SAVING "   CONSTANT HEAD" ON UNIT  31 AT TIME STEP  2, STRESS PERIOD  14
 UBDSV1 SAVING "FLOW RIGHT FACE " ON UNIT  31 AT TIME STEP  2, STRESS PERIOD  14
 UBDSV1 SAVING "FLOW FRONT FACE " ON UNIT  31 AT TIME STEP  2, STRESS PERIOD  14
 UBDSV4 SAVING "           WELLS" ON UNIT  31 AT TIME STEP  2, STRESS PERIOD  14

 SAVING SATURATED THICKNESS AND FLOW TERMS ON UNIT  333 FOR MT3DMS
 BY THE LINK-MT3DMS PACKAGE V6.3 AT TIME STEP    2, STRESS PERIOD   14


 HEAD WILL BE SAVED ON UNIT   30 AT END OF TIME STEP   2, STRESS PERIOD   14
1
  VOLUMETRIC BUDGET FOR ENTIRE MODEL AT END OF TIME STEP  2 IN STRESS PERIOD  14
  ------------------------------------------------------------------------------

     CUMULATIVE VOLUMES      L**3       RATES FOR THIS TIME STEP      L**3/T
     ------------------                 ------------------------

           IN:                                      IN:
           ---                                      ---
             STORAGE =       3.8123E-05               STORAGE =       1.4708E-07
       CONSTANT HEAD =       86408.0234         CONSTANT HEAD =         308.6000
               WELLS =         560.0000                 WELLS =           2.0000

            TOTAL IN =       86968.0234              TOTAL IN =         310.6000

          OUT:                                     OUT:
          ----                                     ----
             STORAGE =       3.7934E-05               STORAGE =       1.4542E-07
       CONSTANT HEAD =       86967.9922         CONSTANT HEAD =         310.6000
               WELLS =           0.0000                 WELLS =           0.0000

           TOTAL OUT =       86967.9922             TOTAL OUT =         310.6000

            IN - OUT =       3.1250E-02              IN - OUT =       3.0518E-05

 PERCENT DISCREPANCY =           0.00     PERCENT DISCREPANCY =           0.00






          TIME SUMMARY AT END OF TIME STEP   2 IN STRESS PERIOD   14
                    SECONDS     MINUTES      HOURS       DAYS        YEARS
                    -----------------------------------------------------------
   TIME STEP LENGTH 8.64000E+05  14400.      240.00      10.000     2.73785E-02
 STRESS PERIOD TIME 1.72800E+06  28800.      480.00      20.000     5.47570E-02
         TOTAL TIME 2.41920E+07 4.03200E+05  6720.0      280.00     0.76660    
1
1
                            STRESS PERIOD NO.   15, LENGTH =   20.00000    
                            -----------------------------------------------

                              NUMBER OF TIME STEPS =     2

                               MULTIPLIER FOR DELT =     1.000

                            INITIAL TIME STEP SIZE =   10.00000    

 WELL NO.  LAYER   ROW   COL   STRESS RATE         
 --------------------------------------------------
      1      1     16     16       2.000    

      1 WELL
 
 SOLVING FOR HEAD 

 NO OUTPUT CONTROL FOR STRESS PERIOD   15   TIME STEP   1

 SAVING SATURATED THICKNESS AND FLOW TERMS ON UNIT  333 FOR MT3DMS
 BY THE LINK-MT3DMS PACKAGE V6.3 AT TIME STEP    1, STRESS PERIOD   15

 
 SOLVING FOR HEAD 

 OUTPUT CONTROL FOR STRESS PERIOD   15   TIME STEP   2
    SAVE HEAD FOR ALL LAYERS
    SAVE BUDGET
 UBDSV1 SAVING "         STORAGE" ON UNIT  31 AT TIME STEP  2, STRESS PERIOD  15
 UBDSV2 SAVING "   CONSTANT HEAD" ON UNIT  31 AT TIME STEP  2, STRESS PERIOD  15
 UBDSV1 SAVING "FLOW RIGHT FACE " ON UNIT  31 AT TIME STEP  2, STRESS PERIOD  15
 UBDSV1 SAVING "FLOW FRONT FACE " ON UNIT  31 AT TIME STEP  2, STRESS PERIOD  15
 UBDSV4 SAVING "           WELLS" ON UNIT  31 AT TIME STEP  2, STRESS PERIOD  15

 SAVING SATURATED THICKNESS AND FLOW TERMS ON UNIT  333 FOR MT3DMS
 BY THE LINK-MT3DMS PACKAGE V6.3 AT TIME STEP    2, STRESS PERIOD   15


 HEAD WILL BE SAVED ON UNIT   30 AT END OF TIME STEP   2, STRESS PERIOD   15
1
  VOLUMETRIC BUDGET FOR ENTIRE MODEL AT END OF TIME STEP  2 IN STRESS PERIOD  15
  ------------------------------------------------------------------------------

     CUMULATIVE VOLUMES      L**3       RATES FOR THIS TIME STEP      L**3/T
     ------------------                 ------------------------

           IN:                                      IN:
           ---                                      ---
             STORAGE =       4.1062E-05               STORAGE =       1.4709E-07
       CONSTANT HEAD =       92580.0234         CONSTANT HEAD =         308.6000
               WELLS =         600.0000                 WELLS =           2.0000

            TOTAL IN =       93180.0234              TOTAL IN =         310.6000

          OUT:                                     OUT:
          ----                                     ----
             STORAGE =       4.0845E-05               STORAGE =       1.4541E-07
       CONSTANT HEAD =       93179.9922         CONSTANT HEAD =         310.6000
               WELLS =           0.0000                 WELLS =           0.0000

           TOTAL OUT =       93179.9922             TOTAL OUT =         310.6000

            IN - OUT =       3.1250E-02              IN - OUT =           0.0000

 PERCENT DISCREPANCY =           0.00     PERCENT DISCREPANCY =           0.00






          TIME SUMMARY AT END OF TIME STEP   2 IN STRESS PERIOD   15
                    SECONDS     MINUTES      HOURS       DAYS        YEARS
                    -----------------------------------------------------------
   TIME STEP LENGTH 8.64000E+05  14400.      240.00      10.000     2.73785E-02
 STRESS PERIOD TIME 1.72800E+06  28800.      480.00      20.000     5.47570E-02
         TOTAL TIME 2.59200E+07 4.32000E+05  7200.0      300.00     0.82136    
1
1
                            STRESS PERIOD NO.   16, LENGTH =   20.00000    
                            -----------------------------------------------

                              NUMBER OF TIME STEPS =     2

                               MULTIPLIER FOR DELT =     1.000

                            INITIAL TIME STEP SIZE =   10.00000    

 WELL NO.  LAYER   ROW   COL   STRESS RATE         
 --------------------------------------------------
      1      1     16     16       2.000    

      1 WELL
 
 SOLVING FOR HEAD 

 NO OUTPUT CONTROL FOR STRESS PERIOD   16   TIME STEP   1

 SAVING SATURATED THICKNESS AND FLOW TERMS ON UNIT  333 FOR MT3DMS
 BY THE LINK-MT3DMS PACKAGE V6.3 AT TIME STEP    1, STRESS PERIOD   16

 
 SOLVING FOR HEAD 

 OUTPUT CONTROL FOR STRESS PERIOD   16   TIME STEP   2
    SAVE HEAD FOR ALL LAYERS
    SAVE BUDGET
 UBDSV1 SAVING "         STORAGE" ON UNIT  31 AT TIME STEP  2, STRESS PERIOD  16
 UBDSV2 SAVING "   CONSTANT HEAD" ON UNIT  31 AT TIME STEP  2, STRESS PERIOD  16
 UBDSV1 SAVING "FLOW RIGHT FACE " ON UNIT  31 AT TIME STEP  2, STRESS PERIOD  16
 UBDSV1 SAVING "FLOW FRONT FACE " ON UNIT  31 AT TIME STEP  2, STRESS PERIOD  16
 UBDSV4 SAVING "           WELLS" ON UNIT  31 AT TIME STEP  2, STRESS PERIOD  16

 SAVING SATURATED THICKNESS AND FLOW TERMS ON UNIT  333 FOR MT3DMS
 BY THE LINK-MT3DMS PACKAGE V6.3 AT TIME STEP    2, STRESS PERIOD   16


 HEAD WILL BE SAVED ON UNIT   30 AT END OF TIME STEP   2, STRESS PERIOD   16
1
  VOLUMETRIC BUDGET FOR ENTIRE MODEL AT END OF TIME STEP  2 IN STRESS PERIOD  16
  ------------------------------------------------------------------------------

     CUMULATIVE VOLUMES      L**3       RATES FOR THIS TIME STEP      L**3/T
     ------------------                 ------------------------

           IN:                                      IN:
           ---                                      ---
             STORAGE =       4.4002E-05               STORAGE =       1.4710E-07
       CONSTANT HEAD =       98752.0234         CONSTANT HEAD =         308.6000
               WELLS =         640.0000                 WELLS =           2.0000

            TOTAL IN =       99392.0234              TOTAL IN =         310.6000

          OUT:                                     OUT:
          ----                                     ----
             STORAGE =       4.3756E-05               STORAGE =       1.4541E-07
       CONSTANT HEAD =       99391.9922         CONSTANT HEAD =         310.6000
               WELLS =           0.0000                 WELLS =           0.0000

           TOTAL OUT =       99391.9922             TOTAL OUT =         310.6000

            IN - OUT =       3.1250E-02              IN - OUT =           0.0000

 PERCENT DISCREPANCY =           0.00     PERCENT DISCREPANCY =           0.00






          TIME SUMMARY AT END OF TIME STEP   2 IN STRESS PERIOD   16
                    SECONDS     MINUTES      HOURS       DAYS        YEARS
                    -----------------------------------------------------------
   TIME STEP LENGTH 8.64000E+05  14400.      240.00      10.000     2.73785E-02
 STRESS PERIOD TIME 1.72800E+06  28800.      480.00      20.000     5.47570E-02
         TOTAL TIME 2.76480E+07 4.60800E+05  7680.0      320.00     0.87611    
1
1
                            STRESS PERIOD NO.   17, LENGTH =   20.00000    
                            -----------------------------------------------

                              NUMBER OF TIME STEPS =     2

                               MULTIPLIER FOR DELT =     1.000

                            INITIAL TIME STEP SIZE =   10.00000    

 WELL NO.  LAYER   ROW   COL   STRESS RATE         
 --------------------------------------------------
      1      1     16     16       2.000    

      1 WELL
 
 SOLVING FOR HEAD 

 NO OUTPUT CONTROL FOR STRESS PERIOD   17   TIME STEP   1

 SAVING SATURATED THICKNESS AND FLOW TERMS ON UNIT  333 FOR MT3DMS
 BY THE LINK-MT3DMS PACKAGE V6.3 AT TIME STEP    1, STRESS PERIOD   17

 
 SOLVING FOR HEAD 

 OUTPUT CONTROL FOR STRESS PERIOD   17   TIME STEP   2
    SAVE HEAD FOR ALL LAYERS
    SAVE BUDGET
 UBDSV1 SAVING "         STORAGE" ON UNIT  31 AT TIME STEP  2, STRESS PERIOD  17
 UBDSV2 SAVING "   CONSTANT HEAD" ON UNIT  31 AT TIME STEP  2, STRESS PERIOD  17
 UBDSV1 SAVING "FLOW RIGHT FACE " ON UNIT  31 AT TIME STEP  2, STRESS PERIOD  17
 UBDSV1 SAVING "FLOW FRONT FACE " ON UNIT  31 AT TIME STEP  2, STRESS PERIOD  17
 UBDSV4 SAVING "           WELLS" ON UNIT  31 AT TIME STEP  2, STRESS PERIOD  17

 SAVING SATURATED THICKNESS AND FLOW TERMS ON UNIT  333 FOR MT3DMS
 BY THE LINK-MT3DMS PACKAGE V6.3 AT TIME STEP    2, STRESS PERIOD   17


 HEAD WILL BE SAVED ON UNIT   30 AT END OF TIME STEP   2, STRESS PERIOD   17
1
  VOLUMETRIC BUDGET FOR ENTIRE MODEL AT END OF TIME STEP  2 IN STRESS PERIOD  17
  ------------------------------------------------------------------------------

     CUMULATIVE VOLUMES      L**3       RATES FOR THIS TIME STEP      L**3/T
     ------------------                 ------------------------

           IN:                                      IN:
           ---                                      ---
             STORAGE =       4.6942E-05               STORAGE =       1.4711E-07
       CONSTANT HEAD =      104924.0234         CONSTANT HEAD =         308.6000
               WELLS =         680.0000                 WELLS =           2.0000

            TOTAL IN =      105604.0234              TOTAL IN =         310.6000

          OUT:                                     OUT:
          ----                                     ----
             STORAGE =       4.6666E-05               STORAGE =       1.4540E-07
       CONSTANT HEAD =      105603.9922         CONSTANT HEAD =         310.6000
               WELLS =           0.0000                 WELLS =           0.0000

           TOTAL OUT =      105603.9922             TOTAL OUT =         310.6000

            IN - OUT =       3.1250E-02              IN - OUT =           0.0000

 PERCENT DISCREPANCY =           0.00     PERCENT DISCREPANCY =           0.00






          TIME SUMMARY AT END OF TIME STEP   2 IN STRESS PERIOD   17
                    SECONDS     MINUTES      HOURS       DAYS        YEARS
                    -----------------------------------------------------------
   TIME STEP LENGTH 8.64000E+05  14400.      240.00      10.000     2.73785E-02
 STRESS PERIOD TIME 1.72800E+06  28800.      480.00      20.000     5.47570E-02
         TOTAL TIME 2.93760E+07 4.89600E+05  8160.0      340.00     0.93087    
1
1
                            STRESS PERIOD NO.   18, LENGTH =   20.00000    
                            -----------------------------------------------

                              NUMBER OF TIME STEPS =     2

                               MULTIPLIER FOR DELT =     1.000

                            INITIAL TIME STEP SIZE =   10.00000    

 WELL NO.  LAYER   ROW   COL   STRESS RATE         
 --------------------------------------------------
      1      1     16     16       2.000    

      1 WELL
 
 SOLVING FOR HEAD 

 NO OUTPUT CONTROL FOR STRESS PERIOD   18   TIME STEP   1

 SAVING SATURATED THICKNESS AND FLOW TERMS ON UNIT  333 FOR MT3DMS
 BY THE LINK-MT3DMS PACKAGE V6.3 AT TIME STEP    1, STRESS PERIOD   18

 
 SOLVING FOR HEAD 

 OUTPUT CONTROL FOR STRESS PERIOD   18   TIME STEP   2
    SAVE HEAD FOR ALL LAYERS
    SAVE BUDGET
 UBDSV1 SAVING "         STORAGE" ON UNIT  31 AT TIME STEP  2, STRESS PERIOD  18
 UBDSV2 SAVING "   CONSTANT HEAD" ON UNIT  31 AT TIME STEP  2, STRESS PERIOD  18
 UBDSV1 SAVING "FLOW RIGHT FACE " ON UNIT  31 AT TIME STEP  2, STRESS PERIOD  18
 UBDSV1 SAVING "FLOW FRONT FACE " ON UNIT  31 AT TIME STEP  2, STRESS PERIOD  18
 UBDSV4 SAVING "           WELLS" ON UNIT  31 AT TIME STEP  2, STRESS PERIOD  18

 SAVING SATURATED THICKNESS AND FLOW TERMS ON UNIT  333 FOR MT3DMS
 BY THE LINK-MT3DMS PACKAGE V6.3 AT TIME STEP    2, STRESS PERIOD   18


 HEAD WILL BE SAVED ON UNIT   30 AT END OF TIME STEP   2, STRESS PERIOD   18
1
  VOLUMETRIC BUDGET FOR ENTIRE MODEL AT END OF TIME STEP  2 IN STRESS PERIOD  18
  ------------------------------------------------------------------------------

     CUMULATIVE VOLUMES      L**3       RATES FOR THIS TIME STEP      L**3/T
     ------------------                 ------------------------

           IN:                                      IN:
           ---                                      ---
             STORAGE =       4.9883E-05               STORAGE =       1.4712E-07
       CONSTANT HEAD =      111096.0234         CONSTANT HEAD =         308.6000
               WELLS =         720.0000                 WELLS =           2.0000

            TOTAL IN =      111816.0234              TOTAL IN =         310.6000

          OUT:                                     OUT:
          ----                                     ----
             STORAGE =       4.9575E-05               STORAGE =       1.4539E-07
       CONSTANT HEAD =      111815.9922         CONSTANT HEAD =         310.6000
               WELLS =           0.0000                 WELLS =           0.0000

           TOTAL OUT =      111815.9922             TOTAL OUT =         310.6000

            IN - OUT =       3.1250E-02              IN - OUT =           0.0000

 PERCENT DISCREPANCY =           0.00     PERCENT DISCREPANCY =           0.00






          TIME SUMMARY AT END OF TIME STEP   2 IN STRESS PERIOD   18
                    SECONDS     MINUTES      HOURS       DAYS        YEARS
                    -----------------------------------------------------------
   TIME STEP LENGTH 8.64000E+05  14400.      240.00      10.000     2.73785E-02
 STRESS PERIOD TIME 1.72800E+06  28800.      480.00      20.000     5.47570E-02
         TOTAL TIME 3.11040E+07 5.18400E+05  8640.0      360.00     0.98563    
1
1
                            STRESS PERIOD NO.   19, LENGTH =   20.00000    
                            -----------------------------------------------

                              NUMBER OF TIME STEPS =     2

                               MULTIPLIER FOR DELT =     1.000

                            INITIAL TIME STEP SIZE =   10.00000    

 WELL NO.  LAYER   ROW   COL   STRESS RATE         
 --------------------------------------------------
      1      1     16     16       2.000    

      1 WELL
 
 SOLVING FOR HEAD 

 NO OUTPUT CONTROL FOR STRESS PERIOD   19   TIME STEP   1

 SAVING SATURATED THICKNESS AND FLOW TERMS ON UNIT  333 FOR MT3DMS
 BY THE LINK-MT3DMS PACKAGE V6.3 AT TIME STEP    1, STRESS PERIOD   19

 
 SOLVING FOR HEAD 

 OUTPUT CONTROL FOR STRESS PERIOD   19   TIME STEP   2
    SAVE HEAD FOR ALL LAYERS
    SAVE BUDGET
 UBDSV1 SAVING "         STORAGE" ON UNIT  31 AT TIME STEP  2, STRESS PERIOD  19
 UBDSV2 SAVING "   CONSTANT HEAD" ON UNIT  31 AT TIME STEP  2, STRESS PERIOD  19
 UBDSV1 SAVING "FLOW RIGHT FACE " ON UNIT  31 AT TIME STEP  2, STRESS PERIOD  19
 UBDSV1 SAVING "FLOW FRONT FACE " ON UNIT  31 AT TIME STEP  2, STRESS PERIOD  19
 UBDSV4 SAVING "           WELLS" ON UNIT  31 AT TIME STEP  2, STRESS PERIOD  19

 SAVING SATURATED THICKNESS AND FLOW TERMS ON UNIT  333 FOR MT3DMS
 BY THE LINK-MT3DMS PACKAGE V6.3 AT TIME STEP    2, STRESS PERIOD   19


 HEAD WILL BE SAVED ON UNIT   30 AT END OF TIME STEP   2, STRESS PERIOD   19
1
  VOLUMETRIC BUDGET FOR ENTIRE MODEL AT END OF TIME STEP  2 IN STRESS PERIOD  19
  ------------------------------------------------------------------------------

     CUMULATIVE VOLUMES      L**3       RATES FOR THIS TIME STEP      L**3/T
     ------------------                 ------------------------

           IN:                                      IN:
           ---                                      ---
             STORAGE =       5.2825E-05               STORAGE =       1.4713E-07
       CONSTANT HEAD =      117268.0234         CONSTANT HEAD =         308.6000
               WELLS =         760.0000                 WELLS =           2.0000

            TOTAL IN =      118028.0234              TOTAL IN =         310.6000

          OUT:                                     OUT:
          ----                                     ----
             STORAGE =       5.2485E-05               STORAGE =       1.4539E-07
       CONSTANT HEAD =      118027.9922         CONSTANT HEAD =         310.6000
               WELLS =           0.0000                 WELLS =           0.0000

           TOTAL OUT =      118027.9922             TOTAL OUT =         310.6000

            IN - OUT =       3.1250E-02              IN - OUT =           0.0000

 PERCENT DISCREPANCY =           0.00     PERCENT DISCREPANCY =           0.00






          TIME SUMMARY AT END OF TIME STEP   2 IN STRESS PERIOD   19
                    SECONDS     MINUTES      HOURS       DAYS        YEARS
                    -----------------------------------------------------------
   TIME STEP LENGTH 8.64000E+05  14400.      240.00      10.000     2.73785E-02
 STRESS PERIOD TIME 1.72800E+06  28800.      480.00      20.000     5.47570E-02
         TOTAL TIME 3.28320E+07 5.47200E+05  9120.0      380.00      1.0404    
1
1
                            STRESS PERIOD NO.   20, LENGTH =   20.00000    
                            -----------------------------------------------

                              NUMBER OF TIME STEPS =     2

                               MULTIPLIER FOR DELT =     1.000

                            INITIAL TIME STEP SIZE =   10.00000    

 WELL NO.  LAYER   ROW   COL   STRESS RATE         
 --------------------------------------------------
      1      1     16     16       2.000    

      1 WELL
 
 SOLVING FOR HEAD 

 NO OUTPUT CONTROL FOR STRESS PERIOD   20   TIME STEP   1

 SAVING SATURATED THICKNESS AND FLOW TERMS ON UNIT  333 FOR MT3DMS
 BY THE LINK-MT3DMS PACKAGE V6.3 AT TIME STEP    1, STRESS PERIOD   20

 
 SOLVING FOR HEAD 

 OUTPUT CONTROL FOR STRESS PERIOD   20   TIME STEP   2
    SAVE HEAD FOR ALL LAYERS
    SAVE BUDGET
 UBDSV1 SAVING "         STORAGE" ON UNIT  31 AT TIME STEP  2, STRESS PERIOD  20
 UBDSV2 SAVING "   CONSTANT HEAD" ON UNIT  31 AT TIME STEP  2, STRESS PERIOD  20
 UBDSV1 SAVING "FLOW RIGHT FACE " ON UNIT  31 AT TIME STEP  2, STRESS PERIOD  20
 UBDSV1 SAVING "FLOW FRONT FACE " ON UNIT  31 AT TIME STEP  2, STRESS PERIOD  20
 UBDSV4 SAVING "           WELLS" ON UNIT  31 AT TIME STEP  2, STRESS PERIOD  20

 SAVING SATURATED THICKNESS AND FLOW TERMS ON UNIT  333 FOR MT3DMS
 BY THE LINK-MT3DMS PACKAGE V6.3 AT TIME STEP    2, STRESS PERIOD   20


 HEAD WILL BE SAVED ON UNIT   30 AT END OF TIME STEP   2, STRESS PERIOD   20
1
  VOLUMETRIC BUDGET FOR ENTIRE MODEL AT END OF TIME STEP  2 IN STRESS PERIOD  20
  ------------------------------------------------------------------------------

     CUMULATIVE VOLUMES      L**3       RATES FOR THIS TIME STEP      L**3/T
     ------------------                 ------------------------

           IN:                                      IN:
           ---                                      ---
             STORAGE =       5.5766E-05               STORAGE =       1.4714E-07
       CONSTANT HEAD =      123440.0234         CONSTANT HEAD =         308.6000
               WELLS =         800.0000                 WELLS =           2.0000

            TOTAL IN =      124240.0234              TOTAL IN =         310.6000

          OUT:                                     OUT:
          ----                                     ----
             STORAGE =       5.5393E-05               STORAGE =       1.4538E-07
       CONSTANT HEAD =      124239.9922         CONSTANT HEAD =         310.6000
               WELLS =           0.0000                 WELLS =           0.0000

           TOTAL OUT =      124239.9922             TOTAL OUT =         310.6000

            IN - OUT =       3.1250E-02              IN - OUT =           0.0000

 PERCENT DISCREPANCY =           0.00     PERCENT DISCREPANCY =           0.00






          TIME SUMMARY AT END OF TIME STEP   2 IN STRESS PERIOD   20
                    SECONDS     MINUTES      HOURS       DAYS        YEARS
                    -----------------------------------------------------------
   TIME STEP LENGTH 8.64000E+05  14400.      240.00      10.000     2.73785E-02
 STRESS PERIOD TIME 1.72800E+06  28800.      480.00      20.000     5.47570E-02
         TOTAL TIME 3.45600E+07 5.76000E+05  9600.0      400.00      1.0951    
1
1
                            STRESS PERIOD NO.   21, LENGTH =   20.00000    
                            -----------------------------------------------

                              NUMBER OF TIME STEPS =     2

                               MULTIPLIER FOR DELT =     1.000

                            INITIAL TIME STEP SIZE =   10.00000    

 WELL NO.  LAYER   ROW   COL   STRESS RATE         
 --------------------------------------------------
      1      1     16     16       2.000    

      1 WELL
 
 SOLVING FOR HEAD 

 NO OUTPUT CONTROL FOR STRESS PERIOD   21   TIME STEP   1

 SAVING SATURATED THICKNESS AND FLOW TERMS ON UNIT  333 FOR MT3DMS
 BY THE LINK-MT3DMS PACKAGE V6.3 AT TIME STEP    1, STRESS PERIOD   21

 
 SOLVING FOR HEAD 

 OUTPUT CONTROL FOR STRESS PERIOD   21   TIME STEP   2
    SAVE HEAD FOR ALL LAYERS
    SAVE BUDGET
 UBDSV1 SAVING "         STORAGE" ON UNIT  31 AT TIME STEP  2, STRESS PERIOD  21
 UBDSV2 SAVING "   CONSTANT HEAD" ON UNIT  31 AT TIME STEP  2, STRESS PERIOD  21
 UBDSV1 SAVING "FLOW RIGHT FACE " ON UNIT  31 AT TIME STEP  2, STRESS PERIOD  21
 UBDSV1 SAVING "FLOW FRONT FACE " ON UNIT  31 AT TIME STEP  2, STRESS PERIOD  21
 UBDSV4 SAVING "           WELLS" ON UNIT  31 AT TIME STEP  2, STRESS PERIOD  21

 SAVING SATURATED THICKNESS AND FLOW TERMS ON UNIT  333 FOR MT3DMS
 BY THE LINK-MT3DMS PACKAGE V6.3 AT TIME STEP    2, STRESS PERIOD   21


 HEAD WILL BE SAVED ON UNIT   30 AT END OF TIME STEP   2, STRESS PERIOD   21
1
  VOLUMETRIC BUDGET FOR ENTIRE MODEL AT END OF TIME STEP  2 IN STRESS PERIOD  21
  ------------------------------------------------------------------------------

     CUMULATIVE VOLUMES      L**3       RATES FOR THIS TIME STEP      L**3/T
     ------------------                 ------------------------

           IN:                                      IN:
           ---                                      ---
             STORAGE =       5.8708E-05               STORAGE =       1.4714E-07
       CONSTANT HEAD =      129612.0234         CONSTANT HEAD =         308.6000
               WELLS =         840.0000                 WELLS =           2.0000

            TOTAL IN =      130452.0234              TOTAL IN =         310.6000

          OUT:                                     OUT:
          ----                                     ----
             STORAGE =       5.8302E-05               STORAGE =       1.4538E-07
       CONSTANT HEAD =      130451.9922         CONSTANT HEAD =         310.6000
               WELLS =           0.0000                 WELLS =           0.0000

           TOTAL OUT =      130451.9922             TOTAL OUT =         310.6000

            IN - OUT =       3.1250E-02              IN - OUT =           0.0000

 PERCENT DISCREPANCY =           0.00     PERCENT DISCREPANCY =           0.00






          TIME SUMMARY AT END OF TIME STEP   2 IN STRESS PERIOD   21
                    SECONDS     MINUTES      HOURS       DAYS        YEARS
                    -----------------------------------------------------------
   TIME STEP LENGTH 8.64000E+05  14400.      240.00      10.000     2.73785E-02
 STRESS PERIOD TIME 1.72800E+06  28800.      480.00      20.000     5.47570E-02
         TOTAL TIME 3.62880E+07 6.04800E+05  10080.      420.00      1.1499    
1
1
                            STRESS PERIOD NO.   22, LENGTH =   20.00000    
                            -----------------------------------------------

                              NUMBER OF TIME STEPS =     2

                               MULTIPLIER FOR DELT =     1.000

                            INITIAL TIME STEP SIZE =   10.00000    

 WELL NO.  LAYER   ROW   COL   STRESS RATE         
 --------------------------------------------------
      1      1     16     16       2.000    

      1 WELL
 
 SOLVING FOR HEAD 

 NO OUTPUT CONTROL FOR STRESS PERIOD   22   TIME STEP   1

 SAVING SATURATED THICKNESS AND FLOW TERMS ON UNIT  333 FOR MT3DMS
 BY THE LINK-MT3DMS PACKAGE V6.3 AT TIME STEP    1, STRESS PERIOD   22

 
 SOLVING FOR HEAD 

 OUTPUT CONTROL FOR STRESS PERIOD   22   TIME STEP   2
    SAVE HEAD FOR ALL LAYERS
    SAVE BUDGET
 UBDSV1 SAVING "         STORAGE" ON UNIT  31 AT TIME STEP  2, STRESS PERIOD  22
 UBDSV2 SAVING "   CONSTANT HEAD" ON UNIT  31 AT TIME STEP  2, STRESS PERIOD  22
 UBDSV1 SAVING "FLOW RIGHT FACE " ON UNIT  31 AT TIME STEP  2, STRESS PERIOD  22
 UBDSV1 SAVING "FLOW FRONT FACE " ON UNIT  31 AT TIME STEP  2, STRESS PERIOD  22
 UBDSV4 SAVING "           WELLS" ON UNIT  31 AT TIME STEP  2, STRESS PERIOD  22

 SAVING SATURATED THICKNESS AND FLOW TERMS ON UNIT  333 FOR MT3DMS
 BY THE LINK-MT3DMS PACKAGE V6.3 AT TIME STEP    2, STRESS PERIOD   22


 HEAD WILL BE SAVED ON UNIT   30 AT END OF TIME STEP   2, STRESS PERIOD   22
1
  VOLUMETRIC BUDGET FOR ENTIRE MODEL AT END OF TIME STEP  2 IN STRESS PERIOD  22
  ------------------------------------------------------------------------------

     CUMULATIVE VOLUMES      L**3       RATES FOR THIS TIME STEP      L**3/T
     ------------------                 ------------------------

           IN:                                      IN:
           ---                                      ---
             STORAGE =       6.1650E-05               STORAGE =       1.4715E-07
       CONSTANT HEAD =      135784.0312         CONSTANT HEAD =         308.6000
               WELLS =         880.0000                 WELLS =           2.0000

            TOTAL IN =      136664.0312              TOTAL IN =         310.6000

          OUT:                                     OUT:
          ----                                     ----
             STORAGE =       6.1210E-05               STORAGE =       1.4538E-07
       CONSTANT HEAD =      136663.9844         CONSTANT HEAD =         310.6000
               WELLS =           0.0000                 WELLS =           0.0000

           TOTAL OUT =      136663.9844             TOTAL OUT =         310.6000

            IN - OUT =       4.6875E-02              IN - OUT =           0.0000

 PERCENT DISCREPANCY =           0.00     PERCENT DISCREPANCY =           0.00






          TIME SUMMARY AT END OF TIME STEP   2 IN STRESS PERIOD   22
                    SECONDS     MINUTES      HOURS       DAYS        YEARS
                    -----------------------------------------------------------
   TIME STEP LENGTH 8.64000E+05  14400.      240.00      10.000     2.73785E-02
 STRESS PERIOD TIME 1.72800E+06  28800.      480.00      20.000     5.47570E-02
         TOTAL TIME 3.80160E+07 6.33600E+05  10560.      440.00      1.2047    
1
1
                            STRESS PERIOD NO.   23, LENGTH =   20.00000    
                            -----------------------------------------------

                              NUMBER OF TIME STEPS =     2

                               MULTIPLIER FOR DELT =     1.000

                            INITIAL TIME STEP SIZE =   10.00000    

 WELL NO.  LAYER   ROW   COL   STRESS RATE         
 --------------------------------------------------
      1      1     16     16       2.000    

      1 WELL
 
 SOLVING FOR HEAD 

 NO OUTPUT CONTROL FOR STRESS PERIOD   23   TIME STEP   1

 SAVING SATURATED THICKNESS AND FLOW TERMS ON UNIT  333 FOR MT3DMS
 BY THE LINK-MT3DMS PACKAGE V6.3 AT TIME STEP    1, STRESS PERIOD   23

 
 SOLVING FOR HEAD 

 OUTPUT CONTROL FOR STRESS PERIOD   23   TIME STEP   2
    SAVE HEAD FOR ALL LAYERS
    SAVE BUDGET
 UBDSV1 SAVING "         STORAGE" ON UNIT  31 AT TIME STEP  2, STRESS PERIOD  23
 UBDSV2 SAVING "   CONSTANT HEAD" ON UNIT  31 AT TIME STEP  2, STRESS PERIOD  23
 UBDSV1 SAVING "FLOW RIGHT FACE " ON UNIT  31 AT TIME STEP  2, STRESS PERIOD  23
 UBDSV1 SAVING "FLOW FRONT FACE " ON UNIT  31 AT TIME STEP  2, STRESS PERIOD  23
 UBDSV4 SAVING "           WELLS" ON UNIT  31 AT TIME STEP  2, STRESS PERIOD  23

 SAVING SATURATED THICKNESS AND FLOW TERMS ON UNIT  333 FOR MT3DMS
 BY THE LINK-MT3DMS PACKAGE V6.3 AT TIME STEP    2, STRESS PERIOD   23


 HEAD WILL BE SAVED ON UNIT   30 AT END OF TIME STEP   2, STRESS PERIOD   23
1
  VOLUMETRIC BUDGET FOR ENTIRE MODEL AT END OF TIME STEP  2 IN STRESS PERIOD  23
  ------------------------------------------------------------------------------

     CUMULATIVE VOLUMES      L**3       RATES FOR THIS TIME STEP      L**3/T
     ------------------                 ------------------------

           IN:                                      IN:
           ---                                      ---
             STORAGE =       6.4593E-05               STORAGE =       1.4715E-07
       CONSTANT HEAD =      141956.0312         CONSTANT HEAD =         308.6000
               WELLS =         920.0000                 WELLS =           2.0000

            TOTAL IN =      142876.0312              TOTAL IN =         310.6000

          OUT:                                     OUT:
          ----                                     ----
             STORAGE =       6.4118E-05               STORAGE =       1.4537E-07
       CONSTANT HEAD =      142875.9844         CONSTANT HEAD =         310.6000
               WELLS =           0.0000                 WELLS =           0.0000

           TOTAL OUT =      142875.9844             TOTAL OUT =         310.6000

            IN - OUT =       4.6875E-02              IN - OUT =           0.0000

 PERCENT DISCREPANCY =           0.00     PERCENT DISCREPANCY =           0.00






          TIME SUMMARY AT END OF TIME STEP   2 IN STRESS PERIOD   23
                    SECONDS     MINUTES      HOURS       DAYS        YEARS
                    -----------------------------------------------------------
   TIME STEP LENGTH 8.64000E+05  14400.      240.00      10.000     2.73785E-02
 STRESS PERIOD TIME 1.72800E+06  28800.      480.00      20.000     5.47570E-02
         TOTAL TIME 3.97440E+07 6.62400E+05  11040.      460.00      1.2594    
1
1
                            STRESS PERIOD NO.   24, LENGTH =   20.00000    
                            -----------------------------------------------

                              NUMBER OF TIME STEPS =     2

                               MULTIPLIER FOR DELT =     1.000

                            INITIAL TIME STEP SIZE =   10.00000    

 WELL NO.  LAYER   ROW   COL   STRESS RATE         
 --------------------------------------------------
      1      1     16     16       2.000    

      1 WELL
 
 SOLVING FOR HEAD 

 NO OUTPUT CONTROL FOR STRESS PERIOD   24   TIME STEP   1

 SAVING SATURATED THICKNESS AND FLOW TERMS ON UNIT  333 FOR MT3DMS
 BY THE LINK-MT3DMS PACKAGE V6.3 AT TIME STEP    1, STRESS PERIOD   24

 
 SOLVING FOR HEAD 

 OUTPUT CONTROL FOR STRESS PERIOD   24   TIME STEP   2
    SAVE HEAD FOR ALL LAYERS
    SAVE BUDGET
 UBDSV1 SAVING "         STORAGE" ON UNIT  31 AT TIME STEP  2, STRESS PERIOD  24
 UBDSV2 SAVING "   CONSTANT HEAD" ON UNIT  31 AT TIME STEP  2, STRESS PERIOD  24
 UBDSV1 SAVING "FLOW RIGHT FACE " ON UNIT  31 AT TIME STEP  2, STRESS PERIOD  24
 UBDSV1 SAVING "FLOW FRONT FACE " ON UNIT  31 AT TIME STEP  2, STRESS PERIOD  24
 UBDSV4 SAVING "           WELLS" ON UNIT  31 AT TIME STEP  2, STRESS PERIOD  24

 SAVING SATURATED THICKNESS AND FLOW TERMS ON UNIT  333 FOR MT3DMS
 BY THE LINK-MT3DMS PACKAGE V6.3 AT TIME STEP    2, STRESS PERIOD   24


 HEAD WILL BE SAVED ON UNIT   30 AT END OF TIME STEP   2, STRESS PERIOD   24
1
  VOLUMETRIC BUDGET FOR ENTIRE MODEL AT END OF TIME STEP  2 IN STRESS PERIOD  24
  ------------------------------------------------------------------------------

     CUMULATIVE VOLUMES      L**3       RATES FOR THIS TIME STEP      L**3/T
     ------------------                 ------------------------

           IN:                                      IN:
           ---                                      ---
             STORAGE =       6.7535E-05               STORAGE =       1.4715E-07
       CONSTANT HEAD =      148128.0312         CONSTANT HEAD =         308.6000
               WELLS =         960.0000                 WELLS =           2.0000

            TOTAL IN =      149088.0312              TOTAL IN =         310.6000

          OUT:                                     OUT:
          ----                                     ----
             STORAGE =       6.7026E-05               STORAGE =       1.4537E-07
       CONSTANT HEAD =      149087.9844         CONSTANT HEAD =         310.6000
               WELLS =           0.0000                 WELLS =           0.0000

           TOTAL OUT =      149087.9844             TOTAL OUT =         310.6000

            IN - OUT =       4.6875E-02              IN - OUT =           0.0000

 PERCENT DISCREPANCY =           0.00     PERCENT DISCREPANCY =           0.00






          TIME SUMMARY AT END OF TIME STEP   2 IN STRESS PERIOD   24
                    SECONDS     MINUTES      HOURS       DAYS        YEARS
                    -----------------------------------------------------------
   TIME STEP LENGTH 8.64000E+05  14400.      240.00      10.000     2.73785E-02
 STRESS PERIOD TIME 1.72800E+06  28800.      480.00      20.000     5.47570E-02
         TOTAL TIME 4.14720E+07 6.91200E+05  11520.      480.00      1.3142    
1
1
                            STRESS PERIOD NO.   25, LENGTH =   20.00000    
                            -----------------------------------------------

                              NUMBER OF TIME STEPS =     2

                               MULTIPLIER FOR DELT =     1.000

                            INITIAL TIME STEP SIZE =   10.00000    

 WELL NO.  LAYER   ROW   COL   STRESS RATE         
 --------------------------------------------------
      1      1     16     16       2.000    

      1 WELL
 
 SOLVING FOR HEAD 

 NO OUTPUT CONTROL FOR STRESS PERIOD   25   TIME STEP   1

 SAVING SATURATED THICKNESS AND FLOW TERMS ON UNIT  333 FOR MT3DMS
 BY THE LINK-MT3DMS PACKAGE V6.3 AT TIME STEP    1, STRESS PERIOD   25

 
 SOLVING FOR HEAD 

 OUTPUT CONTROL FOR STRESS PERIOD   25   TIME STEP   2
    SAVE HEAD FOR ALL LAYERS
    SAVE BUDGET
 UBDSV1 SAVING "         STORAGE" ON UNIT  31 AT TIME STEP  2, STRESS PERIOD  25
 UBDSV2 SAVING "   CONSTANT HEAD" ON UNIT  31 AT TIME STEP  2, STRESS PERIOD  25
 UBDSV1 SAVING "FLOW RIGHT FACE " ON UNIT  31 AT TIME STEP  2, STRESS PERIOD  25
 UBDSV1 SAVING "FLOW FRONT FACE " ON UNIT  31 AT TIME STEP  2, STRESS PERIOD  25
 UBDSV4 SAVING "           WELLS" ON UNIT  31 AT TIME STEP  2, STRESS PERIOD  25

 SAVING SATURATED THICKNESS AND FLOW TERMS ON UNIT  333 FOR MT3DMS
 BY THE LINK-MT3DMS PACKAGE V6.3 AT TIME STEP    2, STRESS PERIOD   25


 HEAD WILL BE SAVED ON UNIT   30 AT END OF TIME STEP   2, STRESS PERIOD   25
1
  VOLUMETRIC BUDGET FOR ENTIRE MODEL AT END OF TIME STEP  2 IN STRESS PERIOD  25
  ------------------------------------------------------------------------------

     CUMULATIVE VOLUMES      L**3       RATES FOR THIS TIME STEP      L**3/T
     ------------------                 ------------------------

           IN:                                      IN:
           ---                                      ---
             STORAGE =       7.0478E-05               STORAGE =       1.4716E-07
       CONSTANT HEAD =      154300.0312         CONSTANT HEAD =         308.6000
               WELLS =        1000.0000                 WELLS =           2.0000

            TOTAL IN =      155300.0312              TOTAL IN =         310.6000

          OUT:                                     OUT:
          ----                                     ----
             STORAGE =       6.9934E-05               STORAGE =       1.4537E-07
       CONSTANT HEAD =      155299.9844         CONSTANT HEAD =         310.6000
               WELLS =           0.0000                 WELLS =           0.0000

           TOTAL OUT =      155299.9844             TOTAL OUT =         310.6000

            IN - OUT =       4.6875E-02              IN - OUT =           0.0000

 PERCENT DISCREPANCY =           0.00     PERCENT DISCREPANCY =           0.00






          TIME SUMMARY AT END OF TIME STEP   2 IN STRESS PERIOD   25
                    SECONDS     MINUTES      HOURS       DAYS        YEARS
                    -----------------------------------------------------------
   TIME STEP LENGTH 8.64000E+05  14400.      240.00      10.000     2.73785E-02
 STRESS PERIOD TIME 1.72800E+06  28800.      480.00      20.000     5.47570E-02
         TOTAL TIME 4.32000E+07 7.20000E+05  12000.      500.00      1.3689    
1
