 LISTING FILE: Pht3d.out
                         UNIT   7

 OPENING ex10_pht3d.flo
 FILE TYPE:FTL   UNIT  66

 OPENING Pht3d.btn
 FILE TYPE:BTN   UNIT  41

 OPENING Pht3d.adv
 FILE TYPE:ADV   UNIT  42

 OPENING Pht3d.dsp
 FILE TYPE:DSP   UNIT  43

 OPENING Pht3d.ssm
 FILE TYPE:SSM   UNIT  44

 OPENING Pht3d.gcg
 FILE TYPE:GCG   UNIT  45

 OPENING Pht3d_ph.dat
 FILE TYPE:PHC   UNIT  64

                              +++++++++++++++++++++++++++++++++++++++++++++++++++++++++++++++++++++++
                              +                                                                     +
                              +                                PHT3D                                +
                              +             A Modular 3D Multi-Species Transport Model              +
                              +    For Simulation of Advection, Dispersion and Chemical Reactions   +
                              +                of Contaminants in Groundwater Systems               +
                              +                                                                     +
                              +++++++++++++++++++++++++++++++++++++++++++++++++++++++++++++++++++++++

  ----- 
 | PHT | #     title                                                                     
 | 3 D | #     title                                                                     
  ----- 
 THE TRANSPORT MODEL CONSISTS OF     1 LAYER(S)   40 ROW(S)   80 COLUMN(S)
 NUMBER OF STRESS PERIOD(S) FOR TRANSPORT SIMULATION =    1
 NUMBER OF ALL COMPONENTS INCLUDED IN SIMULATION =   32
 NUMBER OF MOBILE COMPONENTS INCLUDED IN SIMULATION =   23
 UNIT FOR TIME IS     ;  UNIT FOR LENGTH IS     ;  UNIT FOR MASS IS  0  
 OPTIONAL PACKAGES INCLUDED IN CURRENT SIMULATION:
  o ADV   ON UNIT 42
  o DSP   ON UNIT 43
  o SSM   ON UNIT 44
  o GCG   ON UNIT 45
  o PHC   ON UNIT 64

 BTN5 -- BASIC TRANSPORT PACKAGE, VERSION 5, FEBRUARY 2010, INPUT READ FROM UNIT 41
     646640 ELEMENTS OF THE  X ARRAY USED BY THE BTN PACKAGE
     102401 ELEMENTS OF THE IX ARRAY USED BY THE BTN PACKAGE

 FMI5 -- FLOW MODEL INTERFACE PACKAGE, VERSION 5, FEBRUARY 2010, INPUT READ FROM UNIT 66
 FLOW MODEL IS STEADY-STATE
 FLOW MODEL CONTAINS CONSTANT-HEAD CELLS

 ADV5 -- ADVECTION PACKAGE, VERSION 5, FEBRUARY 2010, INPUT READ FROM UNIT 42
 ADVECTION IS SOLVED WITH THE [MMOC] SCHEME
 COURANT NUMBER ALLOWED IN SOLVING THE ADVECTION TERM = 0.750    
    4600000 ELEMENTS OF THE  X ARRAY USED BY THE ADV PACKAGE
    2373600 ELEMENTS OF THE IX ARRAY USED BY THE ADV PACKAGE

 DSP5 -- DISPERSION PACKAGE, VERSION 5, FEBRUARY 2010, INPUT READ FROM UNIT 43
     316802 ELEMENTS OF THE  X ARRAY USED BY THE DSP PACKAGE
          0 ELEMENTS OF THE IX ARRAY USED BY THE DSP PACKAGE

 SSM5 -- SINK & SOURCE MIXING PACKAGE, VERSION 5, FEBRUARY 2010, INPUT READ FROM UNIT 44
 HEADER LINE OF THE SSM PACKAGE INPUT FILE:
  T F F F F F                                                                                                                                                                                            
 MAJOR STRESS COMPONENTS PRESENT IN THE FLOW MODEL:
 MAXIMUM NUMBER OF POINT SINKS/SOURCES =     120
       5280 ELEMENTS OF THE  X ARRAY USED BY THE SSM PACKAGE
          0 ELEMENTS OF THE IX ARRAY BY THE SSM PACKAGE

 GCG5 -- GENERALIZED CONJUGATE GRADIENT SOLVER PACKAGE, VERSION 5, FEBRUARY 2010 INPUT READ FROM UNIT 45
 MAXIMUM OF    1 OUTER ITERATIONS
        AND   40 INNER ITERATIONS ALLOWED FOR CLOSURE
 THE PRECONDITIONING TYPE SELECTED IS SSOR.
 DISPERSION CROSS TERMS LUMPED INTO RIGHT-HAND-SIDE
      48040 ELEMENTS OF THE  X ARRAY USED BY THE GCG PACKAGE
        120 ELEMENTS OF THE IX ARRAY USED BY THE GCG PACKAGE

 PHC1 -- PHREEQC REACTION PACKAGE, VERSION 1, JUNE 2007 INPUT READ FROM UNIT 64
     409600 ELEMENTS OF THE  X ARRAY USED BY THE PHC PACKAGE
       3200 ELEMENTS OF THE IX ARRAY USED BY THE PHC PACKAGE

 ..........................................
 ELEMENTS OF THE  X ARRAY USED =   6026363
 ELEMENTS OF THE IX ARRAY USED =   2479322
 ..........................................

 LAYER NUMBER  AQUIFER TYPE
 ------------  ------------
       1            1
                                       WIDTH ALONG ROWS (DELR)  =   2.500000    
                                       WIDTH ALONG COLS (DELC)  =   1.250000    
                                       TOP ELEV. OF 1ST LAYER   =   10.00000    
                                       CELL THICKNESS (DZ)      =   10.00000     FOR LAYER  1
                                       POROSITY                 =  0.3000000     FOR LAYER  1
                                       CONCN. BOUNDARY ARRAY    =              1 FOR LAYER  1
                                       INITIAL CONC.: COMP.  01 =   0.000000     FOR LAYER  1
                                       INITIAL CONC.: COMP.  02 =   0.000000     FOR LAYER  1
                                       INITIAL CONC.: COMP.  03 =   0.000000     FOR LAYER  1
                                       INITIAL CONC.: COMP.  04 =   0.000000     FOR LAYER  1
                                       INITIAL CONC.: COMP.  05 =  0.5000000E-03 FOR LAYER  1
                                       INITIAL CONC.: COMP.  06 =  0.4209000E-02 FOR LAYER  1
                                       INITIAL CONC.: COMP.  07 =  0.2648000E-02 FOR LAYER  1
                                       INITIAL CONC.: COMP.  08 =  0.4610000E-02 FOR LAYER  1
                                       INITIAL CONC.: COMP.  09 =  0.4630000E-03 FOR LAYER  1
                                       INITIAL CONC.: COMP.  10 =  0.1990000E-21 FOR LAYER  1
                                       INITIAL CONC.: COMP.  11 =  0.6970000E-13 FOR LAYER  1
                                       INITIAL CONC.: COMP.  12 =  0.1270000E-06 FOR LAYER  1
                                       INITIAL CONC.: COMP.  13 =  0.5412000E-02 FOR LAYER  1
                                       INITIAL CONC.: COMP.  14 =  0.9592000E-02 FOR LAYER  1
                                       INITIAL CONC.: COMP.  15 =   0.000000     FOR LAYER  1
                                       INITIAL CONC.: COMP.  16 =  0.3034000E-02 FOR LAYER  1
                                       INITIAL CONC.: COMP.  17 =   0.000000     FOR LAYER  1
                                       INITIAL CONC.: COMP.  18 =  0.4308000E-05 FOR LAYER  1
                                       INITIAL CONC.: COMP.  19 =   0.000000     FOR LAYER  1
                                       INITIAL CONC.: COMP.  20 =   0.000000     FOR LAYER  1
                                       INITIAL CONC.: COMP.  21 =   6.770000     FOR LAYER  1
                                       INITIAL CONC.: COMP.  22 =   13.85000     FOR LAYER  1

                     INITIAL CONC.: COMP.  23 FOR LAYER  1 READ ON UNIT 41 USING FORMAT: "  (80G13.5) #Benzna "
                     ------------------------------------------------------------------------------------------

            1           2           3           4           5           6           7           8           9          10
           11          12          13          14          15          16          17          18          19          20
           21          22          23          24          25          26          27          28          29          30
           31          32          33          34          35          36          37          38          39          40
           41          42          43          44          45          46          47          48          49          50
           51          52          53          54          55          56          57          58          59          60
           61          62          63          64          65          66          67          68          69          70
           71          72          73          74          75          76          77          78          79          80
 .............................................................................................................................
   1    0.000       0.000       0.000       0.000       0.000       0.000       0.000       0.000       0.000       0.000    
        0.000       0.000       0.000       0.000       0.000       0.000       0.000       0.000       0.000       0.000    
        0.000       0.000       0.000       0.000       0.000       0.000       0.000       0.000       0.000       0.000    
        0.000       0.000       0.000       0.000       0.000       0.000       0.000       0.000       0.000       0.000    
        0.000       0.000       0.000       0.000       0.000       0.000       0.000       0.000       0.000       0.000    
        0.000       0.000       0.000       0.000       0.000       0.000       0.000       0.000       0.000       0.000    
        0.000       0.000       0.000       0.000       0.000       0.000       0.000       0.000       0.000       0.000    
        0.000       0.000       0.000       0.000       0.000       0.000       0.000       0.000       0.000       0.000    
   2    0.000       0.000       0.000       0.000       0.000       0.000       0.000       0.000       0.000       0.000    
        0.000       0.000       0.000       0.000       0.000       0.000       0.000       0.000       0.000       0.000    
        0.000       0.000       0.000       0.000       0.000       0.000       0.000       0.000       0.000       0.000    
        0.000       0.000       0.000       0.000       0.000       0.000       0.000       0.000       0.000       0.000    
        0.000       0.000       0.000       0.000       0.000       0.000       0.000       0.000       0.000       0.000    
        0.000       0.000       0.000       0.000       0.000       0.000       0.000       0.000       0.000       0.000    
        0.000       0.000       0.000       0.000       0.000       0.000       0.000       0.000       0.000       0.000    
        0.000       0.000       0.000       0.000       0.000       0.000       0.000       0.000       0.000       0.000    
   3    0.000       0.000       0.000       0.000       0.000       0.000       0.000       0.000       0.000       0.000    
        0.000       0.000       0.000       0.000       0.000       0.000       0.000       0.000       0.000       0.000    
        0.000       0.000       0.000       0.000       0.000       0.000       0.000       0.000       0.000       0.000    
        0.000       0.000       0.000       0.000       0.000       0.000       0.000       0.000       0.000       0.000    
        0.000       0.000       0.000       0.000       0.000       0.000       0.000       0.000       0.000       0.000    
        0.000       0.000       0.000       0.000       0.000       0.000       0.000       0.000       0.000       0.000    
        0.000       0.000       0.000       0.000       0.000       0.000       0.000       0.000       0.000       0.000    
        0.000       0.000       0.000       0.000       0.000       0.000       0.000       0.000       0.000       0.000    
   4    0.000       0.000       0.000       0.000       0.000       0.000       0.000       0.000       0.000       0.000    
        0.000       0.000       0.000       0.000       0.000       0.000       0.000       0.000       0.000       0.000    
        0.000       0.000       0.000       0.000       0.000       0.000       0.000       0.000       0.000       0.000    
        0.000       0.000       0.000       0.000       0.000       0.000       0.000       0.000       0.000       0.000    
        0.000       0.000       0.000       0.000       0.000       0.000       0.000       0.000       0.000       0.000    
        0.000       0.000       0.000       0.000       0.000       0.000       0.000       0.000       0.000       0.000    
        0.000       0.000       0.000       0.000       0.000       0.000       0.000       0.000       0.000       0.000    
        0.000       0.000       0.000       0.000       0.000       0.000       0.000       0.000       0.000       0.000    
   5    0.000       0.000       0.000       0.000       0.000       0.000       0.000       0.000       0.000       0.000    
        0.000       0.000       0.000       0.000       0.000       0.000       0.000       0.000       0.000       0.000    
        0.000       0.000       0.000       0.000       0.000       0.000       0.000       0.000       0.000       0.000    
        0.000       0.000       0.000       0.000       0.000       0.000       0.000       0.000       0.000       0.000    
        0.000       0.000       0.000       0.000       0.000       0.000       0.000       0.000       0.000       0.000    
        0.000       0.000       0.000       0.000       0.000       0.000       0.000       0.000       0.000       0.000    
        0.000       0.000       0.000       0.000       0.000       0.000       0.000       0.000       0.000       0.000    
        0.000       0.000       0.000       0.000       0.000       0.000       0.000       0.000       0.000       0.000    
   6    0.000       0.000       0.000       0.000       0.000       0.000       0.000       0.000       0.000       0.000    
        0.000       0.000       0.000       0.000       0.000       0.000       0.000       0.000       0.000       0.000    
        0.000       0.000       0.000       0.000       0.000       0.000       0.000       0.000       0.000       0.000    
        0.000       0.000       0.000       0.000       0.000       0.000       0.000       0.000       0.000       0.000    
        0.000       0.000       0.000       0.000       0.000       0.000       0.000       0.000       0.000       0.000    
        0.000       0.000       0.000       0.000       0.000       0.000       0.000       0.000       0.000       0.000    
        0.000       0.000       0.000       0.000       0.000       0.000       0.000       0.000       0.000       0.000    
        0.000       0.000       0.000       0.000       0.000       0.000       0.000       0.000       0.000       0.000    
   7    0.000       0.000       0.000       0.000       0.000       0.000       0.000       0.000       0.000       0.000    
        0.000       0.000       0.000       0.000       0.000       0.000       0.000       0.000       0.000       0.000    
        0.000       0.000       0.000       0.000       0.000       0.000       0.000       0.000       0.000       0.000    
        0.000       0.000       0.000       0.000       0.000       0.000       0.000       0.000       0.000       0.000    
        0.000       0.000       0.000       0.000       0.000       0.000       0.000       0.000       0.000       0.000    
        0.000       0.000       0.000       0.000       0.000       0.000       0.000       0.000       0.000       0.000    
        0.000       0.000       0.000       0.000       0.000       0.000       0.000       0.000       0.000       0.000    
        0.000       0.000       0.000       0.000       0.000       0.000       0.000       0.000       0.000       0.000    
   8    0.000       0.000       0.000       0.000       0.000       0.000       0.000       0.000       0.000       0.000    
        0.000       0.000       0.000       0.000       0.000       0.000       0.000       0.000       0.000       0.000    
        0.000       0.000       0.000       0.000       0.000       0.000       0.000       0.000       0.000       0.000    
        0.000       0.000       0.000       0.000       0.000       0.000       0.000       0.000       0.000       0.000    
        0.000       0.000       0.000       0.000       0.000       0.000       0.000       0.000       0.000       0.000    
        0.000       0.000       0.000       0.000       0.000       0.000       0.000       0.000       0.000       0.000    
        0.000       0.000       0.000       0.000       0.000       0.000       0.000       0.000       0.000       0.000    
        0.000       0.000       0.000       0.000       0.000       0.000       0.000       0.000       0.000       0.000    
   9    0.000       0.000       0.000       0.000       0.000       0.000       0.000       0.000       0.000       0.000    
        0.000       0.000       0.000       0.000       0.000       0.000       0.000       0.000       0.000       0.000    
        0.000       0.000       0.000       0.000       0.000       0.000       0.000       0.000       0.000       0.000    
        0.000       0.000       0.000       0.000       0.000       0.000       0.000       0.000       0.000       0.000    
        0.000       0.000       0.000       0.000       0.000       0.000       0.000       0.000       0.000       0.000    
        0.000       0.000       0.000       0.000       0.000       0.000       0.000       0.000       0.000       0.000    
        0.000       0.000       0.000       0.000       0.000       0.000       0.000       0.000       0.000       0.000    
        0.000       0.000       0.000       0.000       0.000       0.000       0.000       0.000       0.000       0.000    
  10    0.000       0.000       0.000       0.000       0.000       0.000       0.000       0.000       0.000       0.000    
        0.000       0.000       0.000       0.000       0.000       0.000       0.000       0.000       0.000       0.000    
        0.000       0.000       0.000       0.000       0.000       0.000       0.000       0.000       0.000       0.000    
        0.000       0.000       0.000       0.000       0.000       0.000       0.000       0.000       0.000       0.000    
        0.000       0.000       0.000       0.000       0.000       0.000       0.000       0.000       0.000       0.000    
        0.000       0.000       0.000       0.000       0.000       0.000       0.000       0.000       0.000       0.000    
        0.000       0.000       0.000       0.000       0.000       0.000       0.000       0.000       0.000       0.000    
        0.000       0.000       0.000       0.000       0.000       0.000       0.000       0.000       0.000       0.000    
  11    0.000       0.000       0.000       0.000       0.000       0.000       0.000       0.000       0.000       0.000    
        0.000       0.000       0.000       0.000       0.000       0.000       0.000       0.000       0.000       0.000    
        0.000       0.000       0.000       0.000       0.000       0.000       0.000       0.000       0.000       0.000    
        0.000       0.000       0.000       0.000       0.000       0.000       0.000       0.000       0.000       0.000    
        0.000       0.000       0.000       0.000       0.000       0.000       0.000       0.000       0.000       0.000    
        0.000       0.000       0.000       0.000       0.000       0.000       0.000       0.000       0.000       0.000    
        0.000       0.000       0.000       0.000       0.000       0.000       0.000       0.000       0.000       0.000    
        0.000       0.000       0.000       0.000       0.000       0.000       0.000       0.000       0.000       0.000    
  12    0.000       0.000       0.000       0.000       0.000       0.000       0.000       0.000       0.000       0.000    
        0.000       0.000       0.000       0.000       0.000       0.000       0.000       0.000       0.000       0.000    
        0.000       0.000       0.000       0.000       0.000       0.000       0.000       0.000       0.000       0.000    
        0.000       0.000       0.000       0.000       0.000       0.000       0.000       0.000       0.000       0.000    
        0.000       0.000       0.000       0.000       0.000       0.000       0.000       0.000       0.000       0.000    
        0.000       0.000       0.000       0.000       0.000       0.000       0.000       0.000       0.000       0.000    
        0.000       0.000       0.000       0.000       0.000       0.000       0.000       0.000       0.000       0.000    
        0.000       0.000       0.000       0.000       0.000       0.000       0.000       0.000       0.000       0.000    
  13    0.000       0.000       0.000       0.000       0.000       0.000       0.000       0.000       0.000       0.000    
        0.000       0.000       0.000       0.000       0.000       0.000       0.000       0.000       0.000       0.000    
        0.000       0.000       0.000       0.000       0.000       0.000       0.000       0.000       0.000       0.000    
        0.000       0.000       0.000       0.000       0.000       0.000       0.000       0.000       0.000       0.000    
        0.000       0.000       0.000       0.000       0.000       0.000       0.000       0.000       0.000       0.000    
        0.000       0.000       0.000       0.000       0.000       0.000       0.000       0.000       0.000       0.000    
        0.000       0.000       0.000       0.000       0.000       0.000       0.000       0.000       0.000       0.000    
        0.000       0.000       0.000       0.000       0.000       0.000       0.000       0.000       0.000       0.000    
  14    0.000       0.000       0.000       0.000       0.000       0.000      0.2000       0.000       0.000       0.000    
        0.000       0.000       0.000       0.000       0.000       0.000       0.000       0.000       0.000       0.000    
        0.000       0.000       0.000       0.000       0.000       0.000       0.000       0.000       0.000       0.000    
        0.000       0.000       0.000       0.000       0.000       0.000       0.000       0.000       0.000       0.000    
        0.000       0.000       0.000       0.000       0.000       0.000       0.000       0.000       0.000       0.000    
        0.000       0.000       0.000       0.000       0.000       0.000       0.000       0.000       0.000       0.000    
        0.000       0.000       0.000       0.000       0.000       0.000       0.000       0.000       0.000       0.000    
        0.000       0.000       0.000       0.000       0.000       0.000       0.000       0.000       0.000       0.000    
  15    0.000       0.000       0.000       0.000       0.000       0.000      0.2000      0.2000      0.2000      0.2000    
        0.000       0.000       0.000       0.000       0.000       0.000       0.000       0.000       0.000       0.000    
        0.000       0.000       0.000       0.000       0.000       0.000       0.000       0.000       0.000       0.000    
        0.000       0.000       0.000       0.000       0.000       0.000       0.000       0.000       0.000       0.000    
        0.000       0.000       0.000       0.000       0.000       0.000       0.000       0.000       0.000       0.000    
        0.000       0.000       0.000       0.000       0.000       0.000       0.000       0.000       0.000       0.000    
        0.000       0.000       0.000       0.000       0.000       0.000       0.000       0.000       0.000       0.000    
        0.000       0.000       0.000       0.000       0.000       0.000       0.000       0.000       0.000       0.000    
  16    0.000       0.000       0.000       0.000       0.000       0.000      0.2000      0.2000      0.2000      0.2000    
        0.000       0.000       0.000       0.000       0.000       0.000       0.000       0.000       0.000       0.000    
        0.000       0.000       0.000       0.000       0.000       0.000       0.000       0.000       0.000       0.000    
        0.000       0.000       0.000       0.000       0.000       0.000       0.000       0.000       0.000       0.000    
        0.000       0.000       0.000       0.000       0.000       0.000       0.000       0.000       0.000       0.000    
        0.000       0.000       0.000       0.000       0.000       0.000       0.000       0.000       0.000       0.000    
        0.000       0.000       0.000       0.000       0.000       0.000       0.000       0.000       0.000       0.000    
        0.000       0.000       0.000       0.000       0.000       0.000       0.000       0.000       0.000       0.000    
  17    0.000       0.000       0.000       0.000       0.000       0.000      0.2000      0.2000      0.2000      0.2000    
        0.000       0.000      0.2000      0.2000       0.000       0.000       0.000       0.000       0.000       0.000    
        0.000       0.000       0.000       0.000       0.000       0.000       0.000       0.000       0.000       0.000    
        0.000       0.000       0.000       0.000       0.000       0.000       0.000       0.000       0.000       0.000    
        0.000       0.000       0.000       0.000       0.000       0.000       0.000       0.000       0.000       0.000    
        0.000       0.000       0.000       0.000       0.000       0.000       0.000       0.000       0.000       0.000    
        0.000       0.000       0.000       0.000       0.000       0.000       0.000       0.000       0.000       0.000    
        0.000       0.000       0.000       0.000       0.000       0.000       0.000       0.000       0.000       0.000    
  18    0.000       0.000       0.000       0.000       0.000       0.000      0.2000      0.2000      0.2000      0.2000    
        0.000       0.000      0.2000      0.2000       0.000       0.000       0.000       0.000       0.000       0.000    
        0.000       0.000       0.000       0.000       0.000       0.000       0.000       0.000       0.000       0.000    
        0.000       0.000       0.000       0.000       0.000       0.000       0.000       0.000       0.000       0.000    
        0.000       0.000       0.000       0.000       0.000       0.000       0.000       0.000       0.000       0.000    
        0.000       0.000       0.000       0.000       0.000       0.000       0.000       0.000       0.000       0.000    
        0.000       0.000       0.000       0.000       0.000       0.000       0.000       0.000       0.000       0.000    
        0.000       0.000       0.000       0.000       0.000       0.000       0.000       0.000       0.000       0.000    
  19    0.000       0.000       0.000       0.000       0.000       0.000      0.2000      0.2000      0.2000      0.2000    
       0.2000      0.2000      0.2000      0.2000      0.2000      0.2000       0.000       0.000       0.000       0.000    
        0.000       0.000       0.000       0.000       0.000       0.000       0.000       0.000       0.000       0.000    
        0.000       0.000       0.000       0.000       0.000       0.000       0.000       0.000       0.000       0.000    
        0.000       0.000       0.000       0.000       0.000       0.000       0.000       0.000       0.000       0.000    
        0.000       0.000       0.000       0.000       0.000       0.000       0.000       0.000       0.000       0.000    
        0.000       0.000       0.000       0.000       0.000       0.000       0.000       0.000       0.000       0.000    
        0.000       0.000       0.000       0.000       0.000       0.000       0.000       0.000       0.000       0.000    
  20    0.000       0.000       0.000       0.000       0.000       0.000      0.2000      0.2000      0.2000      0.2000    
       0.2000      0.2000      0.2000      0.2000      0.2000      0.2000       0.000       0.000       0.000       0.000    
        0.000       0.000       0.000       0.000       0.000       0.000       0.000       0.000       0.000       0.000    
        0.000       0.000       0.000       0.000       0.000       0.000       0.000       0.000       0.000       0.000    
        0.000       0.000       0.000       0.000       0.000       0.000       0.000       0.000       0.000       0.000    
        0.000       0.000       0.000       0.000       0.000       0.000       0.000       0.000       0.000       0.000    
        0.000       0.000       0.000       0.000       0.000       0.000       0.000       0.000       0.000       0.000    
        0.000       0.000       0.000       0.000       0.000       0.000       0.000       0.000       0.000       0.000    
  21    0.000       0.000       0.000       0.000       0.000       0.000       0.000       0.000      0.2000      0.2000    
       0.2000      0.2000      0.2000      0.2000      0.2000      0.2000       0.000       0.000       0.000       0.000    
        0.000       0.000       0.000       0.000       0.000       0.000       0.000       0.000       0.000       0.000    
        0.000       0.000       0.000       0.000       0.000       0.000       0.000       0.000       0.000       0.000    
        0.000       0.000       0.000       0.000       0.000       0.000       0.000       0.000       0.000       0.000    
        0.000       0.000       0.000       0.000       0.000       0.000       0.000       0.000       0.000       0.000    
        0.000       0.000       0.000       0.000       0.000       0.000       0.000       0.000       0.000       0.000    
        0.000       0.000       0.000       0.000       0.000       0.000       0.000       0.000       0.000       0.000    
  22    0.000       0.000       0.000       0.000       0.000       0.000       0.000       0.000      0.2000      0.2000    
       0.2000      0.2000      0.2000      0.2000      0.2000      0.2000       0.000       0.000       0.000       0.000    
        0.000       0.000       0.000       0.000       0.000       0.000       0.000       0.000       0.000       0.000    
        0.000       0.000       0.000       0.000       0.000       0.000       0.000       0.000       0.000       0.000    
        0.000       0.000       0.000       0.000       0.000       0.000       0.000       0.000       0.000       0.000    
        0.000       0.000       0.000       0.000       0.000       0.000       0.000       0.000       0.000       0.000    
        0.000       0.000       0.000       0.000       0.000       0.000       0.000       0.000       0.000       0.000    
        0.000       0.000       0.000       0.000       0.000       0.000       0.000       0.000       0.000       0.000    
  23    0.000       0.000       0.000       0.000       0.000       0.000       0.000       0.000      0.2000      0.2000    
       0.2000      0.2000      0.2000      0.2000      0.2000      0.2000      0.2000      0.2000       0.000       0.000    
        0.000       0.000       0.000       0.000       0.000       0.000       0.000       0.000       0.000       0.000    
        0.000       0.000       0.000       0.000       0.000       0.000       0.000       0.000       0.000       0.000    
        0.000       0.000       0.000       0.000       0.000       0.000       0.000       0.000       0.000       0.000    
        0.000       0.000       0.000       0.000       0.000       0.000       0.000       0.000       0.000       0.000    
        0.000       0.000       0.000       0.000       0.000       0.000       0.000       0.000       0.000       0.000    
        0.000       0.000       0.000       0.000       0.000       0.000       0.000       0.000       0.000       0.000    
  24    0.000       0.000       0.000       0.000       0.000       0.000       0.000       0.000      0.2000      0.2000    
       0.2000      0.2000      0.2000      0.2000      0.2000      0.2000      0.2000      0.2000       0.000       0.000    
        0.000       0.000       0.000       0.000       0.000       0.000       0.000       0.000       0.000       0.000    
        0.000       0.000       0.000       0.000       0.000       0.000       0.000       0.000       0.000       0.000    
        0.000       0.000       0.000       0.000       0.000       0.000       0.000       0.000       0.000       0.000    
        0.000       0.000       0.000       0.000       0.000       0.000       0.000       0.000       0.000       0.000    
        0.000       0.000       0.000       0.000       0.000       0.000       0.000       0.000       0.000       0.000    
        0.000       0.000       0.000       0.000       0.000       0.000       0.000       0.000       0.000       0.000    
  25    0.000       0.000       0.000       0.000       0.000       0.000       0.000       0.000      0.2000      0.2000    
        0.000       0.000      0.2000      0.2000      0.2000      0.2000      0.2000      0.2000       0.000       0.000    
        0.000       0.000       0.000       0.000       0.000       0.000       0.000       0.000       0.000       0.000    
        0.000       0.000       0.000       0.000       0.000       0.000       0.000       0.000       0.000       0.000    
        0.000       0.000       0.000       0.000       0.000       0.000       0.000       0.000       0.000       0.000    
        0.000       0.000       0.000       0.000       0.000       0.000       0.000       0.000       0.000       0.000    
        0.000       0.000       0.000       0.000       0.000       0.000       0.000       0.000       0.000       0.000    
        0.000       0.000       0.000       0.000       0.000       0.000       0.000       0.000       0.000       0.000    
  26    0.000       0.000       0.000       0.000       0.000       0.000       0.000       0.000      0.2000      0.2000    
        0.000       0.000      0.2000      0.2000      0.2000      0.2000      0.2000      0.2000       0.000       0.000    
        0.000       0.000       0.000       0.000       0.000       0.000       0.000       0.000       0.000       0.000    
        0.000       0.000       0.000       0.000       0.000       0.000       0.000       0.000       0.000       0.000    
        0.000       0.000       0.000       0.000       0.000       0.000       0.000       0.000       0.000       0.000    
        0.000       0.000       0.000       0.000       0.000       0.000       0.000       0.000       0.000       0.000    
        0.000       0.000       0.000       0.000       0.000       0.000       0.000       0.000       0.000       0.000    
        0.000       0.000       0.000       0.000       0.000       0.000       0.000       0.000       0.000       0.000    
  27    0.000       0.000       0.000       0.000       0.000       0.000       0.000       0.000      0.2000      0.2000    
        0.000       0.000      0.2000      0.2000      0.2000      0.2000       0.000       0.000       0.000       0.000    
        0.000       0.000       0.000       0.000       0.000       0.000       0.000       0.000       0.000       0.000    
        0.000       0.000       0.000       0.000       0.000       0.000       0.000       0.000       0.000       0.000    
        0.000       0.000       0.000       0.000       0.000       0.000       0.000       0.000       0.000       0.000    
        0.000       0.000       0.000       0.000       0.000       0.000       0.000       0.000       0.000       0.000    
        0.000       0.000       0.000       0.000       0.000       0.000       0.000       0.000       0.000       0.000    
        0.000       0.000       0.000       0.000       0.000       0.000       0.000       0.000       0.000       0.000    
  28    0.000       0.000       0.000       0.000       0.000       0.000       0.000       0.000      0.2000      0.2000    
        0.000       0.000      0.2000      0.2000      0.2000      0.2000       0.000       0.000       0.000       0.000    
        0.000       0.000       0.000       0.000       0.000       0.000       0.000       0.000       0.000       0.000    
        0.000       0.000       0.000       0.000       0.000       0.000       0.000       0.000       0.000       0.000    
        0.000       0.000       0.000       0.000       0.000       0.000       0.000       0.000       0.000       0.000    
        0.000       0.000       0.000       0.000       0.000       0.000       0.000       0.000       0.000       0.000    
        0.000       0.000       0.000       0.000       0.000       0.000       0.000       0.000       0.000       0.000    
        0.000       0.000       0.000       0.000       0.000       0.000       0.000       0.000       0.000       0.000    
  29    0.000       0.000       0.000       0.000       0.000       0.000       0.000       0.000       0.000       0.000    
        0.000       0.000       0.000       0.000       0.000       0.000       0.000       0.000       0.000       0.000    
        0.000       0.000       0.000       0.000       0.000       0.000       0.000       0.000       0.000       0.000    
        0.000       0.000       0.000       0.000       0.000       0.000       0.000       0.000       0.000       0.000    
        0.000       0.000       0.000       0.000       0.000       0.000       0.000       0.000       0.000       0.000    
        0.000       0.000       0.000       0.000       0.000       0.000       0.000       0.000       0.000       0.000    
        0.000       0.000       0.000       0.000       0.000       0.000       0.000       0.000       0.000       0.000    
        0.000       0.000       0.000       0.000       0.000       0.000       0.000       0.000       0.000       0.000    
  30    0.000       0.000       0.000       0.000       0.000       0.000       0.000       0.000       0.000       0.000    
        0.000       0.000       0.000       0.000       0.000       0.000       0.000       0.000       0.000       0.000    
        0.000       0.000       0.000       0.000       0.000       0.000       0.000       0.000       0.000       0.000    
        0.000       0.000       0.000       0.000       0.000       0.000       0.000       0.000       0.000       0.000    
        0.000       0.000       0.000       0.000       0.000       0.000       0.000       0.000       0.000       0.000    
        0.000       0.000       0.000       0.000       0.000       0.000       0.000       0.000       0.000       0.000    
        0.000       0.000       0.000       0.000       0.000       0.000       0.000       0.000       0.000       0.000    
        0.000       0.000       0.000       0.000       0.000       0.000       0.000       0.000       0.000       0.000    
  31    0.000       0.000       0.000       0.000       0.000       0.000       0.000       0.000       0.000       0.000    
        0.000       0.000       0.000       0.000       0.000       0.000       0.000       0.000       0.000       0.000    
        0.000       0.000       0.000       0.000       0.000       0.000       0.000       0.000       0.000       0.000    
        0.000       0.000       0.000       0.000       0.000       0.000       0.000       0.000       0.000       0.000    
        0.000       0.000       0.000       0.000       0.000       0.000       0.000       0.000       0.000       0.000    
        0.000       0.000       0.000       0.000       0.000       0.000       0.000       0.000       0.000       0.000    
        0.000       0.000       0.000       0.000       0.000       0.000       0.000       0.000       0.000       0.000    
        0.000       0.000       0.000       0.000       0.000       0.000       0.000       0.000       0.000       0.000    
  32    0.000       0.000       0.000       0.000       0.000       0.000       0.000       0.000       0.000       0.000    
        0.000       0.000       0.000       0.000       0.000       0.000       0.000       0.000       0.000       0.000    
        0.000       0.000       0.000       0.000       0.000       0.000       0.000       0.000       0.000       0.000    
        0.000       0.000       0.000       0.000       0.000       0.000       0.000       0.000       0.000       0.000    
        0.000       0.000       0.000       0.000       0.000       0.000       0.000       0.000       0.000       0.000    
        0.000       0.000       0.000       0.000       0.000       0.000       0.000       0.000       0.000       0.000    
        0.000       0.000       0.000       0.000       0.000       0.000       0.000       0.000       0.000       0.000    
        0.000       0.000       0.000       0.000       0.000       0.000       0.000       0.000       0.000       0.000    
  33    0.000       0.000       0.000       0.000       0.000       0.000       0.000       0.000       0.000       0.000    
        0.000       0.000       0.000       0.000       0.000       0.000       0.000       0.000       0.000       0.000    
        0.000       0.000       0.000       0.000       0.000       0.000       0.000       0.000       0.000       0.000    
        0.000       0.000       0.000       0.000       0.000       0.000       0.000       0.000       0.000       0.000    
        0.000       0.000       0.000       0.000       0.000       0.000       0.000       0.000       0.000       0.000    
        0.000       0.000       0.000       0.000       0.000       0.000       0.000       0.000       0.000       0.000    
        0.000       0.000       0.000       0.000       0.000       0.000       0.000       0.000       0.000       0.000    
        0.000       0.000       0.000       0.000       0.000       0.000       0.000       0.000       0.000       0.000    
  34    0.000       0.000       0.000       0.000       0.000       0.000       0.000       0.000       0.000       0.000    
        0.000       0.000       0.000       0.000       0.000       0.000       0.000       0.000       0.000       0.000    
        0.000       0.000       0.000       0.000       0.000       0.000       0.000       0.000       0.000       0.000    
        0.000       0.000       0.000       0.000       0.000       0.000       0.000       0.000       0.000       0.000    
        0.000       0.000       0.000       0.000       0.000       0.000       0.000       0.000       0.000       0.000    
        0.000       0.000       0.000       0.000       0.000       0.000       0.000       0.000       0.000       0.000    
        0.000       0.000       0.000       0.000       0.000       0.000       0.000       0.000       0.000       0.000    
        0.000       0.000       0.000       0.000       0.000       0.000       0.000       0.000       0.000       0.000    
  35    0.000       0.000       0.000       0.000       0.000       0.000       0.000       0.000       0.000       0.000    
        0.000       0.000       0.000       0.000       0.000       0.000       0.000       0.000       0.000       0.000    
        0.000       0.000       0.000       0.000       0.000       0.000       0.000       0.000       0.000       0.000    
        0.000       0.000       0.000       0.000       0.000       0.000       0.000       0.000       0.000       0.000    
        0.000       0.000       0.000       0.000       0.000       0.000       0.000       0.000       0.000       0.000    
        0.000       0.000       0.000       0.000       0.000       0.000       0.000       0.000       0.000       0.000    
        0.000       0.000       0.000       0.000       0.000       0.000       0.000       0.000       0.000       0.000    
        0.000       0.000       0.000       0.000       0.000       0.000       0.000       0.000       0.000       0.000    
  36    0.000       0.000       0.000       0.000       0.000       0.000       0.000       0.000       0.000       0.000    
        0.000       0.000       0.000       0.000       0.000       0.000       0.000       0.000       0.000       0.000    
        0.000       0.000       0.000       0.000       0.000       0.000       0.000       0.000       0.000       0.000    
        0.000       0.000       0.000       0.000       0.000       0.000       0.000       0.000       0.000       0.000    
        0.000       0.000       0.000       0.000       0.000       0.000       0.000       0.000       0.000       0.000    
        0.000       0.000       0.000       0.000       0.000       0.000       0.000       0.000       0.000       0.000    
        0.000       0.000       0.000       0.000       0.000       0.000       0.000       0.000       0.000       0.000    
        0.000       0.000       0.000       0.000       0.000       0.000       0.000       0.000       0.000       0.000    
  37    0.000       0.000       0.000       0.000       0.000       0.000       0.000       0.000       0.000       0.000    
        0.000       0.000       0.000       0.000       0.000       0.000       0.000       0.000       0.000       0.000    
        0.000       0.000       0.000       0.000       0.000       0.000       0.000       0.000       0.000       0.000    
        0.000       0.000       0.000       0.000       0.000       0.000       0.000       0.000       0.000       0.000    
        0.000       0.000       0.000       0.000       0.000       0.000       0.000       0.000       0.000       0.000    
        0.000       0.000       0.000       0.000       0.000       0.000       0.000       0.000       0.000       0.000    
        0.000       0.000       0.000       0.000       0.000       0.000       0.000       0.000       0.000       0.000    
        0.000       0.000       0.000       0.000       0.000       0.000       0.000       0.000       0.000       0.000    
  38    0.000       0.000       0.000       0.000       0.000       0.000       0.000       0.000       0.000       0.000    
        0.000       0.000       0.000       0.000       0.000       0.000       0.000       0.000       0.000       0.000    
        0.000       0.000       0.000       0.000       0.000       0.000       0.000       0.000       0.000       0.000    
        0.000       0.000       0.000       0.000       0.000       0.000       0.000       0.000       0.000       0.000    
        0.000       0.000       0.000       0.000       0.000       0.000       0.000       0.000       0.000       0.000    
        0.000       0.000       0.000       0.000       0.000       0.000       0.000       0.000       0.000       0.000    
        0.000       0.000       0.000       0.000       0.000       0.000       0.000       0.000       0.000       0.000    
        0.000       0.000       0.000       0.000       0.000       0.000       0.000       0.000       0.000       0.000    
  39    0.000       0.000       0.000       0.000       0.000       0.000       0.000       0.000       0.000       0.000    
        0.000       0.000       0.000       0.000       0.000       0.000       0.000       0.000       0.000       0.000    
        0.000       0.000       0.000       0.000       0.000       0.000       0.000       0.000       0.000       0.000    
        0.000       0.000       0.000       0.000       0.000       0.000       0.000       0.000       0.000       0.000    
        0.000       0.000       0.000       0.000       0.000       0.000       0.000       0.000       0.000       0.000    
        0.000       0.000       0.000       0.000       0.000       0.000       0.000       0.000       0.000       0.000    
        0.000       0.000       0.000       0.000       0.000       0.000       0.000       0.000       0.000       0.000    
        0.000       0.000       0.000       0.000       0.000       0.000       0.000       0.000       0.000       0.000    
  40    0.000       0.000       0.000       0.000       0.000       0.000       0.000       0.000       0.000       0.000    
        0.000       0.000       0.000       0.000       0.000       0.000       0.000       0.000       0.000       0.000    
        0.000       0.000       0.000       0.000       0.000       0.000       0.000       0.000       0.000       0.000    
        0.000       0.000       0.000       0.000       0.000       0.000       0.000       0.000       0.000       0.000    
        0.000       0.000       0.000       0.000       0.000       0.000       0.000       0.000       0.000       0.000    
        0.000       0.000       0.000       0.000       0.000       0.000       0.000       0.000       0.000       0.000    
        0.000       0.000       0.000       0.000       0.000       0.000       0.000       0.000       0.000       0.000    
        0.000       0.000       0.000       0.000       0.000       0.000       0.000       0.000       0.000       0.000    

                     INITIAL CONC.: COMP.  24 FOR LAYER  1 READ ON UNIT 41 USING FORMAT: "  (80G13.5) #Toluna "
                     ------------------------------------------------------------------------------------------

            1           2           3           4           5           6           7           8           9          10
           11          12          13          14          15          16          17          18          19          20
           21          22          23          24          25          26          27          28          29          30
           31          32          33          34          35          36          37          38          39          40
           41          42          43          44          45          46          47          48          49          50
           51          52          53          54          55          56          57          58          59          60
           61          62          63          64          65          66          67          68          69          70
           71          72          73          74          75          76          77          78          79          80
 .............................................................................................................................
   1    0.000       0.000       0.000       0.000       0.000       0.000       0.000       0.000       0.000       0.000    
        0.000       0.000       0.000       0.000       0.000       0.000       0.000       0.000       0.000       0.000    
        0.000       0.000       0.000       0.000       0.000       0.000       0.000       0.000       0.000       0.000    
        0.000       0.000       0.000       0.000       0.000       0.000       0.000       0.000       0.000       0.000    
        0.000       0.000       0.000       0.000       0.000       0.000       0.000       0.000       0.000       0.000    
        0.000       0.000       0.000       0.000       0.000       0.000       0.000       0.000       0.000       0.000    
        0.000       0.000       0.000       0.000       0.000       0.000       0.000       0.000       0.000       0.000    
        0.000       0.000       0.000       0.000       0.000       0.000       0.000       0.000       0.000       0.000    
   2    0.000       0.000       0.000       0.000       0.000       0.000       0.000       0.000       0.000       0.000    
        0.000       0.000       0.000       0.000       0.000       0.000       0.000       0.000       0.000       0.000    
        0.000       0.000       0.000       0.000       0.000       0.000       0.000       0.000       0.000       0.000    
        0.000       0.000       0.000       0.000       0.000       0.000       0.000       0.000       0.000       0.000    
        0.000       0.000       0.000       0.000       0.000       0.000       0.000       0.000       0.000       0.000    
        0.000       0.000       0.000       0.000       0.000       0.000       0.000       0.000       0.000       0.000    
        0.000       0.000       0.000       0.000       0.000       0.000       0.000       0.000       0.000       0.000    
        0.000       0.000       0.000       0.000       0.000       0.000       0.000       0.000       0.000       0.000    
   3    0.000       0.000       0.000       0.000       0.000       0.000       0.000       0.000       0.000       0.000    
        0.000       0.000       0.000       0.000       0.000       0.000       0.000       0.000       0.000       0.000    
        0.000       0.000       0.000       0.000       0.000       0.000       0.000       0.000       0.000       0.000    
        0.000       0.000       0.000       0.000       0.000       0.000       0.000       0.000       0.000       0.000    
        0.000       0.000       0.000       0.000       0.000       0.000       0.000       0.000       0.000       0.000    
        0.000       0.000       0.000       0.000       0.000       0.000       0.000       0.000       0.000       0.000    
        0.000       0.000       0.000       0.000       0.000       0.000       0.000       0.000       0.000       0.000    
        0.000       0.000       0.000       0.000       0.000       0.000       0.000       0.000       0.000       0.000    
   4    0.000       0.000       0.000       0.000       0.000       0.000       0.000       0.000       0.000       0.000    
        0.000       0.000       0.000       0.000       0.000       0.000       0.000       0.000       0.000       0.000    
        0.000       0.000       0.000       0.000       0.000       0.000       0.000       0.000       0.000       0.000    
        0.000       0.000       0.000       0.000       0.000       0.000       0.000       0.000       0.000       0.000    
        0.000       0.000       0.000       0.000       0.000       0.000       0.000       0.000       0.000       0.000    
        0.000       0.000       0.000       0.000       0.000       0.000       0.000       0.000       0.000       0.000    
        0.000       0.000       0.000       0.000       0.000       0.000       0.000       0.000       0.000       0.000    
        0.000       0.000       0.000       0.000       0.000       0.000       0.000       0.000       0.000       0.000    
   5    0.000       0.000       0.000       0.000       0.000       0.000       0.000       0.000       0.000       0.000    
        0.000       0.000       0.000       0.000       0.000       0.000       0.000       0.000       0.000       0.000    
        0.000       0.000       0.000       0.000       0.000       0.000       0.000       0.000       0.000       0.000    
        0.000       0.000       0.000       0.000       0.000       0.000       0.000       0.000       0.000       0.000    
        0.000       0.000       0.000       0.000       0.000       0.000       0.000       0.000       0.000       0.000    
        0.000       0.000       0.000       0.000       0.000       0.000       0.000       0.000       0.000       0.000    
        0.000       0.000       0.000       0.000       0.000       0.000       0.000       0.000       0.000       0.000    
        0.000       0.000       0.000       0.000       0.000       0.000       0.000       0.000       0.000       0.000    
   6    0.000       0.000       0.000       0.000       0.000       0.000       0.000       0.000       0.000       0.000    
        0.000       0.000       0.000       0.000       0.000       0.000       0.000       0.000       0.000       0.000    
        0.000       0.000       0.000       0.000       0.000       0.000       0.000       0.000       0.000       0.000    
        0.000       0.000       0.000       0.000       0.000       0.000       0.000       0.000       0.000       0.000    
        0.000       0.000       0.000       0.000       0.000       0.000       0.000       0.000       0.000       0.000    
        0.000       0.000       0.000       0.000       0.000       0.000       0.000       0.000       0.000       0.000    
        0.000       0.000       0.000       0.000       0.000       0.000       0.000       0.000       0.000       0.000    
        0.000       0.000       0.000       0.000       0.000       0.000       0.000       0.000       0.000       0.000    
   7    0.000       0.000       0.000       0.000       0.000       0.000       0.000       0.000       0.000       0.000    
        0.000       0.000       0.000       0.000       0.000       0.000       0.000       0.000       0.000       0.000    
        0.000       0.000       0.000       0.000       0.000       0.000       0.000       0.000       0.000       0.000    
        0.000       0.000       0.000       0.000       0.000       0.000       0.000       0.000       0.000       0.000    
        0.000       0.000       0.000       0.000       0.000       0.000       0.000       0.000       0.000       0.000    
        0.000       0.000       0.000       0.000       0.000       0.000       0.000       0.000       0.000       0.000    
        0.000       0.000       0.000       0.000       0.000       0.000       0.000       0.000       0.000       0.000    
        0.000       0.000       0.000       0.000       0.000       0.000       0.000       0.000       0.000       0.000    
   8    0.000       0.000       0.000       0.000       0.000       0.000       0.000       0.000       0.000       0.000    
        0.000       0.000       0.000       0.000       0.000       0.000       0.000       0.000       0.000       0.000    
        0.000       0.000       0.000       0.000       0.000       0.000       0.000       0.000       0.000       0.000    
        0.000       0.000       0.000       0.000       0.000       0.000       0.000       0.000       0.000       0.000    
        0.000       0.000       0.000       0.000       0.000       0.000       0.000       0.000       0.000       0.000    
        0.000       0.000       0.000       0.000       0.000       0.000       0.000       0.000       0.000       0.000    
        0.000       0.000       0.000       0.000       0.000       0.000       0.000       0.000       0.000       0.000    
        0.000       0.000       0.000       0.000       0.000       0.000       0.000       0.000       0.000       0.000    
   9    0.000       0.000       0.000       0.000       0.000       0.000       0.000       0.000       0.000       0.000    
        0.000       0.000       0.000       0.000       0.000       0.000       0.000       0.000       0.000       0.000    
        0.000       0.000       0.000       0.000       0.000       0.000       0.000       0.000       0.000       0.000    
        0.000       0.000       0.000       0.000       0.000       0.000       0.000       0.000       0.000       0.000    
        0.000       0.000       0.000       0.000       0.000       0.000       0.000       0.000       0.000       0.000    
        0.000       0.000       0.000       0.000       0.000       0.000       0.000       0.000       0.000       0.000    
        0.000       0.000       0.000       0.000       0.000       0.000       0.000       0.000       0.000       0.000    
        0.000       0.000       0.000       0.000       0.000       0.000       0.000       0.000       0.000       0.000    
  10    0.000       0.000       0.000       0.000       0.000       0.000       0.000       0.000       0.000       0.000    
        0.000       0.000       0.000       0.000       0.000       0.000       0.000       0.000       0.000       0.000    
        0.000       0.000       0.000       0.000       0.000       0.000       0.000       0.000       0.000       0.000    
        0.000       0.000       0.000       0.000       0.000       0.000       0.000       0.000       0.000       0.000    
        0.000       0.000       0.000       0.000       0.000       0.000       0.000       0.000       0.000       0.000    
        0.000       0.000       0.000       0.000       0.000       0.000       0.000       0.000       0.000       0.000    
        0.000       0.000       0.000       0.000       0.000       0.000       0.000       0.000       0.000       0.000    
        0.000       0.000       0.000       0.000       0.000       0.000       0.000       0.000       0.000       0.000    
  11    0.000       0.000       0.000       0.000       0.000       0.000       0.000       0.000       0.000       0.000    
        0.000       0.000       0.000       0.000       0.000       0.000       0.000       0.000       0.000       0.000    
        0.000       0.000       0.000       0.000       0.000       0.000       0.000       0.000       0.000       0.000    
        0.000       0.000       0.000       0.000       0.000       0.000       0.000       0.000       0.000       0.000    
        0.000       0.000       0.000       0.000       0.000       0.000       0.000       0.000       0.000       0.000    
        0.000       0.000       0.000       0.000       0.000       0.000       0.000       0.000       0.000       0.000    
        0.000       0.000       0.000       0.000       0.000       0.000       0.000       0.000       0.000       0.000    
        0.000       0.000       0.000       0.000       0.000       0.000       0.000       0.000       0.000       0.000    
  12    0.000       0.000       0.000       0.000       0.000       0.000       0.000       0.000       0.000       0.000    
        0.000       0.000       0.000       0.000       0.000       0.000       0.000       0.000       0.000       0.000    
        0.000       0.000       0.000       0.000       0.000       0.000       0.000       0.000       0.000       0.000    
        0.000       0.000       0.000       0.000       0.000       0.000       0.000       0.000       0.000       0.000    
        0.000       0.000       0.000       0.000       0.000       0.000       0.000       0.000       0.000       0.000    
        0.000       0.000       0.000       0.000       0.000       0.000       0.000       0.000       0.000       0.000    
        0.000       0.000       0.000       0.000       0.000       0.000       0.000       0.000       0.000       0.000    
        0.000       0.000       0.000       0.000       0.000       0.000       0.000       0.000       0.000       0.000    
  13    0.000       0.000       0.000       0.000       0.000       0.000       0.000       0.000       0.000       0.000    
        0.000       0.000       0.000       0.000       0.000       0.000       0.000       0.000       0.000       0.000    
        0.000       0.000       0.000       0.000       0.000       0.000       0.000       0.000       0.000       0.000    
        0.000       0.000       0.000       0.000       0.000       0.000       0.000       0.000       0.000       0.000    
        0.000       0.000       0.000       0.000       0.000       0.000       0.000       0.000       0.000       0.000    
        0.000       0.000       0.000       0.000       0.000       0.000       0.000       0.000       0.000       0.000    
        0.000       0.000       0.000       0.000       0.000       0.000       0.000       0.000       0.000       0.000    
        0.000       0.000       0.000       0.000       0.000       0.000       0.000       0.000       0.000       0.000    
  14    0.000       0.000       0.000       0.000       0.000       0.000      0.2000       0.000       0.000       0.000    
        0.000       0.000       0.000       0.000       0.000       0.000       0.000       0.000       0.000       0.000    
        0.000       0.000       0.000       0.000       0.000       0.000       0.000       0.000       0.000       0.000    
        0.000       0.000       0.000       0.000       0.000       0.000       0.000       0.000       0.000       0.000    
        0.000       0.000       0.000       0.000       0.000       0.000       0.000       0.000       0.000       0.000    
        0.000       0.000       0.000       0.000       0.000       0.000       0.000       0.000       0.000       0.000    
        0.000       0.000       0.000       0.000       0.000       0.000       0.000       0.000       0.000       0.000    
        0.000       0.000       0.000       0.000       0.000       0.000       0.000       0.000       0.000       0.000    
  15    0.000       0.000       0.000       0.000       0.000       0.000      0.2000      0.2000      0.2000      0.2000    
        0.000       0.000       0.000       0.000       0.000       0.000       0.000       0.000       0.000       0.000    
        0.000       0.000       0.000       0.000       0.000       0.000       0.000       0.000       0.000       0.000    
        0.000       0.000       0.000       0.000       0.000       0.000       0.000       0.000       0.000       0.000    
        0.000       0.000       0.000       0.000       0.000       0.000       0.000       0.000       0.000       0.000    
        0.000       0.000       0.000       0.000       0.000       0.000       0.000       0.000       0.000       0.000    
        0.000       0.000       0.000       0.000       0.000       0.000       0.000       0.000       0.000       0.000    
        0.000       0.000       0.000       0.000       0.000       0.000       0.000       0.000       0.000       0.000    
  16    0.000       0.000       0.000       0.000       0.000       0.000      0.2000      0.2000      0.2000      0.2000    
        0.000       0.000       0.000       0.000       0.000       0.000       0.000       0.000       0.000       0.000    
        0.000       0.000       0.000       0.000       0.000       0.000       0.000       0.000       0.000       0.000    
        0.000       0.000       0.000       0.000       0.000       0.000       0.000       0.000       0.000       0.000    
        0.000       0.000       0.000       0.000       0.000       0.000       0.000       0.000       0.000       0.000    
        0.000       0.000       0.000       0.000       0.000       0.000       0.000       0.000       0.000       0.000    
        0.000       0.000       0.000       0.000       0.000       0.000       0.000       0.000       0.000       0.000    
        0.000       0.000       0.000       0.000       0.000       0.000       0.000       0.000       0.000       0.000    
  17    0.000       0.000       0.000       0.000       0.000       0.000      0.2000      0.2000      0.2000      0.2000    
        0.000       0.000      0.2000      0.2000       0.000       0.000       0.000       0.000       0.000       0.000    
        0.000       0.000       0.000       0.000       0.000       0.000       0.000       0.000       0.000       0.000    
        0.000       0.000       0.000       0.000       0.000       0.000       0.000       0.000       0.000       0.000    
        0.000       0.000       0.000       0.000       0.000       0.000       0.000       0.000       0.000       0.000    
        0.000       0.000       0.000       0.000       0.000       0.000       0.000       0.000       0.000       0.000    
        0.000       0.000       0.000       0.000       0.000       0.000       0.000       0.000       0.000       0.000    
        0.000       0.000       0.000       0.000       0.000       0.000       0.000       0.000       0.000       0.000    
  18    0.000       0.000       0.000       0.000       0.000       0.000      0.2000      0.2000      0.2000      0.2000    
        0.000       0.000      0.2000      0.2000       0.000       0.000       0.000       0.000       0.000       0.000    
        0.000       0.000       0.000       0.000       0.000       0.000       0.000       0.000       0.000       0.000    
        0.000       0.000       0.000       0.000       0.000       0.000       0.000       0.000       0.000       0.000    
        0.000       0.000       0.000       0.000       0.000       0.000       0.000       0.000       0.000       0.000    
        0.000       0.000       0.000       0.000       0.000       0.000       0.000       0.000       0.000       0.000    
        0.000       0.000       0.000       0.000       0.000       0.000       0.000       0.000       0.000       0.000    
        0.000       0.000       0.000       0.000       0.000       0.000       0.000       0.000       0.000       0.000    
  19    0.000       0.000       0.000       0.000       0.000       0.000      0.2000      0.2000      0.2000      0.2000    
       0.2000      0.2000      0.2000      0.2000      0.2000      0.2000       0.000       0.000       0.000       0.000    
        0.000       0.000       0.000       0.000       0.000       0.000       0.000       0.000       0.000       0.000    
        0.000       0.000       0.000       0.000       0.000       0.000       0.000       0.000       0.000       0.000    
        0.000       0.000       0.000       0.000       0.000       0.000       0.000       0.000       0.000       0.000    
        0.000       0.000       0.000       0.000       0.000       0.000       0.000       0.000       0.000       0.000    
        0.000       0.000       0.000       0.000       0.000       0.000       0.000       0.000       0.000       0.000    
        0.000       0.000       0.000       0.000       0.000       0.000       0.000       0.000       0.000       0.000    
  20    0.000       0.000       0.000       0.000       0.000       0.000      0.2000      0.2000      0.2000      0.2000    
       0.2000      0.2000      0.2000      0.2000      0.2000      0.2000       0.000       0.000       0.000       0.000    
        0.000       0.000       0.000       0.000       0.000       0.000       0.000       0.000       0.000       0.000    
        0.000       0.000       0.000       0.000       0.000       0.000       0.000       0.000       0.000       0.000    
        0.000       0.000       0.000       0.000       0.000       0.000       0.000       0.000       0.000       0.000    
        0.000       0.000       0.000       0.000       0.000       0.000       0.000       0.000       0.000       0.000    
        0.000       0.000       0.000       0.000       0.000       0.000       0.000       0.000       0.000       0.000    
        0.000       0.000       0.000       0.000       0.000       0.000       0.000       0.000       0.000       0.000    
  21    0.000       0.000       0.000       0.000       0.000       0.000       0.000       0.000      0.2000      0.2000    
       0.2000      0.2000      0.2000      0.2000      0.2000      0.2000       0.000       0.000       0.000       0.000    
        0.000       0.000       0.000       0.000       0.000       0.000       0.000       0.000       0.000       0.000    
        0.000       0.000       0.000       0.000       0.000       0.000       0.000       0.000       0.000       0.000    
        0.000       0.000       0.000       0.000       0.000       0.000       0.000       0.000       0.000       0.000    
        0.000       0.000       0.000       0.000       0.000       0.000       0.000       0.000       0.000       0.000    
        0.000       0.000       0.000       0.000       0.000       0.000       0.000       0.000       0.000       0.000    
        0.000       0.000       0.000       0.000       0.000       0.000       0.000       0.000       0.000       0.000    
  22    0.000       0.000       0.000       0.000       0.000       0.000       0.000       0.000      0.2000      0.2000    
       0.2000      0.2000      0.2000      0.2000      0.2000      0.2000       0.000       0.000       0.000       0.000    
        0.000       0.000       0.000       0.000       0.000       0.000       0.000       0.000       0.000       0.000    
        0.000       0.000       0.000       0.000       0.000       0.000       0.000       0.000       0.000       0.000    
        0.000       0.000       0.000       0.000       0.000       0.000       0.000       0.000       0.000       0.000    
        0.000       0.000       0.000       0.000       0.000       0.000       0.000       0.000       0.000       0.000    
        0.000       0.000       0.000       0.000       0.000       0.000       0.000       0.000       0.000       0.000    
        0.000       0.000       0.000       0.000       0.000       0.000       0.000       0.000       0.000       0.000    
  23    0.000       0.000       0.000       0.000       0.000       0.000       0.000       0.000      0.2000      0.2000    
       0.2000      0.2000      0.2000      0.2000      0.2000      0.2000      0.2000      0.2000       0.000       0.000    
        0.000       0.000       0.000       0.000       0.000       0.000       0.000       0.000       0.000       0.000    
        0.000       0.000       0.000       0.000       0.000       0.000       0.000       0.000       0.000       0.000    
        0.000       0.000       0.000       0.000       0.000       0.000       0.000       0.000       0.000       0.000    
        0.000       0.000       0.000       0.000       0.000       0.000       0.000       0.000       0.000       0.000    
        0.000       0.000       0.000       0.000       0.000       0.000       0.000       0.000       0.000       0.000    
        0.000       0.000       0.000       0.000       0.000       0.000       0.000       0.000       0.000       0.000    
  24    0.000       0.000       0.000       0.000       0.000       0.000       0.000       0.000      0.2000      0.2000    
       0.2000      0.2000      0.2000      0.2000      0.2000      0.2000      0.2000      0.2000       0.000       0.000    
        0.000       0.000       0.000       0.000       0.000       0.000       0.000       0.000       0.000       0.000    
        0.000       0.000       0.000       0.000       0.000       0.000       0.000       0.000       0.000       0.000    
        0.000       0.000       0.000       0.000       0.000       0.000       0.000       0.000       0.000       0.000    
        0.000       0.000       0.000       0.000       0.000       0.000       0.000       0.000       0.000       0.000    
        0.000       0.000       0.000       0.000       0.000       0.000       0.000       0.000       0.000       0.000    
        0.000       0.000       0.000       0.000       0.000       0.000       0.000       0.000       0.000       0.000    
  25    0.000       0.000       0.000       0.000       0.000       0.000       0.000       0.000      0.2000      0.2000    
        0.000       0.000      0.2000      0.2000      0.2000      0.2000      0.2000      0.2000       0.000       0.000    
        0.000       0.000       0.000       0.000       0.000       0.000       0.000       0.000       0.000       0.000    
        0.000       0.000       0.000       0.000       0.000       0.000       0.000       0.000       0.000       0.000    
        0.000       0.000       0.000       0.000       0.000       0.000       0.000       0.000       0.000       0.000    
        0.000       0.000       0.000       0.000       0.000       0.000       0.000       0.000       0.000       0.000    
        0.000       0.000       0.000       0.000       0.000       0.000       0.000       0.000       0.000       0.000    
        0.000       0.000       0.000       0.000       0.000       0.000       0.000       0.000       0.000       0.000    
  26    0.000       0.000       0.000       0.000       0.000       0.000       0.000       0.000      0.2000      0.2000    
        0.000       0.000      0.2000      0.2000      0.2000      0.2000      0.2000      0.2000       0.000       0.000    
        0.000       0.000       0.000       0.000       0.000       0.000       0.000       0.000       0.000       0.000    
        0.000       0.000       0.000       0.000       0.000       0.000       0.000       0.000       0.000       0.000    
        0.000       0.000       0.000       0.000       0.000       0.000       0.000       0.000       0.000       0.000    
        0.000       0.000       0.000       0.000       0.000       0.000       0.000       0.000       0.000       0.000    
        0.000       0.000       0.000       0.000       0.000       0.000       0.000       0.000       0.000       0.000    
        0.000       0.000       0.000       0.000       0.000       0.000       0.000       0.000       0.000       0.000    
  27    0.000       0.000       0.000       0.000       0.000       0.000       0.000       0.000      0.2000      0.2000    
        0.000       0.000      0.2000      0.2000      0.2000      0.2000       0.000       0.000       0.000       0.000    
        0.000       0.000       0.000       0.000       0.000       0.000       0.000       0.000       0.000       0.000    
        0.000       0.000       0.000       0.000       0.000       0.000       0.000       0.000       0.000       0.000    
        0.000       0.000       0.000       0.000       0.000       0.000       0.000       0.000       0.000       0.000    
        0.000       0.000       0.000       0.000       0.000       0.000       0.000       0.000       0.000       0.000    
        0.000       0.000       0.000       0.000       0.000       0.000       0.000       0.000       0.000       0.000    
        0.000       0.000       0.000       0.000       0.000       0.000       0.000       0.000       0.000       0.000    
  28    0.000       0.000       0.000       0.000       0.000       0.000       0.000       0.000      0.2000      0.2000    
        0.000       0.000      0.2000      0.2000      0.2000      0.2000       0.000       0.000       0.000       0.000    
        0.000       0.000       0.000       0.000       0.000       0.000       0.000       0.000       0.000       0.000    
        0.000       0.000       0.000       0.000       0.000       0.000       0.000       0.000       0.000       0.000    
        0.000       0.000       0.000       0.000       0.000       0.000       0.000       0.000       0.000       0.000    
        0.000       0.000       0.000       0.000       0.000       0.000       0.000       0.000       0.000       0.000    
        0.000       0.000       0.000       0.000       0.000       0.000       0.000       0.000       0.000       0.000    
        0.000       0.000       0.000       0.000       0.000       0.000       0.000       0.000       0.000       0.000    
  29    0.000       0.000       0.000       0.000       0.000       0.000       0.000       0.000       0.000       0.000    
        0.000       0.000       0.000       0.000       0.000       0.000       0.000       0.000       0.000       0.000    
        0.000       0.000       0.000       0.000       0.000       0.000       0.000       0.000       0.000       0.000    
        0.000       0.000       0.000       0.000       0.000       0.000       0.000       0.000       0.000       0.000    
        0.000       0.000       0.000       0.000       0.000       0.000       0.000       0.000       0.000       0.000    
        0.000       0.000       0.000       0.000       0.000       0.000       0.000       0.000       0.000       0.000    
        0.000       0.000       0.000       0.000       0.000       0.000       0.000       0.000       0.000       0.000    
        0.000       0.000       0.000       0.000       0.000       0.000       0.000       0.000       0.000       0.000    
  30    0.000       0.000       0.000       0.000       0.000       0.000       0.000       0.000       0.000       0.000    
        0.000       0.000       0.000       0.000       0.000       0.000       0.000       0.000       0.000       0.000    
        0.000       0.000       0.000       0.000       0.000       0.000       0.000       0.000       0.000       0.000    
        0.000       0.000       0.000       0.000       0.000       0.000       0.000       0.000       0.000       0.000    
        0.000       0.000       0.000       0.000       0.000       0.000       0.000       0.000       0.000       0.000    
        0.000       0.000       0.000       0.000       0.000       0.000       0.000       0.000       0.000       0.000    
        0.000       0.000       0.000       0.000       0.000       0.000       0.000       0.000       0.000       0.000    
        0.000       0.000       0.000       0.000       0.000       0.000       0.000       0.000       0.000       0.000    
  31    0.000       0.000       0.000       0.000       0.000       0.000       0.000       0.000       0.000       0.000    
        0.000       0.000       0.000       0.000       0.000       0.000       0.000       0.000       0.000       0.000    
        0.000       0.000       0.000       0.000       0.000       0.000       0.000       0.000       0.000       0.000    
        0.000       0.000       0.000       0.000       0.000       0.000       0.000       0.000       0.000       0.000    
        0.000       0.000       0.000       0.000       0.000       0.000       0.000       0.000       0.000       0.000    
        0.000       0.000       0.000       0.000       0.000       0.000       0.000       0.000       0.000       0.000    
        0.000       0.000       0.000       0.000       0.000       0.000       0.000       0.000       0.000       0.000    
        0.000       0.000       0.000       0.000       0.000       0.000       0.000       0.000       0.000       0.000    
  32    0.000       0.000       0.000       0.000       0.000       0.000       0.000       0.000       0.000       0.000    
        0.000       0.000       0.000       0.000       0.000       0.000       0.000       0.000       0.000       0.000    
        0.000       0.000       0.000       0.000       0.000       0.000       0.000       0.000       0.000       0.000    
        0.000       0.000       0.000       0.000       0.000       0.000       0.000       0.000       0.000       0.000    
        0.000       0.000       0.000       0.000       0.000       0.000       0.000       0.000       0.000       0.000    
        0.000       0.000       0.000       0.000       0.000       0.000       0.000       0.000       0.000       0.000    
        0.000       0.000       0.000       0.000       0.000       0.000       0.000       0.000       0.000       0.000    
        0.000       0.000       0.000       0.000       0.000       0.000       0.000       0.000       0.000       0.000    
  33    0.000       0.000       0.000       0.000       0.000       0.000       0.000       0.000       0.000       0.000    
        0.000       0.000       0.000       0.000       0.000       0.000       0.000       0.000       0.000       0.000    
        0.000       0.000       0.000       0.000       0.000       0.000       0.000       0.000       0.000       0.000    
        0.000       0.000       0.000       0.000       0.000       0.000       0.000       0.000       0.000       0.000    
        0.000       0.000       0.000       0.000       0.000       0.000       0.000       0.000       0.000       0.000    
        0.000       0.000       0.000       0.000       0.000       0.000       0.000       0.000       0.000       0.000    
        0.000       0.000       0.000       0.000       0.000       0.000       0.000       0.000       0.000       0.000    
        0.000       0.000       0.000       0.000       0.000       0.000       0.000       0.000       0.000       0.000    
  34    0.000       0.000       0.000       0.000       0.000       0.000       0.000       0.000       0.000       0.000    
        0.000       0.000       0.000       0.000       0.000       0.000       0.000       0.000       0.000       0.000    
        0.000       0.000       0.000       0.000       0.000       0.000       0.000       0.000       0.000       0.000    
        0.000       0.000       0.000       0.000       0.000       0.000       0.000       0.000       0.000       0.000    
        0.000       0.000       0.000       0.000       0.000       0.000       0.000       0.000       0.000       0.000    
        0.000       0.000       0.000       0.000       0.000       0.000       0.000       0.000       0.000       0.000    
        0.000       0.000       0.000       0.000       0.000       0.000       0.000       0.000       0.000       0.000    
        0.000       0.000       0.000       0.000       0.000       0.000       0.000       0.000       0.000       0.000    
  35    0.000       0.000       0.000       0.000       0.000       0.000       0.000       0.000       0.000       0.000    
        0.000       0.000       0.000       0.000       0.000       0.000       0.000       0.000       0.000       0.000    
        0.000       0.000       0.000       0.000       0.000       0.000       0.000       0.000       0.000       0.000    
        0.000       0.000       0.000       0.000       0.000       0.000       0.000       0.000       0.000       0.000    
        0.000       0.000       0.000       0.000       0.000       0.000       0.000       0.000       0.000       0.000    
        0.000       0.000       0.000       0.000       0.000       0.000       0.000       0.000       0.000       0.000    
        0.000       0.000       0.000       0.000       0.000       0.000       0.000       0.000       0.000       0.000    
        0.000       0.000       0.000       0.000       0.000       0.000       0.000       0.000       0.000       0.000    
  36    0.000       0.000       0.000       0.000       0.000       0.000       0.000       0.000       0.000       0.000    
        0.000       0.000       0.000       0.000       0.000       0.000       0.000       0.000       0.000       0.000    
        0.000       0.000       0.000       0.000       0.000       0.000       0.000       0.000       0.000       0.000    
        0.000       0.000       0.000       0.000       0.000       0.000       0.000       0.000       0.000       0.000    
        0.000       0.000       0.000       0.000       0.000       0.000       0.000       0.000       0.000       0.000    
        0.000       0.000       0.000       0.000       0.000       0.000       0.000       0.000       0.000       0.000    
        0.000       0.000       0.000       0.000       0.000       0.000       0.000       0.000       0.000       0.000    
        0.000       0.000       0.000       0.000       0.000       0.000       0.000       0.000       0.000       0.000    
  37    0.000       0.000       0.000       0.000       0.000       0.000       0.000       0.000       0.000       0.000    
        0.000       0.000       0.000       0.000       0.000       0.000       0.000       0.000       0.000       0.000    
        0.000       0.000       0.000       0.000       0.000       0.000       0.000       0.000       0.000       0.000    
        0.000       0.000       0.000       0.000       0.000       0.000       0.000       0.000       0.000       0.000    
        0.000       0.000       0.000       0.000       0.000       0.000       0.000       0.000       0.000       0.000    
        0.000       0.000       0.000       0.000       0.000       0.000       0.000       0.000       0.000       0.000    
        0.000       0.000       0.000       0.000       0.000       0.000       0.000       0.000       0.000       0.000    
        0.000       0.000       0.000       0.000       0.000       0.000       0.000       0.000       0.000       0.000    
  38    0.000       0.000       0.000       0.000       0.000       0.000       0.000       0.000       0.000       0.000    
        0.000       0.000       0.000       0.000       0.000       0.000       0.000       0.000       0.000       0.000    
        0.000       0.000       0.000       0.000       0.000       0.000       0.000       0.000       0.000       0.000    
        0.000       0.000       0.000       0.000       0.000       0.000       0.000       0.000       0.000       0.000    
        0.000       0.000       0.000       0.000       0.000       0.000       0.000       0.000       0.000       0.000    
        0.000       0.000       0.000       0.000       0.000       0.000       0.000       0.000       0.000       0.000    
        0.000       0.000       0.000       0.000       0.000       0.000       0.000       0.000       0.000       0.000    
        0.000       0.000       0.000       0.000       0.000       0.000       0.000       0.000       0.000       0.000    
  39    0.000       0.000       0.000       0.000       0.000       0.000       0.000       0.000       0.000       0.000    
        0.000       0.000       0.000       0.000       0.000       0.000       0.000       0.000       0.000       0.000    
        0.000       0.000       0.000       0.000       0.000       0.000       0.000       0.000       0.000       0.000    
        0.000       0.000       0.000       0.000       0.000       0.000       0.000       0.000       0.000       0.000    
        0.000       0.000       0.000       0.000       0.000       0.000       0.000       0.000       0.000       0.000    
        0.000       0.000       0.000       0.000       0.000       0.000       0.000       0.000       0.000       0.000    
        0.000       0.000       0.000       0.000       0.000       0.000       0.000       0.000       0.000       0.000    
        0.000       0.000       0.000       0.000       0.000       0.000       0.000       0.000       0.000       0.000    
  40    0.000       0.000       0.000       0.000       0.000       0.000       0.000       0.000       0.000       0.000    
        0.000       0.000       0.000       0.000       0.000       0.000       0.000       0.000       0.000       0.000    
        0.000       0.000       0.000       0.000       0.000       0.000       0.000       0.000       0.000       0.000    
        0.000       0.000       0.000       0.000       0.000       0.000       0.000       0.000       0.000       0.000    
        0.000       0.000       0.000       0.000       0.000       0.000       0.000       0.000       0.000       0.000    
        0.000       0.000       0.000       0.000       0.000       0.000       0.000       0.000       0.000       0.000    
        0.000       0.000       0.000       0.000       0.000       0.000       0.000       0.000       0.000       0.000    
        0.000       0.000       0.000       0.000       0.000       0.000       0.000       0.000       0.000       0.000    
                                       INITIAL CONC.: COMP.  25 =   0.000000     FOR LAYER  1
                                       INITIAL CONC.: COMP.  26 =   0.000000     FOR LAYER  1
                                       INITIAL CONC.: COMP.  27 =   1.000000     FOR LAYER  1
                                       INITIAL CONC.: COMP.  28 =  0.1000000E-02 FOR LAYER  1
                                       INITIAL CONC.: COMP.  29 =   0.000000     FOR LAYER  1

 VALUE INDICATING INACTIVE CONCENTRATION CELLS =    0.000000    
 MINIMUM SATURATED THICKNESS [THKMIN] ALLOWED =  0.0100 OF TOTAL CELL THICKNESS


 OUTPUT CONTROL OPTIONS
 ----------------------

 DO NOT PRINT CELL CONCENTRATION
 DO NOT PRINT PARTICLE NUMBER IN EACH CELL
 DO NOT PRINT RETARDATION FACTOR
 DO NOT PRINT DISPERSION COEFFICIENT
 SAVE DISSOLVED PHASE CONCENTRATIONS IN UNFORMATTED FILES [PHT3Dnnn.UCN]
  FOR EACH SPECIES ON UNITS 201 AND ABOVE

 NUMBER OF TIMES AT WHICH SIMULATION RESULTS ARE SAVED =    0

 NUMBER OF OBSERVATION POINTS =    0

 SAVE ONE-LINE SUMMARY OF MASS BUDGETS IN FILES [PHT3Dnnn.MAS]
  FOR EACH SPECIES ON UNITS 601 AND ABOVE, EVERY  1 TRANSPORT STEPS

 MAXIMUM LENGTH ALONG THE X (J) AXIS =   200.0000    
 MAXIMUM LENGTH ALONG THE Y (I) AXIS =   50.00000    
 MAXIMUM LENGTH ALONG THE Z (K) AXIS =   10.00000    


 ADVECTION SOLUTION OPTIONS
 --------------------------

 ADVECTION IS SOLVED WITH THE [MMOC] SCHEME
 COURANT NUMBER ALLOWED IN SOLVING THE ADVECTION TERM = 0.750    
 MAXIMUM NUMBER OF MOVING PARTICLES ALLOWED =   50000
 METHOD FOR PARTICLE TRACKING IS [1ST ORDER]
 CONCENTRATION WEIGHTING FACTOR [WD] =     0.750
 SCHEME FOR CONCENTRATION INTERPOLATION IS [LINEAR]
 PARTICLES FOR APPROXIMATING A SINK CELL IN THE [MMOC] SCHEME
 ARE PLACED ON  1 VERTICAL PLANE(S) WITHIN CELL BLOCK
 NUMBER OF PARTICLES USED TO APPROXIMATE A SINK CELL IN THE [MMOC] SCHEME =  16


 DISPERSION INPUT PARAMETERS
 ---------------------------

                                       LONG. DISPERSIVITY (AL)  =  0.5000000     FOR LAYER  1
                                       H. TRANS./LONG. DISP.    =  0.2000000    
                                       V. TRANS./LONG. DISP.    =  0.5000000E-01
                                       DIFFUSION COEFFICIENT    =   0.000000    



                                               SOLUTION BY THE GENERALIZED CONJUGATE GRADIENT METHOD
                                               -----------------------------------------------------
                                     MAXIMUM OUTER ITERATIONS ALLOWED FOR CLOSURE =        1
                                     MAXIMUM INNER ITERATIONS ALLOWED FOR CLOSURE =       40
                                                    PRECONDITIONING TYPE SELECTED =    2
                                                           ACCELERATION PARAMETER =     1.0000    
                                       CONCENTRATION CHANGE CRITERION FOR CLOSURE =    0.10000E-10
                                       GCG CONCENTRATION CHANGE PRINTOUT INTERVAL =      999


 PHREEQC PACKAGE INPUT PARAMETERS
 ---------------------------

 DO NOT SAVE CONCENTRATIONS IN ASCII FILES


                                   ++++++++++++++++++++++++++++++++++++++++++++++++++++++++++++++
                                                       STRESS PERIOD NO.  001
                                   ++++++++++++++++++++++++++++++++++++++++++++++++++++++++++++++


 LENGTH OF CURRENT STRESS PERIOD =   500.0000    
 NUMBER OF TIME STEPS FOR CURRENT STRESS PERIOD =   50
 TIME STEP MULTIPLIER USED IN FLOW SOLUTION =   1.000000    

 ***Type of Transport Simulation is TRANSIENT

 USER-SPECIFIED TRANSPORT STEPSIZE =   0.000000        
 MAXIMUM NUMBER OF TRANSPORT STEPS ALLOWED  IN ONE FLOW TIME STEP =     10000
 MULTIPLIER FOR SUCCESSIVE TRANSPORT STEPS  [USED IN IMPLICIT SCHEMES] =     1.000
 MAXIMUM TRANSPORT STEP SIZE  [USED IN IMPLICIT SCHEMES] =   1.000000        

       NO    LAYER   ROW   COLUMN   CONCENTRATION       TYPE            COMPONENT
       1       1      40       1      0.5000000E-03     CONSTANT HEAD       5
       1       1      40       1      0.4209000E-02     CONSTANT HEAD       6
       1       1      40       1      0.2648000E-02     CONSTANT HEAD       7
       1       1      40       1      0.4610000E-02     CONSTANT HEAD       8
       1       1      40       1      0.4630000E-03     CONSTANT HEAD       9
       1       1      40       1      0.1990000E-21     CONSTANT HEAD      10
       1       1      40       1      0.6970000E-13     CONSTANT HEAD      11
       1       1      40       1      0.1270000E-06     CONSTANT HEAD      12
       1       1      40       1      0.5412000E-02     CONSTANT HEAD      13
       1       1      40       1      0.9592000E-02     CONSTANT HEAD      14
       1       1      40       1      0.3033600E-02     CONSTANT HEAD      16
       1       1      40       1      0.4308000E-05     CONSTANT HEAD      18
       1       1      40       1       6.770000         CONSTANT HEAD      21
       1       1      40       1       13.85000         CONSTANT HEAD      22
       2       1      39       1      0.5000000E-03     CONSTANT HEAD       5
       2       1      39       1      0.4209000E-02     CONSTANT HEAD       6
       2       1      39       1      0.2648000E-02     CONSTANT HEAD       7
       2       1      39       1      0.4610000E-02     CONSTANT HEAD       8
       2       1      39       1      0.4630000E-03     CONSTANT HEAD       9
       2       1      39       1      0.1990000E-21     CONSTANT HEAD      10
       2       1      39       1      0.6970000E-13     CONSTANT HEAD      11
       2       1      39       1      0.1270000E-06     CONSTANT HEAD      12
       2       1      39       1      0.5412000E-02     CONSTANT HEAD      13
       2       1      39       1      0.9592000E-02     CONSTANT HEAD      14
       2       1      39       1      0.3033600E-02     CONSTANT HEAD      16
       2       1      39       1      0.4308000E-05     CONSTANT HEAD      18
       2       1      39       1       6.770000         CONSTANT HEAD      21
       2       1      39       1       13.85000         CONSTANT HEAD      22
       3       1      38       1      0.5000000E-03     CONSTANT HEAD       5
       3       1      38       1      0.4209000E-02     CONSTANT HEAD       6
       3       1      38       1      0.2648000E-02     CONSTANT HEAD       7
       3       1      38       1      0.4610000E-02     CONSTANT HEAD       8
       3       1      38       1      0.4630000E-03     CONSTANT HEAD       9
       3       1      38       1      0.1990000E-21     CONSTANT HEAD      10
       3       1      38       1      0.6970000E-13     CONSTANT HEAD      11
       3       1      38       1      0.1270000E-06     CONSTANT HEAD      12
       3       1      38       1      0.5412000E-02     CONSTANT HEAD      13
       3       1      38       1      0.9592000E-02     CONSTANT HEAD      14
       3       1      38       1      0.3033600E-02     CONSTANT HEAD      16
       3       1      38       1      0.4308000E-05     CONSTANT HEAD      18
       3       1      38       1       6.770000         CONSTANT HEAD      21
       3       1      38       1       13.85000         CONSTANT HEAD      22
       4       1      37       1      0.5000000E-03     CONSTANT HEAD       5
       4       1      37       1      0.4209000E-02     CONSTANT HEAD       6
       4       1      37       1      0.2648000E-02     CONSTANT HEAD       7
       4       1      37       1      0.4610000E-02     CONSTANT HEAD       8
       4       1      37       1      0.4630000E-03     CONSTANT HEAD       9
       4       1      37       1      0.1990000E-21     CONSTANT HEAD      10
       4       1      37       1      0.6970000E-13     CONSTANT HEAD      11
       4       1      37       1      0.1270000E-06     CONSTANT HEAD      12
       4       1      37       1      0.5412000E-02     CONSTANT HEAD      13
       4       1      37       1      0.9592000E-02     CONSTANT HEAD      14
       4       1      37       1      0.3033600E-02     CONSTANT HEAD      16
       4       1      37       1      0.4308000E-05     CONSTANT HEAD      18
       4       1      37       1       6.770000         CONSTANT HEAD      21
       4       1      37       1       13.85000         CONSTANT HEAD      22
       5       1      36       1      0.5000000E-03     CONSTANT HEAD       5
       5       1      36       1      0.4209000E-02     CONSTANT HEAD       6
       5       1      36       1      0.2648000E-02     CONSTANT HEAD       7
       5       1      36       1      0.4610000E-02     CONSTANT HEAD       8
       5       1      36       1      0.4630000E-03     CONSTANT HEAD       9
       5       1      36       1      0.1990000E-21     CONSTANT HEAD      10
       5       1      36       1      0.6970000E-13     CONSTANT HEAD      11
       5       1      36       1      0.1270000E-06     CONSTANT HEAD      12
       5       1      36       1      0.5412000E-02     CONSTANT HEAD      13
       5       1      36       1      0.9592000E-02     CONSTANT HEAD      14
       5       1      36       1      0.3033600E-02     CONSTANT HEAD      16
       5       1      36       1      0.4308000E-05     CONSTANT HEAD      18
       5       1      36       1       6.770000         CONSTANT HEAD      21
       5       1      36       1       13.85000         CONSTANT HEAD      22
       6       1      35       1      0.5000000E-03     CONSTANT HEAD       5
       6       1      35       1      0.4209000E-02     CONSTANT HEAD       6
       6       1      35       1      0.2648000E-02     CONSTANT HEAD       7
       6       1      35       1      0.4610000E-02     CONSTANT HEAD       8
       6       1      35       1      0.4630000E-03     CONSTANT HEAD       9
       6       1      35       1      0.1990000E-21     CONSTANT HEAD      10
       6       1      35       1      0.6970000E-13     CONSTANT HEAD      11
       6       1      35       1      0.1270000E-06     CONSTANT HEAD      12
       6       1      35       1      0.5412000E-02     CONSTANT HEAD      13
       6       1      35       1      0.9592000E-02     CONSTANT HEAD      14
       6       1      35       1      0.3033600E-02     CONSTANT HEAD      16
       6       1      35       1      0.4308000E-05     CONSTANT HEAD      18
       6       1      35       1       6.770000         CONSTANT HEAD      21
       6       1      35       1       13.85000         CONSTANT HEAD      22
       7       1      34       1      0.5000000E-03     CONSTANT HEAD       5
       7       1      34       1      0.4209000E-02     CONSTANT HEAD       6
       7       1      34       1      0.2648000E-02     CONSTANT HEAD       7
       7       1      34       1      0.4610000E-02     CONSTANT HEAD       8
       7       1      34       1      0.4630000E-03     CONSTANT HEAD       9
       7       1      34       1      0.1990000E-21     CONSTANT HEAD      10
       7       1      34       1      0.6970000E-13     CONSTANT HEAD      11
       7       1      34       1      0.1270000E-06     CONSTANT HEAD      12
       7       1      34       1      0.5412000E-02     CONSTANT HEAD      13
       7       1      34       1      0.9592000E-02     CONSTANT HEAD      14
       7       1      34       1      0.3033600E-02     CONSTANT HEAD      16
       7       1      34       1      0.4308000E-05     CONSTANT HEAD      18
       7       1      34       1       6.770000         CONSTANT HEAD      21
       7       1      34       1       13.85000         CONSTANT HEAD      22
       8       1      33       1      0.5000000E-03     CONSTANT HEAD       5
       8       1      33       1      0.4209000E-02     CONSTANT HEAD       6
       8       1      33       1      0.2648000E-02     CONSTANT HEAD       7
       8       1      33       1      0.4610000E-02     CONSTANT HEAD       8
       8       1      33       1      0.4630000E-03     CONSTANT HEAD       9
       8       1      33       1      0.1990000E-21     CONSTANT HEAD      10
       8       1      33       1      0.6970000E-13     CONSTANT HEAD      11
       8       1      33       1      0.1270000E-06     CONSTANT HEAD      12
       8       1      33       1      0.5412000E-02     CONSTANT HEAD      13
       8       1      33       1      0.9592000E-02     CONSTANT HEAD      14
       8       1      33       1      0.3033600E-02     CONSTANT HEAD      16
       8       1      33       1      0.4308000E-05     CONSTANT HEAD      18
       8       1      33       1       6.770000         CONSTANT HEAD      21
       8       1      33       1       13.85000         CONSTANT HEAD      22
       9       1      32       1      0.5000000E-03     CONSTANT HEAD       5
       9       1      32       1      0.4209000E-02     CONSTANT HEAD       6
       9       1      32       1      0.2648000E-02     CONSTANT HEAD       7
       9       1      32       1      0.4610000E-02     CONSTANT HEAD       8
       9       1      32       1      0.4630000E-03     CONSTANT HEAD       9
       9       1      32       1      0.1990000E-21     CONSTANT HEAD      10
       9       1      32       1      0.6970000E-13     CONSTANT HEAD      11
       9       1      32       1      0.1270000E-06     CONSTANT HEAD      12
       9       1      32       1      0.5412000E-02     CONSTANT HEAD      13
       9       1      32       1      0.9592000E-02     CONSTANT HEAD      14
       9       1      32       1      0.3033600E-02     CONSTANT HEAD      16
       9       1      32       1      0.4308000E-05     CONSTANT HEAD      18
       9       1      32       1       6.770000         CONSTANT HEAD      21
       9       1      32       1       13.85000         CONSTANT HEAD      22
      10       1      31       1      0.5000000E-03     CONSTANT HEAD       5
      10       1      31       1      0.4209000E-02     CONSTANT HEAD       6
      10       1      31       1      0.2648000E-02     CONSTANT HEAD       7
      10       1      31       1      0.4610000E-02     CONSTANT HEAD       8
      10       1      31       1      0.4630000E-03     CONSTANT HEAD       9
      10       1      31       1      0.1990000E-21     CONSTANT HEAD      10
      10       1      31       1      0.6970000E-13     CONSTANT HEAD      11
      10       1      31       1      0.1270000E-06     CONSTANT HEAD      12
      10       1      31       1      0.5412000E-02     CONSTANT HEAD      13
      10       1      31       1      0.9592000E-02     CONSTANT HEAD      14
      10       1      31       1      0.3033600E-02     CONSTANT HEAD      16
      10       1      31       1      0.4308000E-05     CONSTANT HEAD      18
      10       1      31       1       6.770000         CONSTANT HEAD      21
      10       1      31       1       13.85000         CONSTANT HEAD      22
      11       1      30       1      0.5000000E-03     CONSTANT HEAD       5
      11       1      30       1      0.4209000E-02     CONSTANT HEAD       6
      11       1      30       1      0.2648000E-02     CONSTANT HEAD       7
      11       1      30       1      0.4610000E-02     CONSTANT HEAD       8
      11       1      30       1      0.4630000E-03     CONSTANT HEAD       9
      11       1      30       1      0.1990000E-21     CONSTANT HEAD      10
      11       1      30       1      0.6970000E-13     CONSTANT HEAD      11
      11       1      30       1      0.1270000E-06     CONSTANT HEAD      12
      11       1      30       1      0.5412000E-02     CONSTANT HEAD      13
      11       1      30       1      0.9592000E-02     CONSTANT HEAD      14
      11       1      30       1      0.3033600E-02     CONSTANT HEAD      16
      11       1      30       1      0.4308000E-05     CONSTANT HEAD      18
      11       1      30       1       6.770000         CONSTANT HEAD      21
      11       1      30       1       13.85000         CONSTANT HEAD      22
      12       1      29       1      0.5000000E-03     CONSTANT HEAD       5
      12       1      29       1      0.4209000E-02     CONSTANT HEAD       6
      12       1      29       1      0.2648000E-02     CONSTANT HEAD       7
      12       1      29       1      0.4610000E-02     CONSTANT HEAD       8
      12       1      29       1      0.4630000E-03     CONSTANT HEAD       9
      12       1      29       1      0.1990000E-21     CONSTANT HEAD      10
      12       1      29       1      0.6970000E-13     CONSTANT HEAD      11
      12       1      29       1      0.1270000E-06     CONSTANT HEAD      12
      12       1      29       1      0.5412000E-02     CONSTANT HEAD      13
      12       1      29       1      0.9592000E-02     CONSTANT HEAD      14
      12       1      29       1      0.3033600E-02     CONSTANT HEAD      16
      12       1      29       1      0.4308000E-05     CONSTANT HEAD      18
      12       1      29       1       6.770000         CONSTANT HEAD      21
      12       1      29       1       13.85000         CONSTANT HEAD      22
      13       1      28       1      0.5000000E-03     CONSTANT HEAD       5
      13       1      28       1      0.4209000E-02     CONSTANT HEAD       6
      13       1      28       1      0.2648000E-02     CONSTANT HEAD       7
      13       1      28       1      0.4610000E-02     CONSTANT HEAD       8
      13       1      28       1      0.4630000E-03     CONSTANT HEAD       9
      13       1      28       1      0.1990000E-21     CONSTANT HEAD      10
      13       1      28       1      0.6970000E-13     CONSTANT HEAD      11
      13       1      28       1      0.1270000E-06     CONSTANT HEAD      12
      13       1      28       1      0.5412000E-02     CONSTANT HEAD      13
      13       1      28       1      0.9592000E-02     CONSTANT HEAD      14
      13       1      28       1      0.3033600E-02     CONSTANT HEAD      16
      13       1      28       1      0.4308000E-05     CONSTANT HEAD      18
      13       1      28       1       6.770000         CONSTANT HEAD      21
      13       1      28       1       13.85000         CONSTANT HEAD      22
      14       1      27       1      0.5000000E-03     CONSTANT HEAD       5
      14       1      27       1      0.4209000E-02     CONSTANT HEAD       6
      14       1      27       1      0.2648000E-02     CONSTANT HEAD       7
      14       1      27       1      0.4610000E-02     CONSTANT HEAD       8
      14       1      27       1      0.4630000E-03     CONSTANT HEAD       9
      14       1      27       1      0.1990000E-21     CONSTANT HEAD      10
      14       1      27       1      0.6970000E-13     CONSTANT HEAD      11
      14       1      27       1      0.1270000E-06     CONSTANT HEAD      12
      14       1      27       1      0.5412000E-02     CONSTANT HEAD      13
      14       1      27       1      0.9592000E-02     CONSTANT HEAD      14
      14       1      27       1      0.3033600E-02     CONSTANT HEAD      16
      14       1      27       1      0.4308000E-05     CONSTANT HEAD      18
      14       1      27       1       6.770000         CONSTANT HEAD      21
      14       1      27       1       13.85000         CONSTANT HEAD      22
      15       1      26       1      0.5000000E-03     CONSTANT HEAD       5
      15       1      26       1      0.4209000E-02     CONSTANT HEAD       6
      15       1      26       1      0.2648000E-02     CONSTANT HEAD       7
      15       1      26       1      0.4610000E-02     CONSTANT HEAD       8
      15       1      26       1      0.4630000E-03     CONSTANT HEAD       9
      15       1      26       1      0.1990000E-21     CONSTANT HEAD      10
      15       1      26       1      0.6970000E-13     CONSTANT HEAD      11
      15       1      26       1      0.1270000E-06     CONSTANT HEAD      12
      15       1      26       1      0.5412000E-02     CONSTANT HEAD      13
      15       1      26       1      0.9592000E-02     CONSTANT HEAD      14
      15       1      26       1      0.3033600E-02     CONSTANT HEAD      16
      15       1      26       1      0.4308000E-05     CONSTANT HEAD      18
      15       1      26       1       6.770000         CONSTANT HEAD      21
      15       1      26       1       13.85000         CONSTANT HEAD      22
      16       1      25       1      0.5000000E-03     CONSTANT HEAD       5
      16       1      25       1      0.4209000E-02     CONSTANT HEAD       6
      16       1      25       1      0.2648000E-02     CONSTANT HEAD       7
      16       1      25       1      0.4610000E-02     CONSTANT HEAD       8
      16       1      25       1      0.4630000E-03     CONSTANT HEAD       9
      16       1      25       1      0.1990000E-21     CONSTANT HEAD      10
      16       1      25       1      0.6970000E-13     CONSTANT HEAD      11
      16       1      25       1      0.1270000E-06     CONSTANT HEAD      12
      16       1      25       1      0.5412000E-02     CONSTANT HEAD      13
      16       1      25       1      0.9592000E-02     CONSTANT HEAD      14
      16       1      25       1      0.3033600E-02     CONSTANT HEAD      16
      16       1      25       1      0.4308000E-05     CONSTANT HEAD      18
      16       1      25       1       6.770000         CONSTANT HEAD      21
      16       1      25       1       13.85000         CONSTANT HEAD      22
      17       1      24       1      0.5000000E-03     CONSTANT HEAD       5
      17       1      24       1      0.4209000E-02     CONSTANT HEAD       6
      17       1      24       1      0.2648000E-02     CONSTANT HEAD       7
      17       1      24       1      0.4610000E-02     CONSTANT HEAD       8
      17       1      24       1      0.4630000E-03     CONSTANT HEAD       9
      17       1      24       1      0.1990000E-21     CONSTANT HEAD      10
      17       1      24       1      0.6970000E-13     CONSTANT HEAD      11
      17       1      24       1      0.1270000E-06     CONSTANT HEAD      12
      17       1      24       1      0.5412000E-02     CONSTANT HEAD      13
      17       1      24       1      0.9592000E-02     CONSTANT HEAD      14
      17       1      24       1      0.3033600E-02     CONSTANT HEAD      16
      17       1      24       1      0.4308000E-05     CONSTANT HEAD      18
      17       1      24       1       6.770000         CONSTANT HEAD      21
      17       1      24       1       13.85000         CONSTANT HEAD      22
      18       1      23       1      0.5000000E-03     CONSTANT HEAD       5
      18       1      23       1      0.4209000E-02     CONSTANT HEAD       6
      18       1      23       1      0.2648000E-02     CONSTANT HEAD       7
      18       1      23       1      0.4610000E-02     CONSTANT HEAD       8
      18       1      23       1      0.4630000E-03     CONSTANT HEAD       9
      18       1      23       1      0.1990000E-21     CONSTANT HEAD      10
      18       1      23       1      0.6970000E-13     CONSTANT HEAD      11
      18       1      23       1      0.1270000E-06     CONSTANT HEAD      12
      18       1      23       1      0.5412000E-02     CONSTANT HEAD      13
      18       1      23       1      0.9592000E-02     CONSTANT HEAD      14
      18       1      23       1      0.3033600E-02     CONSTANT HEAD      16
      18       1      23       1      0.4308000E-05     CONSTANT HEAD      18
      18       1      23       1       6.770000         CONSTANT HEAD      21
      18       1      23       1       13.85000         CONSTANT HEAD      22
      19       1      22       1      0.5000000E-03     CONSTANT HEAD       5
      19       1      22       1      0.4209000E-02     CONSTANT HEAD       6
      19       1      22       1      0.2648000E-02     CONSTANT HEAD       7
      19       1      22       1      0.4610000E-02     CONSTANT HEAD       8
      19       1      22       1      0.4630000E-03     CONSTANT HEAD       9
      19       1      22       1      0.1990000E-21     CONSTANT HEAD      10
      19       1      22       1      0.6970000E-13     CONSTANT HEAD      11
      19       1      22       1      0.1270000E-06     CONSTANT HEAD      12
      19       1      22       1      0.5412000E-02     CONSTANT HEAD      13
      19       1      22       1      0.9592000E-02     CONSTANT HEAD      14
      19       1      22       1      0.3033600E-02     CONSTANT HEAD      16
      19       1      22       1      0.4308000E-05     CONSTANT HEAD      18
      19       1      22       1       6.770000         CONSTANT HEAD      21
      19       1      22       1       13.85000         CONSTANT HEAD      22
      20       1      21       1      0.5000000E-03     CONSTANT HEAD       5
      20       1      21       1      0.4209000E-02     CONSTANT HEAD       6
      20       1      21       1      0.2648000E-02     CONSTANT HEAD       7
      20       1      21       1      0.4610000E-02     CONSTANT HEAD       8
      20       1      21       1      0.4630000E-03     CONSTANT HEAD       9
      20       1      21       1      0.1990000E-21     CONSTANT HEAD      10
      20       1      21       1      0.6970000E-13     CONSTANT HEAD      11
      20       1      21       1      0.1270000E-06     CONSTANT HEAD      12
      20       1      21       1      0.5412000E-02     CONSTANT HEAD      13
      20       1      21       1      0.9592000E-02     CONSTANT HEAD      14
      20       1      21       1      0.3033600E-02     CONSTANT HEAD      16
      20       1      21       1      0.4308000E-05     CONSTANT HEAD      18
      20       1      21       1       6.770000         CONSTANT HEAD      21
      20       1      21       1       13.85000         CONSTANT HEAD      22
      21       1      20       1      0.5000000E-03     CONSTANT HEAD       5
      21       1      20       1      0.4209000E-02     CONSTANT HEAD       6
      21       1      20       1      0.2648000E-02     CONSTANT HEAD       7
      21       1      20       1      0.4610000E-02     CONSTANT HEAD       8
      21       1      20       1      0.4630000E-03     CONSTANT HEAD       9
      21       1      20       1      0.1990000E-21     CONSTANT HEAD      10
      21       1      20       1      0.6970000E-13     CONSTANT HEAD      11
      21       1      20       1      0.1270000E-06     CONSTANT HEAD      12
      21       1      20       1      0.5412000E-02     CONSTANT HEAD      13
      21       1      20       1      0.9592000E-02     CONSTANT HEAD      14
      21       1      20       1      0.3033600E-02     CONSTANT HEAD      16
      21       1      20       1      0.4308000E-05     CONSTANT HEAD      18
      21       1      20       1       6.770000         CONSTANT HEAD      21
      21       1      20       1       13.85000         CONSTANT HEAD      22
      22       1      19       1      0.5000000E-03     CONSTANT HEAD       5
      22       1      19       1      0.4209000E-02     CONSTANT HEAD       6
      22       1      19       1      0.2648000E-02     CONSTANT HEAD       7
      22       1      19       1      0.4610000E-02     CONSTANT HEAD       8
      22       1      19       1      0.4630000E-03     CONSTANT HEAD       9
      22       1      19       1      0.1990000E-21     CONSTANT HEAD      10
      22       1      19       1      0.6970000E-13     CONSTANT HEAD      11
      22       1      19       1      0.1270000E-06     CONSTANT HEAD      12
      22       1      19       1      0.5412000E-02     CONSTANT HEAD      13
      22       1      19       1      0.9592000E-02     CONSTANT HEAD      14
      22       1      19       1      0.3033600E-02     CONSTANT HEAD      16
      22       1      19       1      0.4308000E-05     CONSTANT HEAD      18
      22       1      19       1       6.770000         CONSTANT HEAD      21
      22       1      19       1       13.85000         CONSTANT HEAD      22
      23       1      18       1      0.5000000E-03     CONSTANT HEAD       5
      23       1      18       1      0.4209000E-02     CONSTANT HEAD       6
      23       1      18       1      0.2648000E-02     CONSTANT HEAD       7
      23       1      18       1      0.4610000E-02     CONSTANT HEAD       8
      23       1      18       1      0.4630000E-03     CONSTANT HEAD       9
      23       1      18       1      0.1990000E-21     CONSTANT HEAD      10
      23       1      18       1      0.6970000E-13     CONSTANT HEAD      11
      23       1      18       1      0.1270000E-06     CONSTANT HEAD      12
      23       1      18       1      0.5412000E-02     CONSTANT HEAD      13
      23       1      18       1      0.9592000E-02     CONSTANT HEAD      14
      23       1      18       1      0.3033600E-02     CONSTANT HEAD      16
      23       1      18       1      0.4308000E-05     CONSTANT HEAD      18
      23       1      18       1       6.770000         CONSTANT HEAD      21
      23       1      18       1       13.85000         CONSTANT HEAD      22
      24       1      17       1      0.5000000E-03     CONSTANT HEAD       5
      24       1      17       1      0.4209000E-02     CONSTANT HEAD       6
      24       1      17       1      0.2648000E-02     CONSTANT HEAD       7
      24       1      17       1      0.4610000E-02     CONSTANT HEAD       8
      24       1      17       1      0.4630000E-03     CONSTANT HEAD       9
      24       1      17       1      0.1990000E-21     CONSTANT HEAD      10
      24       1      17       1      0.6970000E-13     CONSTANT HEAD      11
      24       1      17       1      0.1270000E-06     CONSTANT HEAD      12
      24       1      17       1      0.5412000E-02     CONSTANT HEAD      13
      24       1      17       1      0.9592000E-02     CONSTANT HEAD      14
      24       1      17       1      0.3033600E-02     CONSTANT HEAD      16
      24       1      17       1      0.4308000E-05     CONSTANT HEAD      18
      24       1      17       1       6.770000         CONSTANT HEAD      21
      24       1      17       1       13.85000         CONSTANT HEAD      22
      25       1      16       1      0.5000000E-03     CONSTANT HEAD       5
      25       1      16       1      0.4209000E-02     CONSTANT HEAD       6
      25       1      16       1      0.2648000E-02     CONSTANT HEAD       7
      25       1      16       1      0.4610000E-02     CONSTANT HEAD       8
      25       1      16       1      0.4630000E-03     CONSTANT HEAD       9
      25       1      16       1      0.1990000E-21     CONSTANT HEAD      10
      25       1      16       1      0.6970000E-13     CONSTANT HEAD      11
      25       1      16       1      0.1270000E-06     CONSTANT HEAD      12
      25       1      16       1      0.5412000E-02     CONSTANT HEAD      13
      25       1      16       1      0.9592000E-02     CONSTANT HEAD      14
      25       1      16       1      0.3033600E-02     CONSTANT HEAD      16
      25       1      16       1      0.4308000E-05     CONSTANT HEAD      18
      25       1      16       1       6.770000         CONSTANT HEAD      21
      25       1      16       1       13.85000         CONSTANT HEAD      22
      26       1      15       1      0.5000000E-03     CONSTANT HEAD       5
      26       1      15       1      0.4209000E-02     CONSTANT HEAD       6
      26       1      15       1      0.2648000E-02     CONSTANT HEAD       7
      26       1      15       1      0.4610000E-02     CONSTANT HEAD       8
      26       1      15       1      0.4630000E-03     CONSTANT HEAD       9
      26       1      15       1      0.1990000E-21     CONSTANT HEAD      10
      26       1      15       1      0.6970000E-13     CONSTANT HEAD      11
      26       1      15       1      0.1270000E-06     CONSTANT HEAD      12
      26       1      15       1      0.5412000E-02     CONSTANT HEAD      13
      26       1      15       1      0.9592000E-02     CONSTANT HEAD      14
      26       1      15       1      0.3033600E-02     CONSTANT HEAD      16
      26       1      15       1      0.4308000E-05     CONSTANT HEAD      18
      26       1      15       1       6.770000         CONSTANT HEAD      21
      26       1      15       1       13.85000         CONSTANT HEAD      22
      27       1      14       1      0.5000000E-03     CONSTANT HEAD       5
      27       1      14       1      0.4209000E-02     CONSTANT HEAD       6
      27       1      14       1      0.2648000E-02     CONSTANT HEAD       7
      27       1      14       1      0.4610000E-02     CONSTANT HEAD       8
      27       1      14       1      0.4630000E-03     CONSTANT HEAD       9
      27       1      14       1      0.1990000E-21     CONSTANT HEAD      10
      27       1      14       1      0.6970000E-13     CONSTANT HEAD      11
      27       1      14       1      0.1270000E-06     CONSTANT HEAD      12
      27       1      14       1      0.5412000E-02     CONSTANT HEAD      13
      27       1      14       1      0.9592000E-02     CONSTANT HEAD      14
      27       1      14       1      0.3033600E-02     CONSTANT HEAD      16
      27       1      14       1      0.4308000E-05     CONSTANT HEAD      18
      27       1      14       1       6.770000         CONSTANT HEAD      21
      27       1      14       1       13.85000         CONSTANT HEAD      22
      28       1      13       1      0.5000000E-03     CONSTANT HEAD       5
      28       1      13       1      0.4209000E-02     CONSTANT HEAD       6
      28       1      13       1      0.2648000E-02     CONSTANT HEAD       7
      28       1      13       1      0.4610000E-02     CONSTANT HEAD       8
      28       1      13       1      0.4630000E-03     CONSTANT HEAD       9
      28       1      13       1      0.1990000E-21     CONSTANT HEAD      10
      28       1      13       1      0.6970000E-13     CONSTANT HEAD      11
      28       1      13       1      0.1270000E-06     CONSTANT HEAD      12
      28       1      13       1      0.5412000E-02     CONSTANT HEAD      13
      28       1      13       1      0.9592000E-02     CONSTANT HEAD      14
      28       1      13       1      0.3033600E-02     CONSTANT HEAD      16
      28       1      13       1      0.4308000E-05     CONSTANT HEAD      18
      28       1      13       1       6.770000         CONSTANT HEAD      21
      28       1      13       1       13.85000         CONSTANT HEAD      22
      29       1      12       1      0.5000000E-03     CONSTANT HEAD       5
      29       1      12       1      0.4209000E-02     CONSTANT HEAD       6
      29       1      12       1      0.2648000E-02     CONSTANT HEAD       7
      29       1      12       1      0.4610000E-02     CONSTANT HEAD       8
      29       1      12       1      0.4630000E-03     CONSTANT HEAD       9
      29       1      12       1      0.1990000E-21     CONSTANT HEAD      10
      29       1      12       1      0.6970000E-13     CONSTANT HEAD      11
      29       1      12       1      0.1270000E-06     CONSTANT HEAD      12
      29       1      12       1      0.5412000E-02     CONSTANT HEAD      13
      29       1      12       1      0.9592000E-02     CONSTANT HEAD      14
      29       1      12       1      0.3033600E-02     CONSTANT HEAD      16
      29       1      12       1      0.4308000E-05     CONSTANT HEAD      18
      29       1      12       1       6.770000         CONSTANT HEAD      21
      29       1      12       1       13.85000         CONSTANT HEAD      22
      30       1      11       1      0.5000000E-03     CONSTANT HEAD       5
      30       1      11       1      0.4209000E-02     CONSTANT HEAD       6
      30       1      11       1      0.2648000E-02     CONSTANT HEAD       7
      30       1      11       1      0.4610000E-02     CONSTANT HEAD       8
      30       1      11       1      0.4630000E-03     CONSTANT HEAD       9
      30       1      11       1      0.1990000E-21     CONSTANT HEAD      10
      30       1      11       1      0.6970000E-13     CONSTANT HEAD      11
      30       1      11       1      0.1270000E-06     CONSTANT HEAD      12
      30       1      11       1      0.5412000E-02     CONSTANT HEAD      13
      30       1      11       1      0.9592000E-02     CONSTANT HEAD      14
      30       1      11       1      0.3033600E-02     CONSTANT HEAD      16
      30       1      11       1      0.4308000E-05     CONSTANT HEAD      18
      30       1      11       1       6.770000         CONSTANT HEAD      21
      30       1      11       1       13.85000         CONSTANT HEAD      22
      31       1      10       1      0.5000000E-03     CONSTANT HEAD       5
      31       1      10       1      0.4209000E-02     CONSTANT HEAD       6
      31       1      10       1      0.2648000E-02     CONSTANT HEAD       7
      31       1      10       1      0.4610000E-02     CONSTANT HEAD       8
      31       1      10       1      0.4630000E-03     CONSTANT HEAD       9
      31       1      10       1      0.1990000E-21     CONSTANT HEAD      10
      31       1      10       1      0.6970000E-13     CONSTANT HEAD      11
      31       1      10       1      0.1270000E-06     CONSTANT HEAD      12
      31       1      10       1      0.5412000E-02     CONSTANT HEAD      13
      31       1      10       1      0.9592000E-02     CONSTANT HEAD      14
      31       1      10       1      0.3033600E-02     CONSTANT HEAD      16
      31       1      10       1      0.4308000E-05     CONSTANT HEAD      18
      31       1      10       1       6.770000         CONSTANT HEAD      21
      31       1      10       1       13.85000         CONSTANT HEAD      22
      32       1       9       1      0.5000000E-03     CONSTANT HEAD       5
      32       1       9       1      0.4209000E-02     CONSTANT HEAD       6
      32       1       9       1      0.2648000E-02     CONSTANT HEAD       7
      32       1       9       1      0.4610000E-02     CONSTANT HEAD       8
      32       1       9       1      0.4630000E-03     CONSTANT HEAD       9
      32       1       9       1      0.1990000E-21     CONSTANT HEAD      10
      32       1       9       1      0.6970000E-13     CONSTANT HEAD      11
      32       1       9       1      0.1270000E-06     CONSTANT HEAD      12
      32       1       9       1      0.5412000E-02     CONSTANT HEAD      13
      32       1       9       1      0.9592000E-02     CONSTANT HEAD      14
      32       1       9       1      0.3033600E-02     CONSTANT HEAD      16
      32       1       9       1      0.4308000E-05     CONSTANT HEAD      18
      32       1       9       1       6.770000         CONSTANT HEAD      21
      32       1       9       1       13.85000         CONSTANT HEAD      22
      33       1       8       1      0.5000000E-03     CONSTANT HEAD       5
      33       1       8       1      0.4209000E-02     CONSTANT HEAD       6
      33       1       8       1      0.2648000E-02     CONSTANT HEAD       7
      33       1       8       1      0.4610000E-02     CONSTANT HEAD       8
      33       1       8       1      0.4630000E-03     CONSTANT HEAD       9
      33       1       8       1      0.1990000E-21     CONSTANT HEAD      10
      33       1       8       1      0.6970000E-13     CONSTANT HEAD      11
      33       1       8       1      0.1270000E-06     CONSTANT HEAD      12
      33       1       8       1      0.5412000E-02     CONSTANT HEAD      13
      33       1       8       1      0.9592000E-02     CONSTANT HEAD      14
      33       1       8       1      0.3033600E-02     CONSTANT HEAD      16
      33       1       8       1      0.4308000E-05     CONSTANT HEAD      18
      33       1       8       1       6.770000         CONSTANT HEAD      21
      33       1       8       1       13.85000         CONSTANT HEAD      22
      34       1       7       1      0.5000000E-03     CONSTANT HEAD       5
      34       1       7       1      0.4209000E-02     CONSTANT HEAD       6
      34       1       7       1      0.2648000E-02     CONSTANT HEAD       7
      34       1       7       1      0.4610000E-02     CONSTANT HEAD       8
      34       1       7       1      0.4630000E-03     CONSTANT HEAD       9
      34       1       7       1      0.1990000E-21     CONSTANT HEAD      10
      34       1       7       1      0.6970000E-13     CONSTANT HEAD      11
      34       1       7       1      0.1270000E-06     CONSTANT HEAD      12
      34       1       7       1      0.5412000E-02     CONSTANT HEAD      13
      34       1       7       1      0.9592000E-02     CONSTANT HEAD      14
      34       1       7       1      0.3033600E-02     CONSTANT HEAD      16
      34       1       7       1      0.4308000E-05     CONSTANT HEAD      18
      34       1       7       1       6.770000         CONSTANT HEAD      21
      34       1       7       1       13.85000         CONSTANT HEAD      22
      35       1       6       1      0.5000000E-03     CONSTANT HEAD       5
      35       1       6       1      0.4209000E-02     CONSTANT HEAD       6
      35       1       6       1      0.2648000E-02     CONSTANT HEAD       7
      35       1       6       1      0.4610000E-02     CONSTANT HEAD       8
      35       1       6       1      0.4630000E-03     CONSTANT HEAD       9
      35       1       6       1      0.1990000E-21     CONSTANT HEAD      10
      35       1       6       1      0.6970000E-13     CONSTANT HEAD      11
      35       1       6       1      0.1270000E-06     CONSTANT HEAD      12
      35       1       6       1      0.5412000E-02     CONSTANT HEAD      13
      35       1       6       1      0.9592000E-02     CONSTANT HEAD      14
      35       1       6       1      0.3033600E-02     CONSTANT HEAD      16
      35       1       6       1      0.4308000E-05     CONSTANT HEAD      18
      35       1       6       1       6.770000         CONSTANT HEAD      21
      35       1       6       1       13.85000         CONSTANT HEAD      22
      36       1       5       1      0.5000000E-03     CONSTANT HEAD       5
      36       1       5       1      0.4209000E-02     CONSTANT HEAD       6
      36       1       5       1      0.2648000E-02     CONSTANT HEAD       7
      36       1       5       1      0.4610000E-02     CONSTANT HEAD       8
      36       1       5       1      0.4630000E-03     CONSTANT HEAD       9
      36       1       5       1      0.1990000E-21     CONSTANT HEAD      10
      36       1       5       1      0.6970000E-13     CONSTANT HEAD      11
      36       1       5       1      0.1270000E-06     CONSTANT HEAD      12
      36       1       5       1      0.5412000E-02     CONSTANT HEAD      13
      36       1       5       1      0.9592000E-02     CONSTANT HEAD      14
      36       1       5       1      0.3033600E-02     CONSTANT HEAD      16
      36       1       5       1      0.4308000E-05     CONSTANT HEAD      18
      36       1       5       1       6.770000         CONSTANT HEAD      21
      36       1       5       1       13.85000         CONSTANT HEAD      22
      37       1       4       1      0.5000000E-03     CONSTANT HEAD       5
      37       1       4       1      0.4209000E-02     CONSTANT HEAD       6
      37       1       4       1      0.2648000E-02     CONSTANT HEAD       7
      37       1       4       1      0.4610000E-02     CONSTANT HEAD       8
      37       1       4       1      0.4630000E-03     CONSTANT HEAD       9
      37       1       4       1      0.1990000E-21     CONSTANT HEAD      10
      37       1       4       1      0.6970000E-13     CONSTANT HEAD      11
      37       1       4       1      0.1270000E-06     CONSTANT HEAD      12
      37       1       4       1      0.5412000E-02     CONSTANT HEAD      13
      37       1       4       1      0.9592000E-02     CONSTANT HEAD      14
      37       1       4       1      0.3033600E-02     CONSTANT HEAD      16
      37       1       4       1      0.4308000E-05     CONSTANT HEAD      18
      37       1       4       1       6.770000         CONSTANT HEAD      21
      37       1       4       1       13.85000         CONSTANT HEAD      22
      38       1       3       1      0.5000000E-03     CONSTANT HEAD       5
      38       1       3       1      0.4209000E-02     CONSTANT HEAD       6
      38       1       3       1      0.2648000E-02     CONSTANT HEAD       7
      38       1       3       1      0.4610000E-02     CONSTANT HEAD       8
      38       1       3       1      0.4630000E-03     CONSTANT HEAD       9
      38       1       3       1      0.1990000E-21     CONSTANT HEAD      10
      38       1       3       1      0.6970000E-13     CONSTANT HEAD      11
      38       1       3       1      0.1270000E-06     CONSTANT HEAD      12
      38       1       3       1      0.5412000E-02     CONSTANT HEAD      13
      38       1       3       1      0.9592000E-02     CONSTANT HEAD      14
      38       1       3       1      0.3033600E-02     CONSTANT HEAD      16
      38       1       3       1      0.4308000E-05     CONSTANT HEAD      18
      38       1       3       1       6.770000         CONSTANT HEAD      21
      38       1       3       1       13.85000         CONSTANT HEAD      22
      39       1       2       1      0.5000000E-03     CONSTANT HEAD       5
      39       1       2       1      0.4209000E-02     CONSTANT HEAD       6
      39       1       2       1      0.2648000E-02     CONSTANT HEAD       7
      39       1       2       1      0.4610000E-02     CONSTANT HEAD       8
      39       1       2       1      0.4630000E-03     CONSTANT HEAD       9
      39       1       2       1      0.1990000E-21     CONSTANT HEAD      10
      39       1       2       1      0.6970000E-13     CONSTANT HEAD      11
      39       1       2       1      0.1270000E-06     CONSTANT HEAD      12
      39       1       2       1      0.5412000E-02     CONSTANT HEAD      13
      39       1       2       1      0.9592000E-02     CONSTANT HEAD      14
      39       1       2       1      0.3033600E-02     CONSTANT HEAD      16
      39       1       2       1      0.4308000E-05     CONSTANT HEAD      18
      39       1       2       1       6.770000         CONSTANT HEAD      21
      39       1       2       1       13.85000         CONSTANT HEAD      22
      40       1       1       1      0.5000000E-03     CONSTANT HEAD       5
      40       1       1       1      0.4209000E-02     CONSTANT HEAD       6
      40       1       1       1      0.2648000E-02     CONSTANT HEAD       7
      40       1       1       1      0.4610000E-02     CONSTANT HEAD       8
      40       1       1       1      0.4630000E-03     CONSTANT HEAD       9
      40       1       1       1      0.1990000E-21     CONSTANT HEAD      10
      40       1       1       1      0.6970000E-13     CONSTANT HEAD      11
      40       1       1       1      0.1270000E-06     CONSTANT HEAD      12
      40       1       1       1      0.5412000E-02     CONSTANT HEAD      13
      40       1       1       1      0.9592000E-02     CONSTANT HEAD      14
      40       1       1       1      0.3033600E-02     CONSTANT HEAD      16
      40       1       1       1      0.4308000E-05     CONSTANT HEAD      18
      40       1       1       1       6.770000         CONSTANT HEAD      21
      40       1       1       1       13.85000         CONSTANT HEAD      22


                                          ================================================
                                                         TIME STEP NO.  001
                                          ================================================

 FROM TIME =   0.0000     TO    10.000    


                    "THKSAT          " FLOW TERMS FOR TIME STEP  1, STRESS PERIOD  1 READ UNFORMATTED ON UNIT 66
                    --------------------------------------------------------------------------------------------

                    "QXX             " FLOW TERMS FOR TIME STEP  1, STRESS PERIOD  1 READ UNFORMATTED ON UNIT 66
                    --------------------------------------------------------------------------------------------

                    "QYY             " FLOW TERMS FOR TIME STEP  1, STRESS PERIOD  1 READ UNFORMATTED ON UNIT 66
                    --------------------------------------------------------------------------------------------

 MAXIMUM STEPSIZE DURING WHICH ANY PARTICLE CANNOT MOVE MORE THAN ONE CELL
 =  5.765    (WHEN MIN. R.F.=1)  AT K=   1, I=  27, J=  39

 MAXIMUM STEPSIZE WHICH MEETS STABILITY CRITERION OF THE ADVECTION TERM
 (FOR PURE FINITE-DIFFERENCE OPTION, MIXELM=0) 
 =  3.182    (WHEN MIN. R.F.=1)  AT K=   1, I=  27, J=  41

                    "CNH             " FLOW TERMS FOR TIME STEP  1, STRESS PERIOD  1 READ UNFORMATTED ON UNIT 66
                    --------------------------------------------------------------------------------------------


 TOTAL NUMBER OF POINT SOURCES/SINKS PRESENT IN THE FLOW MODEL =    80

 MAXIMUM STEPSIZE WHICH MEETS STABILITY CRITERION OF THE SINK & SOURCE TERM
 =  10.27    (WHEN MIN. R.F.=1)  AT K=   1, I=  40, J=   1

 MAXIMUM STEPSIZE WHICH MEETS STABILITY CRITERION OF THE DISPERSION TERM
 =  7.270    (WHEN MIN. R.F.=1)  AT K=   1, I=  26, J=  41














































  MAXIMUM CONCENTRATION CHANGES FOR EACH ITERATION:
  MAX. CHANGE LAYER,ROW,COL MAX. CHANGE LAYER,ROW,COL MAX. CHANGE LAYER,ROW,COL MAX. CHANGE LAYER,ROW,COL MAX. CHANGE LAYER,ROW,COL
 ------------------------------------------------------------------------------------------------------------------------------------
   0.2230E-04 (  1, 28, 16)  0.1867E-07 (  1, 27, 17)  0.7536E-11 (  1, 17, 13)
  MAXIMUM CONCENTRATION CHANGES FOR EACH ITERATION:
  MAX. CHANGE LAYER,ROW,COL MAX. CHANGE LAYER,ROW,COL MAX. CHANGE LAYER,ROW,COL MAX. CHANGE LAYER,ROW,COL MAX. CHANGE LAYER,ROW,COL
 ------------------------------------------------------------------------------------------------------------------------------------
   0.4156E-05 (  1, 28, 16)  0.3611E-08 (  1, 27, 17)  0.1466E-11 (  1, 29, 18)
  MAXIMUM CONCENTRATION CHANGES FOR EACH ITERATION:
  MAX. CHANGE LAYER,ROW,COL MAX. CHANGE LAYER,ROW,COL MAX. CHANGE LAYER,ROW,COL MAX. CHANGE LAYER,ROW,COL MAX. CHANGE LAYER,ROW,COL
 ------------------------------------------------------------------------------------------------------------------------------------
   0.3256E-05 (  1, 28, 16)  0.2757E-08 (  1, 27, 17)  0.1072E-11 (  1, 29, 18)
  MAXIMUM CONCENTRATION CHANGES FOR EACH ITERATION:
  MAX. CHANGE LAYER,ROW,COL MAX. CHANGE LAYER,ROW,COL MAX. CHANGE LAYER,ROW,COL MAX. CHANGE LAYER,ROW,COL MAX. CHANGE LAYER,ROW,COL
 ------------------------------------------------------------------------------------------------------------------------------------
    0.000     (  1,  1,  1)
  MAXIMUM CONCENTRATION CHANGES FOR EACH ITERATION:
  MAX. CHANGE LAYER,ROW,COL MAX. CHANGE LAYER,ROW,COL MAX. CHANGE LAYER,ROW,COL MAX. CHANGE LAYER,ROW,COL MAX. CHANGE LAYER,ROW,COL
 ------------------------------------------------------------------------------------------------------------------------------------
    0.000     (  1,  1,  1)
  MAXIMUM CONCENTRATION CHANGES FOR EACH ITERATION:
  MAX. CHANGE LAYER,ROW,COL MAX. CHANGE LAYER,ROW,COL MAX. CHANGE LAYER,ROW,COL MAX. CHANGE LAYER,ROW,COL MAX. CHANGE LAYER,ROW,COL
 ------------------------------------------------------------------------------------------------------------------------------------
    0.000     (  1,  1,  1)
  MAXIMUM CONCENTRATION CHANGES FOR EACH ITERATION:
  MAX. CHANGE LAYER,ROW,COL MAX. CHANGE LAYER,ROW,COL MAX. CHANGE LAYER,ROW,COL MAX. CHANGE LAYER,ROW,COL MAX. CHANGE LAYER,ROW,COL
 ------------------------------------------------------------------------------------------------------------------------------------
    0.000     (  1,  1,  1)
  MAXIMUM CONCENTRATION CHANGES FOR EACH ITERATION:
  MAX. CHANGE LAYER,ROW,COL MAX. CHANGE LAYER,ROW,COL MAX. CHANGE LAYER,ROW,COL MAX. CHANGE LAYER,ROW,COL MAX. CHANGE LAYER,ROW,COL
 ------------------------------------------------------------------------------------------------------------------------------------
    0.000     (  1,  1,  1)
  MAXIMUM CONCENTRATION CHANGES FOR EACH ITERATION:
  MAX. CHANGE LAYER,ROW,COL MAX. CHANGE LAYER,ROW,COL MAX. CHANGE LAYER,ROW,COL MAX. CHANGE LAYER,ROW,COL MAX. CHANGE LAYER,ROW,COL
 ------------------------------------------------------------------------------------------------------------------------------------
    0.000     (  1,  1,  1)
  MAXIMUM CONCENTRATION CHANGES FOR EACH ITERATION:
  MAX. CHANGE LAYER,ROW,COL MAX. CHANGE LAYER,ROW,COL MAX. CHANGE LAYER,ROW,COL MAX. CHANGE LAYER,ROW,COL MAX. CHANGE LAYER,ROW,COL
 ------------------------------------------------------------------------------------------------------------------------------------
    0.000     (  1,  1,  1)
  MAXIMUM CONCENTRATION CHANGES FOR EACH ITERATION:
  MAX. CHANGE LAYER,ROW,COL MAX. CHANGE LAYER,ROW,COL MAX. CHANGE LAYER,ROW,COL MAX. CHANGE LAYER,ROW,COL MAX. CHANGE LAYER,ROW,COL
 ------------------------------------------------------------------------------------------------------------------------------------
    0.000     (  1,  1,  1)
  MAXIMUM CONCENTRATION CHANGES FOR EACH ITERATION:
  MAX. CHANGE LAYER,ROW,COL MAX. CHANGE LAYER,ROW,COL MAX. CHANGE LAYER,ROW,COL MAX. CHANGE LAYER,ROW,COL MAX. CHANGE LAYER,ROW,COL
 ------------------------------------------------------------------------------------------------------------------------------------
    0.000     (  1,  1,  1)
  MAXIMUM CONCENTRATION CHANGES FOR EACH ITERATION:
  MAX. CHANGE LAYER,ROW,COL MAX. CHANGE LAYER,ROW,COL MAX. CHANGE LAYER,ROW,COL MAX. CHANGE LAYER,ROW,COL MAX. CHANGE LAYER,ROW,COL
 ------------------------------------------------------------------------------------------------------------------------------------
   0.3053E-09 (  1, 40,  1)  0.9326E-13 (  1, 38,  2)
  MAXIMUM CONCENTRATION CHANGES FOR EACH ITERATION:
  MAX. CHANGE LAYER,ROW,COL MAX. CHANGE LAYER,ROW,COL MAX. CHANGE LAYER,ROW,COL MAX. CHANGE LAYER,ROW,COL MAX. CHANGE LAYER,ROW,COL
 ------------------------------------------------------------------------------------------------------------------------------------
    0.000     (  1,  1,  1)
  MAXIMUM CONCENTRATION CHANGES FOR EACH ITERATION:
  MAX. CHANGE LAYER,ROW,COL MAX. CHANGE LAYER,ROW,COL MAX. CHANGE LAYER,ROW,COL MAX. CHANGE LAYER,ROW,COL MAX. CHANGE LAYER,ROW,COL
 ------------------------------------------------------------------------------------------------------------------------------------
    0.000     (  1,  1,  1)
  MAXIMUM CONCENTRATION CHANGES FOR EACH ITERATION:
  MAX. CHANGE LAYER,ROW,COL MAX. CHANGE LAYER,ROW,COL MAX. CHANGE LAYER,ROW,COL MAX. CHANGE LAYER,ROW,COL MAX. CHANGE LAYER,ROW,COL
 ------------------------------------------------------------------------------------------------------------------------------------
    0.000     (  1,  1,  1)
  MAXIMUM CONCENTRATION CHANGES FOR EACH ITERATION:
  MAX. CHANGE LAYER,ROW,COL MAX. CHANGE LAYER,ROW,COL MAX. CHANGE LAYER,ROW,COL MAX. CHANGE LAYER,ROW,COL MAX. CHANGE LAYER,ROW,COL
 ------------------------------------------------------------------------------------------------------------------------------------
    0.000     (  1,  1,  1)
  MAXIMUM CONCENTRATION CHANGES FOR EACH ITERATION:
  MAX. CHANGE LAYER,ROW,COL MAX. CHANGE LAYER,ROW,COL MAX. CHANGE LAYER,ROW,COL MAX. CHANGE LAYER,ROW,COL MAX. CHANGE LAYER,ROW,COL
 ------------------------------------------------------------------------------------------------------------------------------------
    0.000     (  1,  1,  1)
  MAXIMUM CONCENTRATION CHANGES FOR EACH ITERATION:
  MAX. CHANGE LAYER,ROW,COL MAX. CHANGE LAYER,ROW,COL MAX. CHANGE LAYER,ROW,COL MAX. CHANGE LAYER,ROW,COL MAX. CHANGE LAYER,ROW,COL
 ------------------------------------------------------------------------------------------------------------------------------------
   0.4660E-05 (  1, 40,  1)  0.1423E-08 (  1, 38,  2)  0.4429E-12 (  1, 37,  3)
  MAXIMUM CONCENTRATION CHANGES FOR EACH ITERATION:
  MAX. CHANGE LAYER,ROW,COL MAX. CHANGE LAYER,ROW,COL MAX. CHANGE LAYER,ROW,COL MAX. CHANGE LAYER,ROW,COL MAX. CHANGE LAYER,ROW,COL
 ------------------------------------------------------------------------------------------------------------------------------------
    0.000     (  1,  1,  1)
  MAXIMUM CONCENTRATION CHANGES FOR EACH ITERATION:
  MAX. CHANGE LAYER,ROW,COL MAX. CHANGE LAYER,ROW,COL MAX. CHANGE LAYER,ROW,COL MAX. CHANGE LAYER,ROW,COL MAX. CHANGE LAYER,ROW,COL
 ------------------------------------------------------------------------------------------------------------------------------------
    0.000     (  1,  1,  1)
  MAXIMUM CONCENTRATION CHANGES FOR EACH ITERATION:
  MAX. CHANGE LAYER,ROW,COL MAX. CHANGE LAYER,ROW,COL MAX. CHANGE LAYER,ROW,COL MAX. CHANGE LAYER,ROW,COL MAX. CHANGE LAYER,ROW,COL
 ------------------------------------------------------------------------------------------------------------------------------------
    0.000     (  1,  1,  1)
  MAXIMUM CONCENTRATION CHANGES FOR EACH ITERATION:
  MAX. CHANGE LAYER,ROW,COL MAX. CHANGE LAYER,ROW,COL MAX. CHANGE LAYER,ROW,COL MAX. CHANGE LAYER,ROW,COL MAX. CHANGE LAYER,ROW,COL
 ------------------------------------------------------------------------------------------------------------------------------------
    0.000     (  1,  1,  1)


                                          ================================================
                                                         TIME STEP NO.  002
                                          ================================================

 FROM TIME =   10.000     TO    20.000    















































  MAXIMUM CONCENTRATION CHANGES FOR EACH ITERATION:
  MAX. CHANGE LAYER,ROW,COL MAX. CHANGE LAYER,ROW,COL MAX. CHANGE LAYER,ROW,COL MAX. CHANGE LAYER,ROW,COL MAX. CHANGE LAYER,ROW,COL
 ------------------------------------------------------------------------------------------------------------------------------------
   0.3384E-03 (  1, 28, 16)  0.2813E-06 (  1, 27, 17)  0.1139E-09 (  1, 17, 13)  0.6828E-13 (  1, 31, 13)
  MAXIMUM CONCENTRATION CHANGES FOR EACH ITERATION:
  MAX. CHANGE LAYER,ROW,COL MAX. CHANGE LAYER,ROW,COL MAX. CHANGE LAYER,ROW,COL MAX. CHANGE LAYER,ROW,COL MAX. CHANGE LAYER,ROW,COL
 ------------------------------------------------------------------------------------------------------------------------------------
   0.5852E-04 (  1, 28, 16)  0.5005E-07 (  1, 27, 17)  0.1914E-10 (  1, 29, 18)  0.1177E-13 (  1, 31, 13)
  MAXIMUM CONCENTRATION CHANGES FOR EACH ITERATION:
  MAX. CHANGE LAYER,ROW,COL MAX. CHANGE LAYER,ROW,COL MAX. CHANGE LAYER,ROW,COL MAX. CHANGE LAYER,ROW,COL MAX. CHANGE LAYER,ROW,COL
 ------------------------------------------------------------------------------------------------------------------------------------
   0.1271E-05 (  1, 28, 17)  0.1090E-08 (  1, 28, 17)  0.4513E-12 (  1, 29, 21)
  MAXIMUM CONCENTRATION CHANGES FOR EACH ITERATION:
  MAX. CHANGE LAYER,ROW,COL MAX. CHANGE LAYER,ROW,COL MAX. CHANGE LAYER,ROW,COL MAX. CHANGE LAYER,ROW,COL MAX. CHANGE LAYER,ROW,COL
 ------------------------------------------------------------------------------------------------------------------------------------
   0.1359E-01 (  1, 28, 16)  0.1138E-04 (  1, 27, 17)  0.4593E-08 (  1, 17, 13)  0.2751E-11 (  1, 31, 13)
  MAXIMUM CONCENTRATION CHANGES FOR EACH ITERATION:
  MAX. CHANGE LAYER,ROW,COL MAX. CHANGE LAYER,ROW,COL MAX. CHANGE LAYER,ROW,COL MAX. CHANGE LAYER,ROW,COL MAX. CHANGE LAYER,ROW,COL
 ------------------------------------------------------------------------------------------------------------------------------------
   0.1359E-01 (  1, 28, 16)  0.1138E-04 (  1, 27, 17)  0.4593E-08 (  1, 17, 13)  0.2751E-11 (  1, 31, 13)
  MAXIMUM CONCENTRATION CHANGES FOR EACH ITERATION:
  MAX. CHANGE LAYER,ROW,COL MAX. CHANGE LAYER,ROW,COL MAX. CHANGE LAYER,ROW,COL MAX. CHANGE LAYER,ROW,COL MAX. CHANGE LAYER,ROW,COL
 ------------------------------------------------------------------------------------------------------------------------------------
    0.000     (  1,  1,  1)
  MAXIMUM CONCENTRATION CHANGES FOR EACH ITERATION:
  MAX. CHANGE LAYER,ROW,COL MAX. CHANGE LAYER,ROW,COL MAX. CHANGE LAYER,ROW,COL MAX. CHANGE LAYER,ROW,COL MAX. CHANGE LAYER,ROW,COL
 ------------------------------------------------------------------------------------------------------------------------------------
    0.000     (  1,  1,  1)
  MAXIMUM CONCENTRATION CHANGES FOR EACH ITERATION:
  MAX. CHANGE LAYER,ROW,COL MAX. CHANGE LAYER,ROW,COL MAX. CHANGE LAYER,ROW,COL MAX. CHANGE LAYER,ROW,COL MAX. CHANGE LAYER,ROW,COL
 ------------------------------------------------------------------------------------------------------------------------------------
   0.1172E-01 (  1, 28, 16)  0.9810E-05 (  1, 27, 17)  0.3960E-08 (  1, 17, 13)  0.2372E-11 (  1, 31, 13)
  MAXIMUM CONCENTRATION CHANGES FOR EACH ITERATION:
  MAX. CHANGE LAYER,ROW,COL MAX. CHANGE LAYER,ROW,COL MAX. CHANGE LAYER,ROW,COL MAX. CHANGE LAYER,ROW,COL MAX. CHANGE LAYER,ROW,COL
 ------------------------------------------------------------------------------------------------------------------------------------
   0.1829E-03 (  1, 28, 16)  0.1577E-06 (  1, 27, 17)  0.5933E-10 (  1, 17, 13)  0.3697E-13 (  1, 31, 13)
  MAXIMUM CONCENTRATION CHANGES FOR EACH ITERATION:
  MAX. CHANGE LAYER,ROW,COL MAX. CHANGE LAYER,ROW,COL MAX. CHANGE LAYER,ROW,COL MAX. CHANGE LAYER,ROW,COL MAX. CHANGE LAYER,ROW,COL
 ------------------------------------------------------------------------------------------------------------------------------------
    0.000     (  1,  1,  1)
  MAXIMUM CONCENTRATION CHANGES FOR EACH ITERATION:
  MAX. CHANGE LAYER,ROW,COL MAX. CHANGE LAYER,ROW,COL MAX. CHANGE LAYER,ROW,COL MAX. CHANGE LAYER,ROW,COL MAX. CHANGE LAYER,ROW,COL
 ------------------------------------------------------------------------------------------------------------------------------------
    0.000     (  1,  1,  1)
  MAXIMUM CONCENTRATION CHANGES FOR EACH ITERATION:
  MAX. CHANGE LAYER,ROW,COL MAX. CHANGE LAYER,ROW,COL MAX. CHANGE LAYER,ROW,COL MAX. CHANGE LAYER,ROW,COL MAX. CHANGE LAYER,ROW,COL
 ------------------------------------------------------------------------------------------------------------------------------------
    0.000     (  1,  1,  1)
  MAXIMUM CONCENTRATION CHANGES FOR EACH ITERATION:
  MAX. CHANGE LAYER,ROW,COL MAX. CHANGE LAYER,ROW,COL MAX. CHANGE LAYER,ROW,COL MAX. CHANGE LAYER,ROW,COL MAX. CHANGE LAYER,ROW,COL
 ------------------------------------------------------------------------------------------------------------------------------------
   0.5847E-02 (  1, 28, 16)  0.4900E-05 (  1, 27, 17)  0.1977E-08 (  1, 17, 13)  0.1184E-11 (  1, 31, 13)
  MAXIMUM CONCENTRATION CHANGES FOR EACH ITERATION:
  MAX. CHANGE LAYER,ROW,COL MAX. CHANGE LAYER,ROW,COL MAX. CHANGE LAYER,ROW,COL MAX. CHANGE LAYER,ROW,COL MAX. CHANGE LAYER,ROW,COL
 ------------------------------------------------------------------------------------------------------------------------------------
   0.1866E-03 (  1, 28, 16)  0.1706E-06 (  1, 27, 17)  0.7197E-10 (  1, 29, 18)  0.4641E-13 (  1, 30, 14)
  MAXIMUM CONCENTRATION CHANGES FOR EACH ITERATION:
  MAX. CHANGE LAYER,ROW,COL MAX. CHANGE LAYER,ROW,COL MAX. CHANGE LAYER,ROW,COL MAX. CHANGE LAYER,ROW,COL MAX. CHANGE LAYER,ROW,COL
 ------------------------------------------------------------------------------------------------------------------------------------
    0.000     (  1,  1,  1)
  MAXIMUM CONCENTRATION CHANGES FOR EACH ITERATION:
  MAX. CHANGE LAYER,ROW,COL MAX. CHANGE LAYER,ROW,COL MAX. CHANGE LAYER,ROW,COL MAX. CHANGE LAYER,ROW,COL MAX. CHANGE LAYER,ROW,COL
 ------------------------------------------------------------------------------------------------------------------------------------
    0.000     (  1,  1,  1)
  MAXIMUM CONCENTRATION CHANGES FOR EACH ITERATION:
  MAX. CHANGE LAYER,ROW,COL MAX. CHANGE LAYER,ROW,COL MAX. CHANGE LAYER,ROW,COL MAX. CHANGE LAYER,ROW,COL MAX. CHANGE LAYER,ROW,COL
 ------------------------------------------------------------------------------------------------------------------------------------
   0.3125E-03 (  1, 28, 16)  0.2628E-06 (  1, 27, 17)  0.1054E-09 (  1, 17, 13)  0.6339E-13 (  1, 31, 13)
  MAXIMUM CONCENTRATION CHANGES FOR EACH ITERATION:
  MAX. CHANGE LAYER,ROW,COL MAX. CHANGE LAYER,ROW,COL MAX. CHANGE LAYER,ROW,COL MAX. CHANGE LAYER,ROW,COL MAX. CHANGE LAYER,ROW,COL
 ------------------------------------------------------------------------------------------------------------------------------------
    0.000     (  1,  1,  1)
  MAXIMUM CONCENTRATION CHANGES FOR EACH ITERATION:
  MAX. CHANGE LAYER,ROW,COL MAX. CHANGE LAYER,ROW,COL MAX. CHANGE LAYER,ROW,COL MAX. CHANGE LAYER,ROW,COL MAX. CHANGE LAYER,ROW,COL
 ------------------------------------------------------------------------------------------------------------------------------------
   0.2167E-05 (  1,  1,  1)  0.5707E-09 (  1, 38,  2)  0.1998E-12 (  1, 37,  3)
  MAXIMUM CONCENTRATION CHANGES FOR EACH ITERATION:
  MAX. CHANGE LAYER,ROW,COL MAX. CHANGE LAYER,ROW,COL MAX. CHANGE LAYER,ROW,COL MAX. CHANGE LAYER,ROW,COL MAX. CHANGE LAYER,ROW,COL
 ------------------------------------------------------------------------------------------------------------------------------------
    0.000     (  1,  1,  1)
  MAXIMUM CONCENTRATION CHANGES FOR EACH ITERATION:
  MAX. CHANGE LAYER,ROW,COL MAX. CHANGE LAYER,ROW,COL MAX. CHANGE LAYER,ROW,COL MAX. CHANGE LAYER,ROW,COL MAX. CHANGE LAYER,ROW,COL
 ------------------------------------------------------------------------------------------------------------------------------------
    0.000     (  1,  1,  1)
  MAXIMUM CONCENTRATION CHANGES FOR EACH ITERATION:
  MAX. CHANGE LAYER,ROW,COL MAX. CHANGE LAYER,ROW,COL MAX. CHANGE LAYER,ROW,COL MAX. CHANGE LAYER,ROW,COL MAX. CHANGE LAYER,ROW,COL
 ------------------------------------------------------------------------------------------------------------------------------------
   0.1312E-01 (  1, 40,  1)  0.8510E-05 (  1, 28, 16)  0.5424E-08 (  1, 28, 16)  0.2723E-11 (  1, 30, 14)
  MAXIMUM CONCENTRATION CHANGES FOR EACH ITERATION:
  MAX. CHANGE LAYER,ROW,COL MAX. CHANGE LAYER,ROW,COL MAX. CHANGE LAYER,ROW,COL MAX. CHANGE LAYER,ROW,COL MAX. CHANGE LAYER,ROW,COL
 ------------------------------------------------------------------------------------------------------------------------------------
   0.1348E-01 (  1, 28, 16)  0.1129E-04 (  1, 27, 17)  0.4556E-08 (  1, 17, 13)  0.2728E-11 (  1, 31, 13)


                                          ================================================
                                                         TIME STEP NO.  003
                                          ================================================

 FROM TIME =   20.000     TO    30.000    















































  MAXIMUM CONCENTRATION CHANGES FOR EACH ITERATION:
  MAX. CHANGE LAYER,ROW,COL MAX. CHANGE LAYER,ROW,COL MAX. CHANGE LAYER,ROW,COL MAX. CHANGE LAYER,ROW,COL MAX. CHANGE LAYER,ROW,COL
 ------------------------------------------------------------------------------------------------------------------------------------
   0.6941E-03 (  1, 18, 12)  0.6218E-06 (  1, 27, 17)  0.2635E-09 (  1, 17, 13)  0.1903E-12 (  1, 17, 13)
  MAXIMUM CONCENTRATION CHANGES FOR EACH ITERATION:
  MAX. CHANGE LAYER,ROW,COL MAX. CHANGE LAYER,ROW,COL MAX. CHANGE LAYER,ROW,COL MAX. CHANGE LAYER,ROW,COL MAX. CHANGE LAYER,ROW,COL
 ------------------------------------------------------------------------------------------------------------------------------------
   0.6008E-04 (  1, 18, 12)  0.7961E-07 (  1, 28, 19)  0.3552E-10 (  1, 27, 17)  0.1954E-13 (  1, 30, 18)
  MAXIMUM CONCENTRATION CHANGES FOR EACH ITERATION:
  MAX. CHANGE LAYER,ROW,COL MAX. CHANGE LAYER,ROW,COL MAX. CHANGE LAYER,ROW,COL MAX. CHANGE LAYER,ROW,COL MAX. CHANGE LAYER,ROW,COL
 ------------------------------------------------------------------------------------------------------------------------------------
   0.1179E-05 (  1, 27, 20)  0.1003E-08 (  1, 28, 19)  0.4057E-12 (  1, 26, 22)
  MAXIMUM CONCENTRATION CHANGES FOR EACH ITERATION:
  MAX. CHANGE LAYER,ROW,COL MAX. CHANGE LAYER,ROW,COL MAX. CHANGE LAYER,ROW,COL MAX. CHANGE LAYER,ROW,COL MAX. CHANGE LAYER,ROW,COL
 ------------------------------------------------------------------------------------------------------------------------------------
   0.8603E-02 (  1, 28, 16)  0.7707E-05 (  1, 27, 17)  0.3150E-08 (  1, 17, 13)  0.2016E-11 (  1, 17, 13)
  MAXIMUM CONCENTRATION CHANGES FOR EACH ITERATION:
  MAX. CHANGE LAYER,ROW,COL MAX. CHANGE LAYER,ROW,COL MAX. CHANGE LAYER,ROW,COL MAX. CHANGE LAYER,ROW,COL MAX. CHANGE LAYER,ROW,COL
 ------------------------------------------------------------------------------------------------------------------------------------
   0.9038E-02 (  1, 28, 16)  0.8042E-05 (  1, 27, 17)  0.3266E-08 (  1, 17, 13)  0.2052E-11 (  1, 17, 13)
  MAXIMUM CONCENTRATION CHANGES FOR EACH ITERATION:
  MAX. CHANGE LAYER,ROW,COL MAX. CHANGE LAYER,ROW,COL MAX. CHANGE LAYER,ROW,COL MAX. CHANGE LAYER,ROW,COL MAX. CHANGE LAYER,ROW,COL
 ------------------------------------------------------------------------------------------------------------------------------------
    0.000     (  1,  1,  1)
  MAXIMUM CONCENTRATION CHANGES FOR EACH ITERATION:
  MAX. CHANGE LAYER,ROW,COL MAX. CHANGE LAYER,ROW,COL MAX. CHANGE LAYER,ROW,COL MAX. CHANGE LAYER,ROW,COL MAX. CHANGE LAYER,ROW,COL
 ------------------------------------------------------------------------------------------------------------------------------------
    0.000     (  1,  1,  1)
  MAXIMUM CONCENTRATION CHANGES FOR EACH ITERATION:
  MAX. CHANGE LAYER,ROW,COL MAX. CHANGE LAYER,ROW,COL MAX. CHANGE LAYER,ROW,COL MAX. CHANGE LAYER,ROW,COL MAX. CHANGE LAYER,ROW,COL
 ------------------------------------------------------------------------------------------------------------------------------------
   0.7744E-02 (  1, 28, 19)  0.7960E-05 (  1, 28, 19)  0.2789E-08 (  1, 27, 11)  0.2484E-11 (  1, 29, 22)
  MAXIMUM CONCENTRATION CHANGES FOR EACH ITERATION:
  MAX. CHANGE LAYER,ROW,COL MAX. CHANGE LAYER,ROW,COL MAX. CHANGE LAYER,ROW,COL MAX. CHANGE LAYER,ROW,COL MAX. CHANGE LAYER,ROW,COL
 ------------------------------------------------------------------------------------------------------------------------------------
   0.3780E-03 (  1, 18, 12)  0.3338E-06 (  1, 28, 19)  0.1681E-09 (  1, 27, 17)  0.1079E-12 (  1, 28, 16)
  MAXIMUM CONCENTRATION CHANGES FOR EACH ITERATION:
  MAX. CHANGE LAYER,ROW,COL MAX. CHANGE LAYER,ROW,COL MAX. CHANGE LAYER,ROW,COL MAX. CHANGE LAYER,ROW,COL MAX. CHANGE LAYER,ROW,COL
 ------------------------------------------------------------------------------------------------------------------------------------
    0.000     (  1,  1,  1)
  MAXIMUM CONCENTRATION CHANGES FOR EACH ITERATION:
  MAX. CHANGE LAYER,ROW,COL MAX. CHANGE LAYER,ROW,COL MAX. CHANGE LAYER,ROW,COL MAX. CHANGE LAYER,ROW,COL MAX. CHANGE LAYER,ROW,COL
 ------------------------------------------------------------------------------------------------------------------------------------
    0.000     (  1,  1,  1)
  MAXIMUM CONCENTRATION CHANGES FOR EACH ITERATION:
  MAX. CHANGE LAYER,ROW,COL MAX. CHANGE LAYER,ROW,COL MAX. CHANGE LAYER,ROW,COL MAX. CHANGE LAYER,ROW,COL MAX. CHANGE LAYER,ROW,COL
 ------------------------------------------------------------------------------------------------------------------------------------
    0.000     (  1,  1,  1)
  MAXIMUM CONCENTRATION CHANGES FOR EACH ITERATION:
  MAX. CHANGE LAYER,ROW,COL MAX. CHANGE LAYER,ROW,COL MAX. CHANGE LAYER,ROW,COL MAX. CHANGE LAYER,ROW,COL MAX. CHANGE LAYER,ROW,COL
 ------------------------------------------------------------------------------------------------------------------------------------
   0.1248E-01 (  1, 28, 17)  0.1057E-04 (  1, 27, 18)  0.4361E-08 (  1, 28, 20)  0.3033E-11 (  1, 29, 20)
  MAXIMUM CONCENTRATION CHANGES FOR EACH ITERATION:
  MAX. CHANGE LAYER,ROW,COL MAX. CHANGE LAYER,ROW,COL MAX. CHANGE LAYER,ROW,COL MAX. CHANGE LAYER,ROW,COL MAX. CHANGE LAYER,ROW,COL
 ------------------------------------------------------------------------------------------------------------------------------------
   0.1784E-03 (  1, 28, 19)  0.2585E-06 (  1, 28, 19)  0.7102E-10 (  1, 30, 17)  0.6672E-13 (  1, 30, 17)
  MAXIMUM CONCENTRATION CHANGES FOR EACH ITERATION:
  MAX. CHANGE LAYER,ROW,COL MAX. CHANGE LAYER,ROW,COL MAX. CHANGE LAYER,ROW,COL MAX. CHANGE LAYER,ROW,COL MAX. CHANGE LAYER,ROW,COL
 ------------------------------------------------------------------------------------------------------------------------------------
    0.000     (  1,  1,  1)
  MAXIMUM CONCENTRATION CHANGES FOR EACH ITERATION:
  MAX. CHANGE LAYER,ROW,COL MAX. CHANGE LAYER,ROW,COL MAX. CHANGE LAYER,ROW,COL MAX. CHANGE LAYER,ROW,COL MAX. CHANGE LAYER,ROW,COL
 ------------------------------------------------------------------------------------------------------------------------------------
    0.000     (  1,  1,  1)
  MAXIMUM CONCENTRATION CHANGES FOR EACH ITERATION:
  MAX. CHANGE LAYER,ROW,COL MAX. CHANGE LAYER,ROW,COL MAX. CHANGE LAYER,ROW,COL MAX. CHANGE LAYER,ROW,COL MAX. CHANGE LAYER,ROW,COL
 ------------------------------------------------------------------------------------------------------------------------------------
   0.2981E-03 (  1, 28, 17)  0.2348E-06 (  1, 27, 18)  0.1173E-09 (  1, 17, 13)  0.8582E-13 (  1, 17, 13)
  MAXIMUM CONCENTRATION CHANGES FOR EACH ITERATION:
  MAX. CHANGE LAYER,ROW,COL MAX. CHANGE LAYER,ROW,COL MAX. CHANGE LAYER,ROW,COL MAX. CHANGE LAYER,ROW,COL MAX. CHANGE LAYER,ROW,COL
 ------------------------------------------------------------------------------------------------------------------------------------
   0.1177E-01 (  1, 28, 17)  0.9844E-05 (  1, 27, 18)  0.4152E-08 (  1, 28, 20)  0.2804E-11 (  1, 29, 20)
  MAXIMUM CONCENTRATION CHANGES FOR EACH ITERATION:
  MAX. CHANGE LAYER,ROW,COL MAX. CHANGE LAYER,ROW,COL MAX. CHANGE LAYER,ROW,COL MAX. CHANGE LAYER,ROW,COL MAX. CHANGE LAYER,ROW,COL
 ------------------------------------------------------------------------------------------------------------------------------------
   0.7850E-03 (  1, 18, 12)  0.6575E-06 (  1, 27, 17)  0.2644E-09 (  1, 29, 19)  0.2114E-12 (  1, 28, 16)
  MAXIMUM CONCENTRATION CHANGES FOR EACH ITERATION:
  MAX. CHANGE LAYER,ROW,COL MAX. CHANGE LAYER,ROW,COL MAX. CHANGE LAYER,ROW,COL MAX. CHANGE LAYER,ROW,COL MAX. CHANGE LAYER,ROW,COL
 ------------------------------------------------------------------------------------------------------------------------------------
   0.1244E-01 (  1, 28, 17)  0.1054E-04 (  1, 27, 18)  0.4349E-08 (  1, 28, 20)  0.3027E-11 (  1, 29, 20)
  MAXIMUM CONCENTRATION CHANGES FOR EACH ITERATION:
  MAX. CHANGE LAYER,ROW,COL MAX. CHANGE LAYER,ROW,COL MAX. CHANGE LAYER,ROW,COL MAX. CHANGE LAYER,ROW,COL MAX. CHANGE LAYER,ROW,COL
 ------------------------------------------------------------------------------------------------------------------------------------
   0.1273E-01 (  1, 28, 18)  0.9970E-05 (  1, 27, 18)  0.4223E-08 (  1, 29, 20)  0.3059E-11 (  1, 29, 20)
  MAXIMUM CONCENTRATION CHANGES FOR EACH ITERATION:
  MAX. CHANGE LAYER,ROW,COL MAX. CHANGE LAYER,ROW,COL MAX. CHANGE LAYER,ROW,COL MAX. CHANGE LAYER,ROW,COL MAX. CHANGE LAYER,ROW,COL
 ------------------------------------------------------------------------------------------------------------------------------------
   0.4707E-01 (  1, 28, 19)  0.2822E-04 (  1, 27, 20)  0.1676E-07 (  1, 30, 17)  0.9530E-11 (  1, 31, 16)
  MAXIMUM CONCENTRATION CHANGES FOR EACH ITERATION:
  MAX. CHANGE LAYER,ROW,COL MAX. CHANGE LAYER,ROW,COL MAX. CHANGE LAYER,ROW,COL MAX. CHANGE LAYER,ROW,COL MAX. CHANGE LAYER,ROW,COL
 ------------------------------------------------------------------------------------------------------------------------------------
   0.1273E-01 (  1, 28, 18)  0.9970E-05 (  1, 27, 18)  0.4223E-08 (  1, 29, 20)  0.3059E-11 (  1, 29, 20)


                                          ================================================
                                                         TIME STEP NO.  004
                                          ================================================

 FROM TIME =   30.000     TO    40.000    















































  MAXIMUM CONCENTRATION CHANGES FOR EACH ITERATION:
  MAX. CHANGE LAYER,ROW,COL MAX. CHANGE LAYER,ROW,COL MAX. CHANGE LAYER,ROW,COL MAX. CHANGE LAYER,ROW,COL MAX. CHANGE LAYER,ROW,COL
 ------------------------------------------------------------------------------------------------------------------------------------
   0.8389E-03 (  1, 16, 10)  0.6738E-06 (  1, 27, 18)  0.3086E-09 (  1, 17, 13)  0.2622E-12 (  1, 17, 13)
  MAXIMUM CONCENTRATION CHANGES FOR EACH ITERATION:
  MAX. CHANGE LAYER,ROW,COL MAX. CHANGE LAYER,ROW,COL MAX. CHANGE LAYER,ROW,COL MAX. CHANGE LAYER,ROW,COL MAX. CHANGE LAYER,ROW,COL
 ------------------------------------------------------------------------------------------------------------------------------------
   0.9530E-04 (  1, 14, 10)  0.9424E-07 (  1, 29, 20)  0.5131E-10 (  1, 28, 21)  0.3730E-13 (  1, 17, 13)
  MAXIMUM CONCENTRATION CHANGES FOR EACH ITERATION:
  MAX. CHANGE LAYER,ROW,COL MAX. CHANGE LAYER,ROW,COL MAX. CHANGE LAYER,ROW,COL MAX. CHANGE LAYER,ROW,COL MAX. CHANGE LAYER,ROW,COL
 ------------------------------------------------------------------------------------------------------------------------------------
   0.1148E-05 (  1, 27, 21)  0.9599E-09 (  1, 28, 21)  0.4188E-12 (  1, 26, 22)
  MAXIMUM CONCENTRATION CHANGES FOR EACH ITERATION:
  MAX. CHANGE LAYER,ROW,COL MAX. CHANGE LAYER,ROW,COL MAX. CHANGE LAYER,ROW,COL MAX. CHANGE LAYER,ROW,COL MAX. CHANGE LAYER,ROW,COL
 ------------------------------------------------------------------------------------------------------------------------------------
   0.6000E-02 (  1, 28, 16)  0.5574E-05 (  1, 27, 17)  0.2323E-08 (  1, 17, 13)  0.1583E-11 (  1, 17, 13)
  MAXIMUM CONCENTRATION CHANGES FOR EACH ITERATION:
  MAX. CHANGE LAYER,ROW,COL MAX. CHANGE LAYER,ROW,COL MAX. CHANGE LAYER,ROW,COL MAX. CHANGE LAYER,ROW,COL MAX. CHANGE LAYER,ROW,COL
 ------------------------------------------------------------------------------------------------------------------------------------
   0.6774E-02 (  1, 28, 16)  0.6214E-05 (  1, 27, 17)  0.2538E-08 (  1, 17, 13)  0.1670E-11 (  1, 17, 13)
  MAXIMUM CONCENTRATION CHANGES FOR EACH ITERATION:
  MAX. CHANGE LAYER,ROW,COL MAX. CHANGE LAYER,ROW,COL MAX. CHANGE LAYER,ROW,COL MAX. CHANGE LAYER,ROW,COL MAX. CHANGE LAYER,ROW,COL
 ------------------------------------------------------------------------------------------------------------------------------------
    0.000     (  1,  1,  1)
  MAXIMUM CONCENTRATION CHANGES FOR EACH ITERATION:
  MAX. CHANGE LAYER,ROW,COL MAX. CHANGE LAYER,ROW,COL MAX. CHANGE LAYER,ROW,COL MAX. CHANGE LAYER,ROW,COL MAX. CHANGE LAYER,ROW,COL
 ------------------------------------------------------------------------------------------------------------------------------------
    0.000     (  1,  1,  1)
  MAXIMUM CONCENTRATION CHANGES FOR EACH ITERATION:
  MAX. CHANGE LAYER,ROW,COL MAX. CHANGE LAYER,ROW,COL MAX. CHANGE LAYER,ROW,COL MAX. CHANGE LAYER,ROW,COL MAX. CHANGE LAYER,ROW,COL
 ------------------------------------------------------------------------------------------------------------------------------------
   0.7984E-02 (  1, 27, 22)  0.1116E-04 (  1, 28, 21)  0.2763E-08 (  1, 26, 23)  0.2633E-11 (  1, 30, 19)
  MAXIMUM CONCENTRATION CHANGES FOR EACH ITERATION:
  MAX. CHANGE LAYER,ROW,COL MAX. CHANGE LAYER,ROW,COL MAX. CHANGE LAYER,ROW,COL MAX. CHANGE LAYER,ROW,COL MAX. CHANGE LAYER,ROW,COL
 ------------------------------------------------------------------------------------------------------------------------------------
   0.5504E-03 (  1, 16, 10)  0.4667E-06 (  1, 30, 18)  0.2833E-09 (  1, 29, 21)  0.2097E-12 (  1, 17, 13)
  MAXIMUM CONCENTRATION CHANGES FOR EACH ITERATION:
  MAX. CHANGE LAYER,ROW,COL MAX. CHANGE LAYER,ROW,COL MAX. CHANGE LAYER,ROW,COL MAX. CHANGE LAYER,ROW,COL MAX. CHANGE LAYER,ROW,COL
 ------------------------------------------------------------------------------------------------------------------------------------
    0.000     (  1,  1,  1)
  MAXIMUM CONCENTRATION CHANGES FOR EACH ITERATION:
  MAX. CHANGE LAYER,ROW,COL MAX. CHANGE LAYER,ROW,COL MAX. CHANGE LAYER,ROW,COL MAX. CHANGE LAYER,ROW,COL MAX. CHANGE LAYER,ROW,COL
 ------------------------------------------------------------------------------------------------------------------------------------
    0.000     (  1,  1,  1)
  MAXIMUM CONCENTRATION CHANGES FOR EACH ITERATION:
  MAX. CHANGE LAYER,ROW,COL MAX. CHANGE LAYER,ROW,COL MAX. CHANGE LAYER,ROW,COL MAX. CHANGE LAYER,ROW,COL MAX. CHANGE LAYER,ROW,COL
 ------------------------------------------------------------------------------------------------------------------------------------
    0.000     (  1,  1,  1)
  MAXIMUM CONCENTRATION CHANGES FOR EACH ITERATION:
  MAX. CHANGE LAYER,ROW,COL MAX. CHANGE LAYER,ROW,COL MAX. CHANGE LAYER,ROW,COL MAX. CHANGE LAYER,ROW,COL MAX. CHANGE LAYER,ROW,COL
 ------------------------------------------------------------------------------------------------------------------------------------
   0.1249E-01 (  1, 29, 18)  0.1419E-04 (  1, 28, 20)  0.5105E-08 (  1, 27, 20)  0.3272E-11 (  1, 29, 23)
  MAXIMUM CONCENTRATION CHANGES FOR EACH ITERATION:
  MAX. CHANGE LAYER,ROW,COL MAX. CHANGE LAYER,ROW,COL MAX. CHANGE LAYER,ROW,COL MAX. CHANGE LAYER,ROW,COL MAX. CHANGE LAYER,ROW,COL
 ------------------------------------------------------------------------------------------------------------------------------------
   0.2070E-03 (  1, 29, 19)  0.3017E-06 (  1, 28, 21)  0.1057E-09 (  1, 27, 17)  0.6573E-13 (  1, 32, 16)
  MAXIMUM CONCENTRATION CHANGES FOR EACH ITERATION:
  MAX. CHANGE LAYER,ROW,COL MAX. CHANGE LAYER,ROW,COL MAX. CHANGE LAYER,ROW,COL MAX. CHANGE LAYER,ROW,COL MAX. CHANGE LAYER,ROW,COL
 ------------------------------------------------------------------------------------------------------------------------------------
    0.000     (  1,  1,  1)
  MAXIMUM CONCENTRATION CHANGES FOR EACH ITERATION:
  MAX. CHANGE LAYER,ROW,COL MAX. CHANGE LAYER,ROW,COL MAX. CHANGE LAYER,ROW,COL MAX. CHANGE LAYER,ROW,COL MAX. CHANGE LAYER,ROW,COL
 ------------------------------------------------------------------------------------------------------------------------------------
    0.000     (  1,  1,  1)
  MAXIMUM CONCENTRATION CHANGES FOR EACH ITERATION:
  MAX. CHANGE LAYER,ROW,COL MAX. CHANGE LAYER,ROW,COL MAX. CHANGE LAYER,ROW,COL MAX. CHANGE LAYER,ROW,COL MAX. CHANGE LAYER,ROW,COL
 ------------------------------------------------------------------------------------------------------------------------------------
   0.2845E-03 (  1, 27, 21)  0.2851E-06 (  1, 28, 20)  0.1176E-09 (  1, 26, 22)  0.1039E-12 (  1, 29, 24)
  MAXIMUM CONCENTRATION CHANGES FOR EACH ITERATION:
  MAX. CHANGE LAYER,ROW,COL MAX. CHANGE LAYER,ROW,COL MAX. CHANGE LAYER,ROW,COL MAX. CHANGE LAYER,ROW,COL MAX. CHANGE LAYER,ROW,COL
 ------------------------------------------------------------------------------------------------------------------------------------
   0.7997E-02 (  1, 29, 18)  0.1021E-04 (  1, 28, 19)  0.3273E-08 (  1, 27, 20)  0.2563E-11 (  1, 27, 21)
  MAXIMUM CONCENTRATION CHANGES FOR EACH ITERATION:
  MAX. CHANGE LAYER,ROW,COL MAX. CHANGE LAYER,ROW,COL MAX. CHANGE LAYER,ROW,COL MAX. CHANGE LAYER,ROW,COL MAX. CHANGE LAYER,ROW,COL
 ------------------------------------------------------------------------------------------------------------------------------------
   0.1142E-02 (  1, 16, 10)  0.9328E-06 (  1, 27, 18)  0.4545E-09 (  1, 31, 18)  0.3831E-12 (  1, 17, 13)
  MAXIMUM CONCENTRATION CHANGES FOR EACH ITERATION:
  MAX. CHANGE LAYER,ROW,COL MAX. CHANGE LAYER,ROW,COL MAX. CHANGE LAYER,ROW,COL MAX. CHANGE LAYER,ROW,COL MAX. CHANGE LAYER,ROW,COL
 ------------------------------------------------------------------------------------------------------------------------------------
   0.1212E-01 (  1, 29, 18)  0.1389E-04 (  1, 28, 19)  0.4937E-08 (  1, 27, 20)  0.3207E-11 (  1, 29, 23)
  MAXIMUM CONCENTRATION CHANGES FOR EACH ITERATION:
  MAX. CHANGE LAYER,ROW,COL MAX. CHANGE LAYER,ROW,COL MAX. CHANGE LAYER,ROW,COL MAX. CHANGE LAYER,ROW,COL MAX. CHANGE LAYER,ROW,COL
 ------------------------------------------------------------------------------------------------------------------------------------
   0.1241E-01 (  1, 29, 18)  0.1411E-04 (  1, 28, 19)  0.5067E-08 (  1, 27, 20)  0.3259E-11 (  1, 29, 23)
  MAXIMUM CONCENTRATION CHANGES FOR EACH ITERATION:
  MAX. CHANGE LAYER,ROW,COL MAX. CHANGE LAYER,ROW,COL MAX. CHANGE LAYER,ROW,COL MAX. CHANGE LAYER,ROW,COL MAX. CHANGE LAYER,ROW,COL
 ------------------------------------------------------------------------------------------------------------------------------------
   0.1807E-01 (  1, 40,  1)  0.1649E-04 (  1, 28, 19)  0.9877E-08 (  1, 28, 22)  0.5360E-11 (  1, 27, 22)
  MAXIMUM CONCENTRATION CHANGES FOR EACH ITERATION:
  MAX. CHANGE LAYER,ROW,COL MAX. CHANGE LAYER,ROW,COL MAX. CHANGE LAYER,ROW,COL MAX. CHANGE LAYER,ROW,COL MAX. CHANGE LAYER,ROW,COL
 ------------------------------------------------------------------------------------------------------------------------------------
   0.1241E-01 (  1, 29, 18)  0.1411E-04 (  1, 28, 19)  0.5067E-08 (  1, 27, 20)  0.3259E-11 (  1, 29, 23)


                                          ================================================
                                                         TIME STEP NO.  005
                                          ================================================

 FROM TIME =   40.000     TO    50.000    















































  MAXIMUM CONCENTRATION CHANGES FOR EACH ITERATION:
  MAX. CHANGE LAYER,ROW,COL MAX. CHANGE LAYER,ROW,COL MAX. CHANGE LAYER,ROW,COL MAX. CHANGE LAYER,ROW,COL MAX. CHANGE LAYER,ROW,COL
 ------------------------------------------------------------------------------------------------------------------------------------
   0.1170E-02 (  1, 27, 20)  0.9201E-06 (  1, 28, 19)  0.4061E-09 (  1, 26, 22)  0.2932E-12 (  1, 27, 21)
  MAXIMUM CONCENTRATION CHANGES FOR EACH ITERATION:
  MAX. CHANGE LAYER,ROW,COL MAX. CHANGE LAYER,ROW,COL MAX. CHANGE LAYER,ROW,COL MAX. CHANGE LAYER,ROW,COL MAX. CHANGE LAYER,ROW,COL
 ------------------------------------------------------------------------------------------------------------------------------------
   0.1452E-03 (  1, 27, 20)  0.1115E-06 (  1, 26, 22)  0.7025E-10 (  1, 29, 23)  0.5529E-13 (  1, 27, 21)
  MAXIMUM CONCENTRATION CHANGES FOR EACH ITERATION:
  MAX. CHANGE LAYER,ROW,COL MAX. CHANGE LAYER,ROW,COL MAX. CHANGE LAYER,ROW,COL MAX. CHANGE LAYER,ROW,COL MAX. CHANGE LAYER,ROW,COL
 ------------------------------------------------------------------------------------------------------------------------------------
   0.1081E-05 (  1, 27, 22)  0.9495E-09 (  1, 28, 22)  0.4290E-12 (  1, 29, 21)
  MAXIMUM CONCENTRATION CHANGES FOR EACH ITERATION:
  MAX. CHANGE LAYER,ROW,COL MAX. CHANGE LAYER,ROW,COL MAX. CHANGE LAYER,ROW,COL MAX. CHANGE LAYER,ROW,COL MAX. CHANGE LAYER,ROW,COL
 ------------------------------------------------------------------------------------------------------------------------------------
   0.4698E-02 (  1, 28, 16)  0.4405E-05 (  1, 27, 17)  0.1819E-08 (  1, 17, 13)  0.1254E-11 (  1, 17, 13)
  MAXIMUM CONCENTRATION CHANGES FOR EACH ITERATION:
  MAX. CHANGE LAYER,ROW,COL MAX. CHANGE LAYER,ROW,COL MAX. CHANGE LAYER,ROW,COL MAX. CHANGE LAYER,ROW,COL MAX. CHANGE LAYER,ROW,COL
 ------------------------------------------------------------------------------------------------------------------------------------
   0.5679E-02 (  1, 28, 16)  0.5258E-05 (  1, 27, 17)  0.2120E-08 (  1, 17, 13)  0.1395E-11 (  1, 17, 13)
  MAXIMUM CONCENTRATION CHANGES FOR EACH ITERATION:
  MAX. CHANGE LAYER,ROW,COL MAX. CHANGE LAYER,ROW,COL MAX. CHANGE LAYER,ROW,COL MAX. CHANGE LAYER,ROW,COL MAX. CHANGE LAYER,ROW,COL
 ------------------------------------------------------------------------------------------------------------------------------------
    0.000     (  1,  1,  1)
  MAXIMUM CONCENTRATION CHANGES FOR EACH ITERATION:
  MAX. CHANGE LAYER,ROW,COL MAX. CHANGE LAYER,ROW,COL MAX. CHANGE LAYER,ROW,COL MAX. CHANGE LAYER,ROW,COL MAX. CHANGE LAYER,ROW,COL
 ------------------------------------------------------------------------------------------------------------------------------------
    0.000     (  1,  1,  1)
  MAXIMUM CONCENTRATION CHANGES FOR EACH ITERATION:
  MAX. CHANGE LAYER,ROW,COL MAX. CHANGE LAYER,ROW,COL MAX. CHANGE LAYER,ROW,COL MAX. CHANGE LAYER,ROW,COL MAX. CHANGE LAYER,ROW,COL
 ------------------------------------------------------------------------------------------------------------------------------------
   0.8499E-02 (  1, 27, 24)  0.1100E-04 (  1, 28, 23)  0.3543E-08 (  1, 26, 25)  0.2569E-11 (  1, 33, 16)
  MAXIMUM CONCENTRATION CHANGES FOR EACH ITERATION:
  MAX. CHANGE LAYER,ROW,COL MAX. CHANGE LAYER,ROW,COL MAX. CHANGE LAYER,ROW,COL MAX. CHANGE LAYER,ROW,COL MAX. CHANGE LAYER,ROW,COL
 ------------------------------------------------------------------------------------------------------------------------------------
   0.8933E-03 (  1, 27, 20)  0.6669E-06 (  1, 26, 22)  0.3543E-09 (  1, 29, 23)  0.2979E-12 (  1, 27, 21)
  MAXIMUM CONCENTRATION CHANGES FOR EACH ITERATION:
  MAX. CHANGE LAYER,ROW,COL MAX. CHANGE LAYER,ROW,COL MAX. CHANGE LAYER,ROW,COL MAX. CHANGE LAYER,ROW,COL MAX. CHANGE LAYER,ROW,COL
 ------------------------------------------------------------------------------------------------------------------------------------
    0.000     (  1,  1,  1)
  MAXIMUM CONCENTRATION CHANGES FOR EACH ITERATION:
  MAX. CHANGE LAYER,ROW,COL MAX. CHANGE LAYER,ROW,COL MAX. CHANGE LAYER,ROW,COL MAX. CHANGE LAYER,ROW,COL MAX. CHANGE LAYER,ROW,COL
 ------------------------------------------------------------------------------------------------------------------------------------
    0.000     (  1,  1,  1)
  MAXIMUM CONCENTRATION CHANGES FOR EACH ITERATION:
  MAX. CHANGE LAYER,ROW,COL MAX. CHANGE LAYER,ROW,COL MAX. CHANGE LAYER,ROW,COL MAX. CHANGE LAYER,ROW,COL MAX. CHANGE LAYER,ROW,COL
 ------------------------------------------------------------------------------------------------------------------------------------
    0.000     (  1,  1,  1)
  MAXIMUM CONCENTRATION CHANGES FOR EACH ITERATION:
  MAX. CHANGE LAYER,ROW,COL MAX. CHANGE LAYER,ROW,COL MAX. CHANGE LAYER,ROW,COL MAX. CHANGE LAYER,ROW,COL MAX. CHANGE LAYER,ROW,COL
 ------------------------------------------------------------------------------------------------------------------------------------
   0.1267E-01 (  1, 30, 18)  0.1719E-04 (  1, 28, 22)  0.5639E-08 (  1, 28, 19)  0.3828E-11 (  1, 30, 20)
  MAXIMUM CONCENTRATION CHANGES FOR EACH ITERATION:
  MAX. CHANGE LAYER,ROW,COL MAX. CHANGE LAYER,ROW,COL MAX. CHANGE LAYER,ROW,COL MAX. CHANGE LAYER,ROW,COL MAX. CHANGE LAYER,ROW,COL
 ------------------------------------------------------------------------------------------------------------------------------------
   0.2326E-03 (  1, 30, 19)  0.2746E-06 (  1, 28, 23)  0.1254E-09 (  1, 28, 20)  0.8404E-13 (  1, 27, 21)
  MAXIMUM CONCENTRATION CHANGES FOR EACH ITERATION:
  MAX. CHANGE LAYER,ROW,COL MAX. CHANGE LAYER,ROW,COL MAX. CHANGE LAYER,ROW,COL MAX. CHANGE LAYER,ROW,COL MAX. CHANGE LAYER,ROW,COL
 ------------------------------------------------------------------------------------------------------------------------------------
    0.000     (  1,  1,  1)
  MAXIMUM CONCENTRATION CHANGES FOR EACH ITERATION:
  MAX. CHANGE LAYER,ROW,COL MAX. CHANGE LAYER,ROW,COL MAX. CHANGE LAYER,ROW,COL MAX. CHANGE LAYER,ROW,COL MAX. CHANGE LAYER,ROW,COL
 ------------------------------------------------------------------------------------------------------------------------------------
    0.000     (  1,  1,  1)
  MAXIMUM CONCENTRATION CHANGES FOR EACH ITERATION:
  MAX. CHANGE LAYER,ROW,COL MAX. CHANGE LAYER,ROW,COL MAX. CHANGE LAYER,ROW,COL MAX. CHANGE LAYER,ROW,COL MAX. CHANGE LAYER,ROW,COL
 ------------------------------------------------------------------------------------------------------------------------------------
   0.4169E-03 (  1, 27, 20)  0.3432E-06 (  1, 28, 20)  0.1632E-09 (  1, 26, 23)  0.1227E-12 (  1, 26, 12)
  MAXIMUM CONCENTRATION CHANGES FOR EACH ITERATION:
  MAX. CHANGE LAYER,ROW,COL MAX. CHANGE LAYER,ROW,COL MAX. CHANGE LAYER,ROW,COL MAX. CHANGE LAYER,ROW,COL MAX. CHANGE LAYER,ROW,COL
 ------------------------------------------------------------------------------------------------------------------------------------
   0.5500E-02 (  1, 26, 23)  0.8295E-05 (  1, 28, 22)  0.2300E-08 (  1, 32, 20)  0.1951E-11 (  1, 29, 25)
  MAXIMUM CONCENTRATION CHANGES FOR EACH ITERATION:
  MAX. CHANGE LAYER,ROW,COL MAX. CHANGE LAYER,ROW,COL MAX. CHANGE LAYER,ROW,COL MAX. CHANGE LAYER,ROW,COL MAX. CHANGE LAYER,ROW,COL
 ------------------------------------------------------------------------------------------------------------------------------------
   0.1863E-02 (  1, 27, 20)  0.1414E-05 (  1, 28, 19)  0.6225E-09 (  1, 26, 22)  0.5338E-12 (  1, 27, 21)
  MAXIMUM CONCENTRATION CHANGES FOR EACH ITERATION:
  MAX. CHANGE LAYER,ROW,COL MAX. CHANGE LAYER,ROW,COL MAX. CHANGE LAYER,ROW,COL MAX. CHANGE LAYER,ROW,COL MAX. CHANGE LAYER,ROW,COL
 ------------------------------------------------------------------------------------------------------------------------------------
   0.1174E-01 (  1, 30, 18)  0.1615E-04 (  1, 28, 22)  0.5191E-08 (  1, 28, 19)  0.3614E-11 (  1, 30, 20)
  MAXIMUM CONCENTRATION CHANGES FOR EACH ITERATION:
  MAX. CHANGE LAYER,ROW,COL MAX. CHANGE LAYER,ROW,COL MAX. CHANGE LAYER,ROW,COL MAX. CHANGE LAYER,ROW,COL MAX. CHANGE LAYER,ROW,COL
 ------------------------------------------------------------------------------------------------------------------------------------
   0.1248E-01 (  1, 30, 18)  0.1703E-04 (  1, 28, 22)  0.5544E-08 (  1, 28, 19)  0.3798E-11 (  1, 30, 20)
  MAXIMUM CONCENTRATION CHANGES FOR EACH ITERATION:
  MAX. CHANGE LAYER,ROW,COL MAX. CHANGE LAYER,ROW,COL MAX. CHANGE LAYER,ROW,COL MAX. CHANGE LAYER,ROW,COL MAX. CHANGE LAYER,ROW,COL
 ------------------------------------------------------------------------------------------------------------------------------------
   0.3139E-01 (  1, 17, 17)  0.4044E-05 (  1, 18, 16)  0.5550E-09 (  1, 19, 15)  0.1561E-12 (  1, 28, 21)
  MAXIMUM CONCENTRATION CHANGES FOR EACH ITERATION:
  MAX. CHANGE LAYER,ROW,COL MAX. CHANGE LAYER,ROW,COL MAX. CHANGE LAYER,ROW,COL MAX. CHANGE LAYER,ROW,COL MAX. CHANGE LAYER,ROW,COL
 ------------------------------------------------------------------------------------------------------------------------------------
   0.1248E-01 (  1, 30, 18)  0.1703E-04 (  1, 28, 22)  0.5544E-08 (  1, 28, 19)  0.3798E-11 (  1, 30, 20)


                                          ================================================
                                                         TIME STEP NO.  006
                                          ================================================

 FROM TIME =   50.000     TO    60.000    















































  MAXIMUM CONCENTRATION CHANGES FOR EACH ITERATION:
  MAX. CHANGE LAYER,ROW,COL MAX. CHANGE LAYER,ROW,COL MAX. CHANGE LAYER,ROW,COL MAX. CHANGE LAYER,ROW,COL MAX. CHANGE LAYER,ROW,COL
 ------------------------------------------------------------------------------------------------------------------------------------
   0.1520E-02 (  1, 27, 21)  0.1194E-05 (  1, 28, 20)  0.5155E-09 (  1, 26, 22)  0.3442E-12 (  1, 30, 18)
  MAXIMUM CONCENTRATION CHANGES FOR EACH ITERATION:
  MAX. CHANGE LAYER,ROW,COL MAX. CHANGE LAYER,ROW,COL MAX. CHANGE LAYER,ROW,COL MAX. CHANGE LAYER,ROW,COL MAX. CHANGE LAYER,ROW,COL
 ------------------------------------------------------------------------------------------------------------------------------------
   0.2111E-03 (  1, 27, 21)  0.1741E-06 (  1, 26, 23)  0.8087E-10 (  1, 29, 25)  0.6151E-13 (  1, 30, 24)
  MAXIMUM CONCENTRATION CHANGES FOR EACH ITERATION:
  MAX. CHANGE LAYER,ROW,COL MAX. CHANGE LAYER,ROW,COL MAX. CHANGE LAYER,ROW,COL MAX. CHANGE LAYER,ROW,COL MAX. CHANGE LAYER,ROW,COL
 ------------------------------------------------------------------------------------------------------------------------------------
   0.1016E-05 (  1, 27, 23)  0.9275E-09 (  1, 28, 23)  0.4347E-12 (  1, 29, 22)
  MAXIMUM CONCENTRATION CHANGES FOR EACH ITERATION:
  MAX. CHANGE LAYER,ROW,COL MAX. CHANGE LAYER,ROW,COL MAX. CHANGE LAYER,ROW,COL MAX. CHANGE LAYER,ROW,COL MAX. CHANGE LAYER,ROW,COL
 ------------------------------------------------------------------------------------------------------------------------------------
   0.3938E-02 (  1, 28, 16)  0.3687E-05 (  1, 27, 17)  0.1486E-08 (  1, 17, 13)  0.1022E-11 (  1, 17, 13)
  MAXIMUM CONCENTRATION CHANGES FOR EACH ITERATION:
  MAX. CHANGE LAYER,ROW,COL MAX. CHANGE LAYER,ROW,COL MAX. CHANGE LAYER,ROW,COL MAX. CHANGE LAYER,ROW,COL MAX. CHANGE LAYER,ROW,COL
 ------------------------------------------------------------------------------------------------------------------------------------
   0.5065E-02 (  1, 28, 16)  0.4700E-05 (  1, 27, 17)  0.1862E-08 (  1, 17, 13)  0.1207E-11 (  1, 17, 13)
  MAXIMUM CONCENTRATION CHANGES FOR EACH ITERATION:
  MAX. CHANGE LAYER,ROW,COL MAX. CHANGE LAYER,ROW,COL MAX. CHANGE LAYER,ROW,COL MAX. CHANGE LAYER,ROW,COL MAX. CHANGE LAYER,ROW,COL
 ------------------------------------------------------------------------------------------------------------------------------------
    0.000     (  1,  1,  1)
  MAXIMUM CONCENTRATION CHANGES FOR EACH ITERATION:
  MAX. CHANGE LAYER,ROW,COL MAX. CHANGE LAYER,ROW,COL MAX. CHANGE LAYER,ROW,COL MAX. CHANGE LAYER,ROW,COL MAX. CHANGE LAYER,ROW,COL
 ------------------------------------------------------------------------------------------------------------------------------------
    0.000     (  1,  1,  1)
  MAXIMUM CONCENTRATION CHANGES FOR EACH ITERATION:
  MAX. CHANGE LAYER,ROW,COL MAX. CHANGE LAYER,ROW,COL MAX. CHANGE LAYER,ROW,COL MAX. CHANGE LAYER,ROW,COL MAX. CHANGE LAYER,ROW,COL
 ------------------------------------------------------------------------------------------------------------------------------------
   0.8699E-02 (  1, 27, 26)  0.1068E-04 (  1, 28, 25)  0.4459E-08 (  1, 29, 23)  0.2511E-11 (  1, 33, 19)
  MAXIMUM CONCENTRATION CHANGES FOR EACH ITERATION:
  MAX. CHANGE LAYER,ROW,COL MAX. CHANGE LAYER,ROW,COL MAX. CHANGE LAYER,ROW,COL MAX. CHANGE LAYER,ROW,COL MAX. CHANGE LAYER,ROW,COL
 ------------------------------------------------------------------------------------------------------------------------------------
   0.1310E-02 (  1, 27, 21)  0.1026E-05 (  1, 26, 23)  0.4523E-09 (  1, 26, 23)  0.3607E-12 (  1, 29, 25)
  MAXIMUM CONCENTRATION CHANGES FOR EACH ITERATION:
  MAX. CHANGE LAYER,ROW,COL MAX. CHANGE LAYER,ROW,COL MAX. CHANGE LAYER,ROW,COL MAX. CHANGE LAYER,ROW,COL MAX. CHANGE LAYER,ROW,COL
 ------------------------------------------------------------------------------------------------------------------------------------
    0.000     (  1,  1,  1)
  MAXIMUM CONCENTRATION CHANGES FOR EACH ITERATION:
  MAX. CHANGE LAYER,ROW,COL MAX. CHANGE LAYER,ROW,COL MAX. CHANGE LAYER,ROW,COL MAX. CHANGE LAYER,ROW,COL MAX. CHANGE LAYER,ROW,COL
 ------------------------------------------------------------------------------------------------------------------------------------
    0.000     (  1,  1,  1)
  MAXIMUM CONCENTRATION CHANGES FOR EACH ITERATION:
  MAX. CHANGE LAYER,ROW,COL MAX. CHANGE LAYER,ROW,COL MAX. CHANGE LAYER,ROW,COL MAX. CHANGE LAYER,ROW,COL MAX. CHANGE LAYER,ROW,COL
 ------------------------------------------------------------------------------------------------------------------------------------
    0.000     (  1,  1,  1)
  MAXIMUM CONCENTRATION CHANGES FOR EACH ITERATION:
  MAX. CHANGE LAYER,ROW,COL MAX. CHANGE LAYER,ROW,COL MAX. CHANGE LAYER,ROW,COL MAX. CHANGE LAYER,ROW,COL MAX. CHANGE LAYER,ROW,COL
 ------------------------------------------------------------------------------------------------------------------------------------
   0.1354E-01 (  1, 30, 21)  0.1805E-04 (  1, 28, 24)  0.6163E-08 (  1, 28, 23)  0.4351E-11 (  1, 30, 22)
  MAXIMUM CONCENTRATION CHANGES FOR EACH ITERATION:
  MAX. CHANGE LAYER,ROW,COL MAX. CHANGE LAYER,ROW,COL MAX. CHANGE LAYER,ROW,COL MAX. CHANGE LAYER,ROW,COL MAX. CHANGE LAYER,ROW,COL
 ------------------------------------------------------------------------------------------------------------------------------------
   0.2352E-03 (  1, 26, 18)  0.2604E-06 (  1, 28, 25)  0.1742E-09 (  1, 29, 24)  0.9259E-13 (  1, 28, 16)
  MAXIMUM CONCENTRATION CHANGES FOR EACH ITERATION:
  MAX. CHANGE LAYER,ROW,COL MAX. CHANGE LAYER,ROW,COL MAX. CHANGE LAYER,ROW,COL MAX. CHANGE LAYER,ROW,COL MAX. CHANGE LAYER,ROW,COL
 ------------------------------------------------------------------------------------------------------------------------------------
    0.000     (  1,  1,  1)
  MAXIMUM CONCENTRATION CHANGES FOR EACH ITERATION:
  MAX. CHANGE LAYER,ROW,COL MAX. CHANGE LAYER,ROW,COL MAX. CHANGE LAYER,ROW,COL MAX. CHANGE LAYER,ROW,COL MAX. CHANGE LAYER,ROW,COL
 ------------------------------------------------------------------------------------------------------------------------------------
    0.000     (  1,  1,  1)
  MAXIMUM CONCENTRATION CHANGES FOR EACH ITERATION:
  MAX. CHANGE LAYER,ROW,COL MAX. CHANGE LAYER,ROW,COL MAX. CHANGE LAYER,ROW,COL MAX. CHANGE LAYER,ROW,COL MAX. CHANGE LAYER,ROW,COL
 ------------------------------------------------------------------------------------------------------------------------------------
   0.5865E-03 (  1, 27, 21)  0.4644E-06 (  1, 28, 20)  0.2288E-09 (  1, 29, 19)  0.1525E-12 (  1, 30, 18)
  MAXIMUM CONCENTRATION CHANGES FOR EACH ITERATION:
  MAX. CHANGE LAYER,ROW,COL MAX. CHANGE LAYER,ROW,COL MAX. CHANGE LAYER,ROW,COL MAX. CHANGE LAYER,ROW,COL MAX. CHANGE LAYER,ROW,COL
 ------------------------------------------------------------------------------------------------------------------------------------
   0.3793E-02 (  1, 26, 24)  0.5045E-05 (  1, 28, 24)  0.1340E-08 (  1, 32, 14)  0.1364E-11 (  1, 29, 27)
  MAXIMUM CONCENTRATION CHANGES FOR EACH ITERATION:
  MAX. CHANGE LAYER,ROW,COL MAX. CHANGE LAYER,ROW,COL MAX. CHANGE LAYER,ROW,COL MAX. CHANGE LAYER,ROW,COL MAX. CHANGE LAYER,ROW,COL
 ------------------------------------------------------------------------------------------------------------------------------------
   0.2750E-02 (  1, 27, 21)  0.2130E-05 (  1, 28, 20)  0.9155E-09 (  1, 26, 23)  0.6527E-12 (  1, 29, 25)
  MAXIMUM CONCENTRATION CHANGES FOR EACH ITERATION:
  MAX. CHANGE LAYER,ROW,COL MAX. CHANGE LAYER,ROW,COL MAX. CHANGE LAYER,ROW,COL MAX. CHANGE LAYER,ROW,COL MAX. CHANGE LAYER,ROW,COL
 ------------------------------------------------------------------------------------------------------------------------------------
   0.1187E-01 (  1, 30, 21)  0.1609E-04 (  1, 28, 24)  0.5348E-08 (  1, 28, 23)  0.3893E-11 (  1, 30, 22)
  MAXIMUM CONCENTRATION CHANGES FOR EACH ITERATION:
  MAX. CHANGE LAYER,ROW,COL MAX. CHANGE LAYER,ROW,COL MAX. CHANGE LAYER,ROW,COL MAX. CHANGE LAYER,ROW,COL MAX. CHANGE LAYER,ROW,COL
 ------------------------------------------------------------------------------------------------------------------------------------
   0.1328E-01 (  1, 30, 21)  0.1779E-04 (  1, 28, 24)  0.6025E-08 (  1, 28, 23)  0.4293E-11 (  1, 30, 22)
  MAXIMUM CONCENTRATION CHANGES FOR EACH ITERATION:
  MAX. CHANGE LAYER,ROW,COL MAX. CHANGE LAYER,ROW,COL MAX. CHANGE LAYER,ROW,COL MAX. CHANGE LAYER,ROW,COL MAX. CHANGE LAYER,ROW,COL
 ------------------------------------------------------------------------------------------------------------------------------------
   0.2863E-01 (  1, 15, 14)  0.5870E-05 (  1, 32, 15)  0.5229E-08 (  1, 16, 13)  0.2465E-11 (  1, 29, 26)
  MAXIMUM CONCENTRATION CHANGES FOR EACH ITERATION:
  MAX. CHANGE LAYER,ROW,COL MAX. CHANGE LAYER,ROW,COL MAX. CHANGE LAYER,ROW,COL MAX. CHANGE LAYER,ROW,COL MAX. CHANGE LAYER,ROW,COL
 ------------------------------------------------------------------------------------------------------------------------------------
   0.1328E-01 (  1, 30, 21)  0.1779E-04 (  1, 28, 24)  0.6025E-08 (  1, 28, 23)  0.4293E-11 (  1, 30, 22)


                                          ================================================
                                                         TIME STEP NO.  007
                                          ================================================

 FROM TIME =   60.000     TO    70.000    















































  MAXIMUM CONCENTRATION CHANGES FOR EACH ITERATION:
  MAX. CHANGE LAYER,ROW,COL MAX. CHANGE LAYER,ROW,COL MAX. CHANGE LAYER,ROW,COL MAX. CHANGE LAYER,ROW,COL MAX. CHANGE LAYER,ROW,COL
 ------------------------------------------------------------------------------------------------------------------------------------
   0.1753E-02 (  1, 27, 22)  0.1431E-05 (  1, 28, 21)  0.6192E-09 (  1, 29, 20)  0.4275E-12 (  1, 30, 18)
  MAXIMUM CONCENTRATION CHANGES FOR EACH ITERATION:
  MAX. CHANGE LAYER,ROW,COL MAX. CHANGE LAYER,ROW,COL MAX. CHANGE LAYER,ROW,COL MAX. CHANGE LAYER,ROW,COL MAX. CHANGE LAYER,ROW,COL
 ------------------------------------------------------------------------------------------------------------------------------------
   0.2689E-03 (  1, 27, 22)  0.2329E-06 (  1, 26, 24)  0.9676E-10 (  1, 26, 24)  0.7883E-13 (  1, 30, 26)
  MAXIMUM CONCENTRATION CHANGES FOR EACH ITERATION:
  MAX. CHANGE LAYER,ROW,COL MAX. CHANGE LAYER,ROW,COL MAX. CHANGE LAYER,ROW,COL MAX. CHANGE LAYER,ROW,COL MAX. CHANGE LAYER,ROW,COL
 ------------------------------------------------------------------------------------------------------------------------------------
   0.9581E-06 (  1, 27, 24)  0.9035E-09 (  1, 28, 24)  0.4342E-12 (  1, 29, 23)
  MAXIMUM CONCENTRATION CHANGES FOR EACH ITERATION:
  MAX. CHANGE LAYER,ROW,COL MAX. CHANGE LAYER,ROW,COL MAX. CHANGE LAYER,ROW,COL MAX. CHANGE LAYER,ROW,COL MAX. CHANGE LAYER,ROW,COL
 ------------------------------------------------------------------------------------------------------------------------------------
   0.3418E-02 (  1, 26, 18)  0.3182E-05 (  1, 27, 17)  0.1266E-08 (  1, 17, 13)  0.8705E-12 (  1, 17, 13)
  MAXIMUM CONCENTRATION CHANGES FOR EACH ITERATION:
  MAX. CHANGE LAYER,ROW,COL MAX. CHANGE LAYER,ROW,COL MAX. CHANGE LAYER,ROW,COL MAX. CHANGE LAYER,ROW,COL MAX. CHANGE LAYER,ROW,COL
 ------------------------------------------------------------------------------------------------------------------------------------
   0.4664E-02 (  1, 28, 16)  0.4336E-05 (  1, 27, 17)  0.1701E-08 (  1, 17, 13)  0.1086E-11 (  1, 17, 13)
  MAXIMUM CONCENTRATION CHANGES FOR EACH ITERATION:
  MAX. CHANGE LAYER,ROW,COL MAX. CHANGE LAYER,ROW,COL MAX. CHANGE LAYER,ROW,COL MAX. CHANGE LAYER,ROW,COL MAX. CHANGE LAYER,ROW,COL
 ------------------------------------------------------------------------------------------------------------------------------------
    0.000     (  1,  1,  1)
  MAXIMUM CONCENTRATION CHANGES FOR EACH ITERATION:
  MAX. CHANGE LAYER,ROW,COL MAX. CHANGE LAYER,ROW,COL MAX. CHANGE LAYER,ROW,COL MAX. CHANGE LAYER,ROW,COL MAX. CHANGE LAYER,ROW,COL
 ------------------------------------------------------------------------------------------------------------------------------------
    0.000     (  1,  1,  1)
  MAXIMUM CONCENTRATION CHANGES FOR EACH ITERATION:
  MAX. CHANGE LAYER,ROW,COL MAX. CHANGE LAYER,ROW,COL MAX. CHANGE LAYER,ROW,COL MAX. CHANGE LAYER,ROW,COL MAX. CHANGE LAYER,ROW,COL
 ------------------------------------------------------------------------------------------------------------------------------------
   0.8693E-02 (  1, 27, 27)  0.1034E-04 (  1, 28, 27)  0.6204E-08 (  1, 29, 25)  0.2775E-11 (  1, 34, 18)
  MAXIMUM CONCENTRATION CHANGES FOR EACH ITERATION:
  MAX. CHANGE LAYER,ROW,COL MAX. CHANGE LAYER,ROW,COL MAX. CHANGE LAYER,ROW,COL MAX. CHANGE LAYER,ROW,COL MAX. CHANGE LAYER,ROW,COL
 ------------------------------------------------------------------------------------------------------------------------------------
   0.1690E-02 (  1, 27, 22)  0.1371E-05 (  1, 28, 21)  0.5756E-09 (  1, 26, 24)  0.4454E-12 (  1, 30, 26)
  MAXIMUM CONCENTRATION CHANGES FOR EACH ITERATION:
  MAX. CHANGE LAYER,ROW,COL MAX. CHANGE LAYER,ROW,COL MAX. CHANGE LAYER,ROW,COL MAX. CHANGE LAYER,ROW,COL MAX. CHANGE LAYER,ROW,COL
 ------------------------------------------------------------------------------------------------------------------------------------
    0.000     (  1,  1,  1)
  MAXIMUM CONCENTRATION CHANGES FOR EACH ITERATION:
  MAX. CHANGE LAYER,ROW,COL MAX. CHANGE LAYER,ROW,COL MAX. CHANGE LAYER,ROW,COL MAX. CHANGE LAYER,ROW,COL MAX. CHANGE LAYER,ROW,COL
 ------------------------------------------------------------------------------------------------------------------------------------
    0.000     (  1,  1,  1)
  MAXIMUM CONCENTRATION CHANGES FOR EACH ITERATION:
  MAX. CHANGE LAYER,ROW,COL MAX. CHANGE LAYER,ROW,COL MAX. CHANGE LAYER,ROW,COL MAX. CHANGE LAYER,ROW,COL MAX. CHANGE LAYER,ROW,COL
 ------------------------------------------------------------------------------------------------------------------------------------
    0.000     (  1,  1,  1)
  MAXIMUM CONCENTRATION CHANGES FOR EACH ITERATION:
  MAX. CHANGE LAYER,ROW,COL MAX. CHANGE LAYER,ROW,COL MAX. CHANGE LAYER,ROW,COL MAX. CHANGE LAYER,ROW,COL MAX. CHANGE LAYER,ROW,COL
 ------------------------------------------------------------------------------------------------------------------------------------
   0.1290E-01 (  1, 27, 26)  0.1822E-04 (  1, 28, 26)  0.6350E-08 (  1, 33, 17)  0.4712E-11 (  1, 28, 22)
  MAXIMUM CONCENTRATION CHANGES FOR EACH ITERATION:
  MAX. CHANGE LAYER,ROW,COL MAX. CHANGE LAYER,ROW,COL MAX. CHANGE LAYER,ROW,COL MAX. CHANGE LAYER,ROW,COL MAX. CHANGE LAYER,ROW,COL
 ------------------------------------------------------------------------------------------------------------------------------------
   0.3302E-03 (  1, 26, 18)  0.2515E-06 (  1, 28, 27)  0.2160E-09 (  1, 29, 26)  0.1196E-12 (  1, 25, 17)
  MAXIMUM CONCENTRATION CHANGES FOR EACH ITERATION:
  MAX. CHANGE LAYER,ROW,COL MAX. CHANGE LAYER,ROW,COL MAX. CHANGE LAYER,ROW,COL MAX. CHANGE LAYER,ROW,COL MAX. CHANGE LAYER,ROW,COL
 ------------------------------------------------------------------------------------------------------------------------------------
    0.000     (  1,  1,  1)
  MAXIMUM CONCENTRATION CHANGES FOR EACH ITERATION:
  MAX. CHANGE LAYER,ROW,COL MAX. CHANGE LAYER,ROW,COL MAX. CHANGE LAYER,ROW,COL MAX. CHANGE LAYER,ROW,COL MAX. CHANGE LAYER,ROW,COL
 ------------------------------------------------------------------------------------------------------------------------------------
    0.000     (  1,  1,  1)
  MAXIMUM CONCENTRATION CHANGES FOR EACH ITERATION:
  MAX. CHANGE LAYER,ROW,COL MAX. CHANGE LAYER,ROW,COL MAX. CHANGE LAYER,ROW,COL MAX. CHANGE LAYER,ROW,COL MAX. CHANGE LAYER,ROW,COL
 ------------------------------------------------------------------------------------------------------------------------------------
   0.7314E-03 (  1, 27, 22)  0.5956E-06 (  1, 28, 21)  0.2867E-09 (  1, 29, 20)  0.1922E-12 (  1, 30, 19)
  MAXIMUM CONCENTRATION CHANGES FOR EACH ITERATION:
  MAX. CHANGE LAYER,ROW,COL MAX. CHANGE LAYER,ROW,COL MAX. CHANGE LAYER,ROW,COL MAX. CHANGE LAYER,ROW,COL MAX. CHANGE LAYER,ROW,COL
 ------------------------------------------------------------------------------------------------------------------------------------
   0.4800E-02 (  1, 25, 18)  0.1739E-05 (  1, 28, 26)  0.1125E-08 (  1, 25, 16)  0.6748E-12 (  1, 27, 17)
  MAXIMUM CONCENTRATION CHANGES FOR EACH ITERATION:
  MAX. CHANGE LAYER,ROW,COL MAX. CHANGE LAYER,ROW,COL MAX. CHANGE LAYER,ROW,COL MAX. CHANGE LAYER,ROW,COL MAX. CHANGE LAYER,ROW,COL
 ------------------------------------------------------------------------------------------------------------------------------------
   0.3585E-02 (  1, 27, 22)  0.2904E-05 (  1, 28, 21)  0.1196E-08 (  1, 26, 23)  0.8474E-12 (  1, 30, 18)
  MAXIMUM CONCENTRATION CHANGES FOR EACH ITERATION:
  MAX. CHANGE LAYER,ROW,COL MAX. CHANGE LAYER,ROW,COL MAX. CHANGE LAYER,ROW,COL MAX. CHANGE LAYER,ROW,COL MAX. CHANGE LAYER,ROW,COL
 ------------------------------------------------------------------------------------------------------------------------------------
   0.1105E-01 (  1, 27, 26)  0.1544E-04 (  1, 28, 26)  0.5339E-08 (  1, 29, 22)  0.3863E-11 (  1, 30, 24)
  MAXIMUM CONCENTRATION CHANGES FOR EACH ITERATION:
  MAX. CHANGE LAYER,ROW,COL MAX. CHANGE LAYER,ROW,COL MAX. CHANGE LAYER,ROW,COL MAX. CHANGE LAYER,ROW,COL MAX. CHANGE LAYER,ROW,COL
 ------------------------------------------------------------------------------------------------------------------------------------
   0.1338E-01 (  1, 27, 26)  0.1880E-04 (  1, 28, 26)  0.7758E-08 (  1, 29, 22)  0.4898E-11 (  1, 28, 23)
  MAXIMUM CONCENTRATION CHANGES FOR EACH ITERATION:
  MAX. CHANGE LAYER,ROW,COL MAX. CHANGE LAYER,ROW,COL MAX. CHANGE LAYER,ROW,COL MAX. CHANGE LAYER,ROW,COL MAX. CHANGE LAYER,ROW,COL
 ------------------------------------------------------------------------------------------------------------------------------------
   0.4865E-01 (  1, 31, 21)  0.2739E-04 (  1, 32, 20)  0.1751E-07 (  1, 29, 23)  0.1142E-10 (  1, 28, 24)  0.8844E-14 (  1, 27, 25)
  MAXIMUM CONCENTRATION CHANGES FOR EACH ITERATION:
  MAX. CHANGE LAYER,ROW,COL MAX. CHANGE LAYER,ROW,COL MAX. CHANGE LAYER,ROW,COL MAX. CHANGE LAYER,ROW,COL MAX. CHANGE LAYER,ROW,COL
 ------------------------------------------------------------------------------------------------------------------------------------
   0.1338E-01 (  1, 27, 26)  0.1880E-04 (  1, 28, 26)  0.7758E-08 (  1, 29, 22)  0.4898E-11 (  1, 28, 23)


                                          ================================================
                                                         TIME STEP NO.  008
                                          ================================================

 FROM TIME =   70.000     TO    80.000    















































  MAXIMUM CONCENTRATION CHANGES FOR EACH ITERATION:
  MAX. CHANGE LAYER,ROW,COL MAX. CHANGE LAYER,ROW,COL MAX. CHANGE LAYER,ROW,COL MAX. CHANGE LAYER,ROW,COL MAX. CHANGE LAYER,ROW,COL
 ------------------------------------------------------------------------------------------------------------------------------------
   0.1961E-02 (  1, 27, 22)  0.1634E-05 (  1, 28, 22)  0.7425E-09 (  1, 29, 21)  0.5120E-12 (  1, 30, 19)
  MAXIMUM CONCENTRATION CHANGES FOR EACH ITERATION:
  MAX. CHANGE LAYER,ROW,COL MAX. CHANGE LAYER,ROW,COL MAX. CHANGE LAYER,ROW,COL MAX. CHANGE LAYER,ROW,COL MAX. CHANGE LAYER,ROW,COL
 ------------------------------------------------------------------------------------------------------------------------------------
   0.3179E-03 (  1, 27, 23)  0.2800E-06 (  1, 26, 25)  0.1138E-09 (  1, 29, 21)  0.9348E-13 (  1, 30, 27)
  MAXIMUM CONCENTRATION CHANGES FOR EACH ITERATION:
  MAX. CHANGE LAYER,ROW,COL MAX. CHANGE LAYER,ROW,COL MAX. CHANGE LAYER,ROW,COL MAX. CHANGE LAYER,ROW,COL MAX. CHANGE LAYER,ROW,COL
 ------------------------------------------------------------------------------------------------------------------------------------
   0.9088E-06 (  1, 27, 25)  0.8807E-09 (  1, 28, 25)  0.4318E-12 (  1, 29, 24)
  MAXIMUM CONCENTRATION CHANGES FOR EACH ITERATION:
  MAX. CHANGE LAYER,ROW,COL MAX. CHANGE LAYER,ROW,COL MAX. CHANGE LAYER,ROW,COL MAX. CHANGE LAYER,ROW,COL MAX. CHANGE LAYER,ROW,COL
 ------------------------------------------------------------------------------------------------------------------------------------
   0.3239E-02 (  1, 26, 18)  0.2788E-05 (  1, 27, 17)  0.1118E-08 (  1, 17, 13)  0.8382E-12 (  1, 28, 16)
  MAXIMUM CONCENTRATION CHANGES FOR EACH ITERATION:
  MAX. CHANGE LAYER,ROW,COL MAX. CHANGE LAYER,ROW,COL MAX. CHANGE LAYER,ROW,COL MAX. CHANGE LAYER,ROW,COL MAX. CHANGE LAYER,ROW,COL
 ------------------------------------------------------------------------------------------------------------------------------------
   0.4383E-02 (  1, 28, 16)  0.4084E-05 (  1, 27, 17)  0.1604E-08 (  1, 17, 13)  0.1015E-11 (  1, 17, 13)
  MAXIMUM CONCENTRATION CHANGES FOR EACH ITERATION:
  MAX. CHANGE LAYER,ROW,COL MAX. CHANGE LAYER,ROW,COL MAX. CHANGE LAYER,ROW,COL MAX. CHANGE LAYER,ROW,COL MAX. CHANGE LAYER,ROW,COL
 ------------------------------------------------------------------------------------------------------------------------------------
    0.000     (  1,  1,  1)
  MAXIMUM CONCENTRATION CHANGES FOR EACH ITERATION:
  MAX. CHANGE LAYER,ROW,COL MAX. CHANGE LAYER,ROW,COL MAX. CHANGE LAYER,ROW,COL MAX. CHANGE LAYER,ROW,COL MAX. CHANGE LAYER,ROW,COL
 ------------------------------------------------------------------------------------------------------------------------------------
    0.000     (  1,  1,  1)
  MAXIMUM CONCENTRATION CHANGES FOR EACH ITERATION:
  MAX. CHANGE LAYER,ROW,COL MAX. CHANGE LAYER,ROW,COL MAX. CHANGE LAYER,ROW,COL MAX. CHANGE LAYER,ROW,COL MAX. CHANGE LAYER,ROW,COL
 ------------------------------------------------------------------------------------------------------------------------------------
   0.8557E-02 (  1, 27, 29)  0.9780E-05 (  1, 28, 29)  0.7021E-08 (  1, 29, 27)  0.2762E-11 (  1, 34, 21)
  MAXIMUM CONCENTRATION CHANGES FOR EACH ITERATION:
  MAX. CHANGE LAYER,ROW,COL MAX. CHANGE LAYER,ROW,COL MAX. CHANGE LAYER,ROW,COL MAX. CHANGE LAYER,ROW,COL MAX. CHANGE LAYER,ROW,COL
 ------------------------------------------------------------------------------------------------------------------------------------
   0.2039E-02 (  1, 27, 22)  0.1708E-05 (  1, 28, 22)  0.7500E-09 (  1, 29, 21)  0.5287E-12 (  1, 30, 19)
  MAXIMUM CONCENTRATION CHANGES FOR EACH ITERATION:
  MAX. CHANGE LAYER,ROW,COL MAX. CHANGE LAYER,ROW,COL MAX. CHANGE LAYER,ROW,COL MAX. CHANGE LAYER,ROW,COL MAX. CHANGE LAYER,ROW,COL
 ------------------------------------------------------------------------------------------------------------------------------------
    0.000     (  1,  1,  1)
  MAXIMUM CONCENTRATION CHANGES FOR EACH ITERATION:
  MAX. CHANGE LAYER,ROW,COL MAX. CHANGE LAYER,ROW,COL MAX. CHANGE LAYER,ROW,COL MAX. CHANGE LAYER,ROW,COL MAX. CHANGE LAYER,ROW,COL
 ------------------------------------------------------------------------------------------------------------------------------------
    0.000     (  1,  1,  1)
  MAXIMUM CONCENTRATION CHANGES FOR EACH ITERATION:
  MAX. CHANGE LAYER,ROW,COL MAX. CHANGE LAYER,ROW,COL MAX. CHANGE LAYER,ROW,COL MAX. CHANGE LAYER,ROW,COL MAX. CHANGE LAYER,ROW,COL
 ------------------------------------------------------------------------------------------------------------------------------------
    0.000     (  1,  1,  1)
  MAXIMUM CONCENTRATION CHANGES FOR EACH ITERATION:
  MAX. CHANGE LAYER,ROW,COL MAX. CHANGE LAYER,ROW,COL MAX. CHANGE LAYER,ROW,COL MAX. CHANGE LAYER,ROW,COL MAX. CHANGE LAYER,ROW,COL
 ------------------------------------------------------------------------------------------------------------------------------------
   0.1036E-01 (  1, 26, 18)  0.4229E-05 (  1, 28, 17)  0.1916E-08 (  1, 26, 18)  0.1576E-11 (  1, 27, 17)
  MAXIMUM CONCENTRATION CHANGES FOR EACH ITERATION:
  MAX. CHANGE LAYER,ROW,COL MAX. CHANGE LAYER,ROW,COL MAX. CHANGE LAYER,ROW,COL MAX. CHANGE LAYER,ROW,COL MAX. CHANGE LAYER,ROW,COL
 ------------------------------------------------------------------------------------------------------------------------------------
   0.4485E-03 (  1, 27, 21)  0.3145E-06 (  1, 28, 21)  0.2569E-09 (  1, 29, 28)  0.1588E-12 (  1, 30, 27)
  MAXIMUM CONCENTRATION CHANGES FOR EACH ITERATION:
  MAX. CHANGE LAYER,ROW,COL MAX. CHANGE LAYER,ROW,COL MAX. CHANGE LAYER,ROW,COL MAX. CHANGE LAYER,ROW,COL MAX. CHANGE LAYER,ROW,COL
 ------------------------------------------------------------------------------------------------------------------------------------
    0.000     (  1,  1,  1)
  MAXIMUM CONCENTRATION CHANGES FOR EACH ITERATION:
  MAX. CHANGE LAYER,ROW,COL MAX. CHANGE LAYER,ROW,COL MAX. CHANGE LAYER,ROW,COL MAX. CHANGE LAYER,ROW,COL MAX. CHANGE LAYER,ROW,COL
 ------------------------------------------------------------------------------------------------------------------------------------
    0.000     (  1,  1,  1)
  MAXIMUM CONCENTRATION CHANGES FOR EACH ITERATION:
  MAX. CHANGE LAYER,ROW,COL MAX. CHANGE LAYER,ROW,COL MAX. CHANGE LAYER,ROW,COL MAX. CHANGE LAYER,ROW,COL MAX. CHANGE LAYER,ROW,COL
 ------------------------------------------------------------------------------------------------------------------------------------
   0.8883E-03 (  1, 27, 22)  0.7254E-06 (  1, 28, 22)  0.3445E-09 (  1, 29, 21)  0.2338E-12 (  1, 30, 19)
  MAXIMUM CONCENTRATION CHANGES FOR EACH ITERATION:
  MAX. CHANGE LAYER,ROW,COL MAX. CHANGE LAYER,ROW,COL MAX. CHANGE LAYER,ROW,COL MAX. CHANGE LAYER,ROW,COL MAX. CHANGE LAYER,ROW,COL
 ------------------------------------------------------------------------------------------------------------------------------------
   0.8711E-02 (  1, 25, 18)  0.3171E-05 (  1, 28, 17)  0.1605E-08 (  1, 29, 16)  0.1119E-11 (  1, 30, 15)
  MAXIMUM CONCENTRATION CHANGES FOR EACH ITERATION:
  MAX. CHANGE LAYER,ROW,COL MAX. CHANGE LAYER,ROW,COL MAX. CHANGE LAYER,ROW,COL MAX. CHANGE LAYER,ROW,COL MAX. CHANGE LAYER,ROW,COL
 ------------------------------------------------------------------------------------------------------------------------------------
   0.4460E-02 (  1, 27, 22)  0.3653E-05 (  1, 28, 22)  0.1644E-08 (  1, 29, 21)  0.1145E-11 (  1, 30, 19)
  MAXIMUM CONCENTRATION CHANGES FOR EACH ITERATION:
  MAX. CHANGE LAYER,ROW,COL MAX. CHANGE LAYER,ROW,COL MAX. CHANGE LAYER,ROW,COL MAX. CHANGE LAYER,ROW,COL MAX. CHANGE LAYER,ROW,COL
 ------------------------------------------------------------------------------------------------------------------------------------
   0.9050E-02 (  1, 26, 18)  0.4695E-05 (  1, 29, 27)  0.3385E-08 (  1, 29, 25)  0.1900E-11 (  1, 27, 17)
  MAXIMUM CONCENTRATION CHANGES FOR EACH ITERATION:
  MAX. CHANGE LAYER,ROW,COL MAX. CHANGE LAYER,ROW,COL MAX. CHANGE LAYER,ROW,COL MAX. CHANGE LAYER,ROW,COL MAX. CHANGE LAYER,ROW,COL
 ------------------------------------------------------------------------------------------------------------------------------------
   0.1349E-01 (  1, 31, 22)  0.1667E-04 (  1, 29, 27)  0.1139E-07 (  1, 29, 25)  0.5599E-11 (  1, 28, 25)
  MAXIMUM CONCENTRATION CHANGES FOR EACH ITERATION:
  MAX. CHANGE LAYER,ROW,COL MAX. CHANGE LAYER,ROW,COL MAX. CHANGE LAYER,ROW,COL MAX. CHANGE LAYER,ROW,COL MAX. CHANGE LAYER,ROW,COL
 ------------------------------------------------------------------------------------------------------------------------------------
   0.5094E-01 (  1, 28, 29)  0.3429E-04 (  1, 27, 30)  0.2276E-07 (  1, 30, 27)  0.1483E-10 (  1, 31, 26)  0.1027E-13 (  1, 32, 25)
  MAXIMUM CONCENTRATION CHANGES FOR EACH ITERATION:
  MAX. CHANGE LAYER,ROW,COL MAX. CHANGE LAYER,ROW,COL MAX. CHANGE LAYER,ROW,COL MAX. CHANGE LAYER,ROW,COL MAX. CHANGE LAYER,ROW,COL
 ------------------------------------------------------------------------------------------------------------------------------------
   0.1349E-01 (  1, 31, 22)  0.1667E-04 (  1, 29, 27)  0.1139E-07 (  1, 29, 25)  0.5599E-11 (  1, 28, 25)


                                          ================================================
                                                         TIME STEP NO.  009
                                          ================================================

 FROM TIME =   80.000     TO    90.000    















































  MAXIMUM CONCENTRATION CHANGES FOR EACH ITERATION:
  MAX. CHANGE LAYER,ROW,COL MAX. CHANGE LAYER,ROW,COL MAX. CHANGE LAYER,ROW,COL MAX. CHANGE LAYER,ROW,COL MAX. CHANGE LAYER,ROW,COL
 ------------------------------------------------------------------------------------------------------------------------------------
   0.2140E-02 (  1, 27, 23)  0.1792E-05 (  1, 28, 23)  0.8536E-09 (  1, 29, 21)  0.5869E-12 (  1, 30, 20)
  MAXIMUM CONCENTRATION CHANGES FOR EACH ITERATION:
  MAX. CHANGE LAYER,ROW,COL MAX. CHANGE LAYER,ROW,COL MAX. CHANGE LAYER,ROW,COL MAX. CHANGE LAYER,ROW,COL MAX. CHANGE LAYER,ROW,COL
 ------------------------------------------------------------------------------------------------------------------------------------
   0.3611E-03 (  1, 27, 23)  0.3345E-06 (  1, 26, 26)  0.1478E-09 (  1, 29, 22)  0.1030E-12 (  1, 30, 29)
  MAXIMUM CONCENTRATION CHANGES FOR EACH ITERATION:
  MAX. CHANGE LAYER,ROW,COL MAX. CHANGE LAYER,ROW,COL MAX. CHANGE LAYER,ROW,COL MAX. CHANGE LAYER,ROW,COL MAX. CHANGE LAYER,ROW,COL
 ------------------------------------------------------------------------------------------------------------------------------------
   0.8691E-06 (  1, 27, 26)  0.8479E-09 (  1, 28, 26)  0.4218E-12 (  1, 29, 25)
  MAXIMUM CONCENTRATION CHANGES FOR EACH ITERATION:
  MAX. CHANGE LAYER,ROW,COL MAX. CHANGE LAYER,ROW,COL MAX. CHANGE LAYER,ROW,COL MAX. CHANGE LAYER,ROW,COL MAX. CHANGE LAYER,ROW,COL
 ------------------------------------------------------------------------------------------------------------------------------------
   0.3135E-02 (  1, 26, 18)  0.2620E-05 (  1, 28, 22)  0.1117E-08 (  1, 27, 17)  0.9034E-12 (  1, 28, 16)
  MAXIMUM CONCENTRATION CHANGES FOR EACH ITERATION:
  MAX. CHANGE LAYER,ROW,COL MAX. CHANGE LAYER,ROW,COL MAX. CHANGE LAYER,ROW,COL MAX. CHANGE LAYER,ROW,COL MAX. CHANGE LAYER,ROW,COL
 ------------------------------------------------------------------------------------------------------------------------------------
   0.4185E-02 (  1, 28, 16)  0.3906E-05 (  1, 27, 17)  0.1547E-08 (  1, 17, 13)  0.9799E-12 (  1, 17, 13)
  MAXIMUM CONCENTRATION CHANGES FOR EACH ITERATION:
  MAX. CHANGE LAYER,ROW,COL MAX. CHANGE LAYER,ROW,COL MAX. CHANGE LAYER,ROW,COL MAX. CHANGE LAYER,ROW,COL MAX. CHANGE LAYER,ROW,COL
 ------------------------------------------------------------------------------------------------------------------------------------
    0.000     (  1,  1,  1)
  MAXIMUM CONCENTRATION CHANGES FOR EACH ITERATION:
  MAX. CHANGE LAYER,ROW,COL MAX. CHANGE LAYER,ROW,COL MAX. CHANGE LAYER,ROW,COL MAX. CHANGE LAYER,ROW,COL MAX. CHANGE LAYER,ROW,COL
 ------------------------------------------------------------------------------------------------------------------------------------
    0.000     (  1,  1,  1)
  MAXIMUM CONCENTRATION CHANGES FOR EACH ITERATION:
  MAX. CHANGE LAYER,ROW,COL MAX. CHANGE LAYER,ROW,COL MAX. CHANGE LAYER,ROW,COL MAX. CHANGE LAYER,ROW,COL MAX. CHANGE LAYER,ROW,COL
 ------------------------------------------------------------------------------------------------------------------------------------
   0.7923E-02 (  1, 27, 31)  0.9155E-05 (  1, 28, 31)  0.7128E-08 (  1, 29, 29)  0.2805E-11 (  1, 35, 20)
  MAXIMUM CONCENTRATION CHANGES FOR EACH ITERATION:
  MAX. CHANGE LAYER,ROW,COL MAX. CHANGE LAYER,ROW,COL MAX. CHANGE LAYER,ROW,COL MAX. CHANGE LAYER,ROW,COL MAX. CHANGE LAYER,ROW,COL
 ------------------------------------------------------------------------------------------------------------------------------------
   0.2390E-02 (  1, 27, 23)  0.2095E-05 (  1, 26, 25)  0.9641E-09 (  1, 29, 22)  0.6429E-12 (  1, 30, 20)
  MAXIMUM CONCENTRATION CHANGES FOR EACH ITERATION:
  MAX. CHANGE LAYER,ROW,COL MAX. CHANGE LAYER,ROW,COL MAX. CHANGE LAYER,ROW,COL MAX. CHANGE LAYER,ROW,COL MAX. CHANGE LAYER,ROW,COL
 ------------------------------------------------------------------------------------------------------------------------------------
    0.000     (  1,  1,  1)
  MAXIMUM CONCENTRATION CHANGES FOR EACH ITERATION:
  MAX. CHANGE LAYER,ROW,COL MAX. CHANGE LAYER,ROW,COL MAX. CHANGE LAYER,ROW,COL MAX. CHANGE LAYER,ROW,COL MAX. CHANGE LAYER,ROW,COL
 ------------------------------------------------------------------------------------------------------------------------------------
    0.000     (  1,  1,  1)
  MAXIMUM CONCENTRATION CHANGES FOR EACH ITERATION:
  MAX. CHANGE LAYER,ROW,COL MAX. CHANGE LAYER,ROW,COL MAX. CHANGE LAYER,ROW,COL MAX. CHANGE LAYER,ROW,COL MAX. CHANGE LAYER,ROW,COL
 ------------------------------------------------------------------------------------------------------------------------------------
    0.000     (  1,  1,  1)
  MAXIMUM CONCENTRATION CHANGES FOR EACH ITERATION:
  MAX. CHANGE LAYER,ROW,COL MAX. CHANGE LAYER,ROW,COL MAX. CHANGE LAYER,ROW,COL MAX. CHANGE LAYER,ROW,COL MAX. CHANGE LAYER,ROW,COL
 ------------------------------------------------------------------------------------------------------------------------------------
   0.7088E-02 (  1, 26, 16)  0.4532E-05 (  1, 28, 16)  0.2208E-08 (  1, 25, 18)  0.1683E-11 (  1, 25, 18)
  MAXIMUM CONCENTRATION CHANGES FOR EACH ITERATION:
  MAX. CHANGE LAYER,ROW,COL MAX. CHANGE LAYER,ROW,COL MAX. CHANGE LAYER,ROW,COL MAX. CHANGE LAYER,ROW,COL MAX. CHANGE LAYER,ROW,COL
 ------------------------------------------------------------------------------------------------------------------------------------
   0.6316E-03 (  1, 27, 21)  0.4678E-06 (  1, 28, 20)  0.2815E-09 (  1, 29, 30)  0.2112E-12 (  1, 30, 29)
  MAXIMUM CONCENTRATION CHANGES FOR EACH ITERATION:
  MAX. CHANGE LAYER,ROW,COL MAX. CHANGE LAYER,ROW,COL MAX. CHANGE LAYER,ROW,COL MAX. CHANGE LAYER,ROW,COL MAX. CHANGE LAYER,ROW,COL
 ------------------------------------------------------------------------------------------------------------------------------------
    0.000     (  1,  1,  1)
  MAXIMUM CONCENTRATION CHANGES FOR EACH ITERATION:
  MAX. CHANGE LAYER,ROW,COL MAX. CHANGE LAYER,ROW,COL MAX. CHANGE LAYER,ROW,COL MAX. CHANGE LAYER,ROW,COL MAX. CHANGE LAYER,ROW,COL
 ------------------------------------------------------------------------------------------------------------------------------------
    0.000     (  1,  1,  1)
  MAXIMUM CONCENTRATION CHANGES FOR EACH ITERATION:
  MAX. CHANGE LAYER,ROW,COL MAX. CHANGE LAYER,ROW,COL MAX. CHANGE LAYER,ROW,COL MAX. CHANGE LAYER,ROW,COL MAX. CHANGE LAYER,ROW,COL
 ------------------------------------------------------------------------------------------------------------------------------------
   0.1025E-02 (  1, 27, 23)  0.8458E-06 (  1, 28, 22)  0.4144E-09 (  1, 29, 21)  0.2804E-12 (  1, 30, 20)
  MAXIMUM CONCENTRATION CHANGES FOR EACH ITERATION:
  MAX. CHANGE LAYER,ROW,COL MAX. CHANGE LAYER,ROW,COL MAX. CHANGE LAYER,ROW,COL MAX. CHANGE LAYER,ROW,COL MAX. CHANGE LAYER,ROW,COL
 ------------------------------------------------------------------------------------------------------------------------------------
   0.8253E-02 (  1, 26, 18)  0.4425E-05 (  1, 28, 17)  0.1849E-08 (  1, 29, 15)  0.1409E-11 (  1, 30, 15)
  MAXIMUM CONCENTRATION CHANGES FOR EACH ITERATION:
  MAX. CHANGE LAYER,ROW,COL MAX. CHANGE LAYER,ROW,COL MAX. CHANGE LAYER,ROW,COL MAX. CHANGE LAYER,ROW,COL MAX. CHANGE LAYER,ROW,COL
 ------------------------------------------------------------------------------------------------------------------------------------
   0.5313E-02 (  1, 27, 23)  0.4441E-05 (  1, 26, 25)  0.2141E-08 (  1, 29, 21)  0.1427E-11 (  1, 30, 20)
  MAXIMUM CONCENTRATION CHANGES FOR EACH ITERATION:
  MAX. CHANGE LAYER,ROW,COL MAX. CHANGE LAYER,ROW,COL MAX. CHANGE LAYER,ROW,COL MAX. CHANGE LAYER,ROW,COL MAX. CHANGE LAYER,ROW,COL
 ------------------------------------------------------------------------------------------------------------------------------------
   0.8342E-02 (  1, 27, 20)  0.4674E-05 (  1, 28, 29)  0.4327E-08 (  1, 29, 28)  0.2086E-11 (  1, 25, 18)
  MAXIMUM CONCENTRATION CHANGES FOR EACH ITERATION:
  MAX. CHANGE LAYER,ROW,COL MAX. CHANGE LAYER,ROW,COL MAX. CHANGE LAYER,ROW,COL MAX. CHANGE LAYER,ROW,COL MAX. CHANGE LAYER,ROW,COL
 ------------------------------------------------------------------------------------------------------------------------------------
   0.1358E-01 (  1, 31, 25)  0.1614E-04 (  1, 28, 29)  0.1520E-07 (  1, 29, 27)  0.5232E-11 (  1, 34, 21)
  MAXIMUM CONCENTRATION CHANGES FOR EACH ITERATION:
  MAX. CHANGE LAYER,ROW,COL MAX. CHANGE LAYER,ROW,COL MAX. CHANGE LAYER,ROW,COL MAX. CHANGE LAYER,ROW,COL MAX. CHANGE LAYER,ROW,COL
 ------------------------------------------------------------------------------------------------------------------------------------
   0.3137E-01 (  1, 22, 24)  0.3631E-05 (  1, 23, 23)  0.4596E-09 (  1, 20, 26)  0.6285E-12 (  1, 20, 26)
  MAXIMUM CONCENTRATION CHANGES FOR EACH ITERATION:
  MAX. CHANGE LAYER,ROW,COL MAX. CHANGE LAYER,ROW,COL MAX. CHANGE LAYER,ROW,COL MAX. CHANGE LAYER,ROW,COL MAX. CHANGE LAYER,ROW,COL
 ------------------------------------------------------------------------------------------------------------------------------------
   0.1358E-01 (  1, 31, 25)  0.1614E-04 (  1, 28, 29)  0.1520E-07 (  1, 29, 27)  0.5232E-11 (  1, 34, 21)


                                          ================================================
                                                         TIME STEP NO.  010
                                          ================================================

 FROM TIME =   90.000     TO    100.00    















































  MAXIMUM CONCENTRATION CHANGES FOR EACH ITERATION:
  MAX. CHANGE LAYER,ROW,COL MAX. CHANGE LAYER,ROW,COL MAX. CHANGE LAYER,ROW,COL MAX. CHANGE LAYER,ROW,COL MAX. CHANGE LAYER,ROW,COL
 ------------------------------------------------------------------------------------------------------------------------------------
   0.2252E-02 (  1, 27, 24)  0.1940E-05 (  1, 28, 23)  0.9467E-09 (  1, 29, 22)  0.6481E-12 (  1, 30, 21)
  MAXIMUM CONCENTRATION CHANGES FOR EACH ITERATION:
  MAX. CHANGE LAYER,ROW,COL MAX. CHANGE LAYER,ROW,COL MAX. CHANGE LAYER,ROW,COL MAX. CHANGE LAYER,ROW,COL MAX. CHANGE LAYER,ROW,COL
 ------------------------------------------------------------------------------------------------------------------------------------
   0.3956E-03 (  1, 27, 25)  0.3743E-06 (  1, 26, 26)  0.1745E-09 (  1, 29, 23)  0.1141E-12 (  1, 30, 22)
  MAXIMUM CONCENTRATION CHANGES FOR EACH ITERATION:
  MAX. CHANGE LAYER,ROW,COL MAX. CHANGE LAYER,ROW,COL MAX. CHANGE LAYER,ROW,COL MAX. CHANGE LAYER,ROW,COL MAX. CHANGE LAYER,ROW,COL
 ------------------------------------------------------------------------------------------------------------------------------------
   0.8211E-06 (  1, 27, 27)  0.8057E-09 (  1, 28, 27)  0.4051E-12 (  1, 29, 26)
  MAXIMUM CONCENTRATION CHANGES FOR EACH ITERATION:
  MAX. CHANGE LAYER,ROW,COL MAX. CHANGE LAYER,ROW,COL MAX. CHANGE LAYER,ROW,COL MAX. CHANGE LAYER,ROW,COL MAX. CHANGE LAYER,ROW,COL
 ------------------------------------------------------------------------------------------------------------------------------------
   0.3088E-02 (  1, 26, 18)  0.2683E-05 (  1, 28, 23)  0.1215E-08 (  1, 27, 17)  0.9654E-12 (  1, 28, 16)
  MAXIMUM CONCENTRATION CHANGES FOR EACH ITERATION:
  MAX. CHANGE LAYER,ROW,COL MAX. CHANGE LAYER,ROW,COL MAX. CHANGE LAYER,ROW,COL MAX. CHANGE LAYER,ROW,COL MAX. CHANGE LAYER,ROW,COL
 ------------------------------------------------------------------------------------------------------------------------------------
   0.4033E-02 (  1, 28, 16)  0.3770E-05 (  1, 27, 17)  0.1511E-08 (  1, 17, 13)  0.9653E-12 (  1, 17, 13)
  MAXIMUM CONCENTRATION CHANGES FOR EACH ITERATION:
  MAX. CHANGE LAYER,ROW,COL MAX. CHANGE LAYER,ROW,COL MAX. CHANGE LAYER,ROW,COL MAX. CHANGE LAYER,ROW,COL MAX. CHANGE LAYER,ROW,COL
 ------------------------------------------------------------------------------------------------------------------------------------
    0.000     (  1,  1,  1)
  MAXIMUM CONCENTRATION CHANGES FOR EACH ITERATION:
  MAX. CHANGE LAYER,ROW,COL MAX. CHANGE LAYER,ROW,COL MAX. CHANGE LAYER,ROW,COL MAX. CHANGE LAYER,ROW,COL MAX. CHANGE LAYER,ROW,COL
 ------------------------------------------------------------------------------------------------------------------------------------
    0.000     (  1,  1,  1)
  MAXIMUM CONCENTRATION CHANGES FOR EACH ITERATION:
  MAX. CHANGE LAYER,ROW,COL MAX. CHANGE LAYER,ROW,COL MAX. CHANGE LAYER,ROW,COL MAX. CHANGE LAYER,ROW,COL MAX. CHANGE LAYER,ROW,COL
 ------------------------------------------------------------------------------------------------------------------------------------
   0.7375E-02 (  1, 27, 33)  0.8636E-05 (  1, 28, 33)  0.7013E-08 (  1, 29, 31)  0.2743E-11 (  1, 35, 22)
  MAXIMUM CONCENTRATION CHANGES FOR EACH ITERATION:
  MAX. CHANGE LAYER,ROW,COL MAX. CHANGE LAYER,ROW,COL MAX. CHANGE LAYER,ROW,COL MAX. CHANGE LAYER,ROW,COL MAX. CHANGE LAYER,ROW,COL
 ------------------------------------------------------------------------------------------------------------------------------------
   0.2621E-02 (  1, 27, 24)  0.2480E-05 (  1, 26, 26)  0.1149E-08 (  1, 29, 23)  0.7438E-12 (  1, 30, 22)
  MAXIMUM CONCENTRATION CHANGES FOR EACH ITERATION:
  MAX. CHANGE LAYER,ROW,COL MAX. CHANGE LAYER,ROW,COL MAX. CHANGE LAYER,ROW,COL MAX. CHANGE LAYER,ROW,COL MAX. CHANGE LAYER,ROW,COL
 ------------------------------------------------------------------------------------------------------------------------------------
    0.000     (  1,  1,  1)
  MAXIMUM CONCENTRATION CHANGES FOR EACH ITERATION:
  MAX. CHANGE LAYER,ROW,COL MAX. CHANGE LAYER,ROW,COL MAX. CHANGE LAYER,ROW,COL MAX. CHANGE LAYER,ROW,COL MAX. CHANGE LAYER,ROW,COL
 ------------------------------------------------------------------------------------------------------------------------------------
    0.000     (  1,  1,  1)
  MAXIMUM CONCENTRATION CHANGES FOR EACH ITERATION:
  MAX. CHANGE LAYER,ROW,COL MAX. CHANGE LAYER,ROW,COL MAX. CHANGE LAYER,ROW,COL MAX. CHANGE LAYER,ROW,COL MAX. CHANGE LAYER,ROW,COL
 ------------------------------------------------------------------------------------------------------------------------------------
    0.000     (  1,  1,  1)
  MAXIMUM CONCENTRATION CHANGES FOR EACH ITERATION:
  MAX. CHANGE LAYER,ROW,COL MAX. CHANGE LAYER,ROW,COL MAX. CHANGE LAYER,ROW,COL MAX. CHANGE LAYER,ROW,COL MAX. CHANGE LAYER,ROW,COL
 ------------------------------------------------------------------------------------------------------------------------------------
   0.1030E-01 (  1, 27, 21)  0.5956E-05 (  1, 29, 19)  0.3144E-08 (  1, 30, 18)  0.1760E-11 (  1, 31, 18)
  MAXIMUM CONCENTRATION CHANGES FOR EACH ITERATION:
  MAX. CHANGE LAYER,ROW,COL MAX. CHANGE LAYER,ROW,COL MAX. CHANGE LAYER,ROW,COL MAX. CHANGE LAYER,ROW,COL MAX. CHANGE LAYER,ROW,COL
 ------------------------------------------------------------------------------------------------------------------------------------
   0.7976E-03 (  1, 28, 19)  0.6287E-06 (  1, 28, 22)  0.2888E-09 (  1, 29, 22)  0.2427E-12 (  1, 30, 31)
  MAXIMUM CONCENTRATION CHANGES FOR EACH ITERATION:
  MAX. CHANGE LAYER,ROW,COL MAX. CHANGE LAYER,ROW,COL MAX. CHANGE LAYER,ROW,COL MAX. CHANGE LAYER,ROW,COL MAX. CHANGE LAYER,ROW,COL
 ------------------------------------------------------------------------------------------------------------------------------------
    0.000     (  1,  1,  1)
  MAXIMUM CONCENTRATION CHANGES FOR EACH ITERATION:
  MAX. CHANGE LAYER,ROW,COL MAX. CHANGE LAYER,ROW,COL MAX. CHANGE LAYER,ROW,COL MAX. CHANGE LAYER,ROW,COL MAX. CHANGE LAYER,ROW,COL
 ------------------------------------------------------------------------------------------------------------------------------------
    0.000     (  1,  1,  1)
  MAXIMUM CONCENTRATION CHANGES FOR EACH ITERATION:
  MAX. CHANGE LAYER,ROW,COL MAX. CHANGE LAYER,ROW,COL MAX. CHANGE LAYER,ROW,COL MAX. CHANGE LAYER,ROW,COL MAX. CHANGE LAYER,ROW,COL
 ------------------------------------------------------------------------------------------------------------------------------------
   0.1125E-02 (  1, 27, 24)  0.9613E-06 (  1, 28, 23)  0.4774E-09 (  1, 29, 22)  0.3254E-12 (  1, 30, 21)
  MAXIMUM CONCENTRATION CHANGES FOR EACH ITERATION:
  MAX. CHANGE LAYER,ROW,COL MAX. CHANGE LAYER,ROW,COL MAX. CHANGE LAYER,ROW,COL MAX. CHANGE LAYER,ROW,COL MAX. CHANGE LAYER,ROW,COL
 ------------------------------------------------------------------------------------------------------------------------------------
   0.7123E-02 (  1, 26, 18)  0.3738E-05 (  1, 29, 18)  0.1784E-08 (  1, 26, 22)  0.1228E-11 (  1, 31, 17)
  MAXIMUM CONCENTRATION CHANGES FOR EACH ITERATION:
  MAX. CHANGE LAYER,ROW,COL MAX. CHANGE LAYER,ROW,COL MAX. CHANGE LAYER,ROW,COL MAX. CHANGE LAYER,ROW,COL MAX. CHANGE LAYER,ROW,COL
 ------------------------------------------------------------------------------------------------------------------------------------
   0.5902E-02 (  1, 27, 24)  0.5409E-05 (  1, 26, 26)  0.2539E-08 (  1, 29, 23)  0.1651E-11 (  1, 30, 22)
  MAXIMUM CONCENTRATION CHANGES FOR EACH ITERATION:
  MAX. CHANGE LAYER,ROW,COL MAX. CHANGE LAYER,ROW,COL MAX. CHANGE LAYER,ROW,COL MAX. CHANGE LAYER,ROW,COL MAX. CHANGE LAYER,ROW,COL
 ------------------------------------------------------------------------------------------------------------------------------------
   0.1159E-01 (  1, 27, 21)  0.5360E-05 (  1, 29, 19)  0.5334E-08 (  1, 29, 30)  0.3111E-11 (  1, 30, 18)
  MAXIMUM CONCENTRATION CHANGES FOR EACH ITERATION:
  MAX. CHANGE LAYER,ROW,COL MAX. CHANGE LAYER,ROW,COL MAX. CHANGE LAYER,ROW,COL MAX. CHANGE LAYER,ROW,COL MAX. CHANGE LAYER,ROW,COL
 ------------------------------------------------------------------------------------------------------------------------------------
   0.1369E-01 (  1, 32, 23)  0.1852E-04 (  1, 28, 31)  0.1631E-07 (  1, 29, 29)  0.5525E-11 (  1, 35, 20)
  MAXIMUM CONCENTRATION CHANGES FOR EACH ITERATION:
  MAX. CHANGE LAYER,ROW,COL MAX. CHANGE LAYER,ROW,COL MAX. CHANGE LAYER,ROW,COL MAX. CHANGE LAYER,ROW,COL MAX. CHANGE LAYER,ROW,COL
 ------------------------------------------------------------------------------------------------------------------------------------
   0.3625E-01 (  1, 26, 28)  0.8420E-05 (  1, 28, 27)  0.8117E-08 (  1, 25, 29)  0.5337E-11 (  1, 25, 29)
  MAXIMUM CONCENTRATION CHANGES FOR EACH ITERATION:
  MAX. CHANGE LAYER,ROW,COL MAX. CHANGE LAYER,ROW,COL MAX. CHANGE LAYER,ROW,COL MAX. CHANGE LAYER,ROW,COL MAX. CHANGE LAYER,ROW,COL
 ------------------------------------------------------------------------------------------------------------------------------------
   0.1369E-01 (  1, 32, 23)  0.1852E-04 (  1, 28, 31)  0.1631E-07 (  1, 29, 29)  0.5525E-11 (  1, 35, 20)


                                          ================================================
                                                         TIME STEP NO.  011
                                          ================================================

 FROM TIME =   100.00     TO    110.00    















































  MAXIMUM CONCENTRATION CHANGES FOR EACH ITERATION:
  MAX. CHANGE LAYER,ROW,COL MAX. CHANGE LAYER,ROW,COL MAX. CHANGE LAYER,ROW,COL MAX. CHANGE LAYER,ROW,COL MAX. CHANGE LAYER,ROW,COL
 ------------------------------------------------------------------------------------------------------------------------------------
   0.2296E-02 (  1, 27, 25)  0.2060E-05 (  1, 28, 24)  0.1020E-08 (  1, 29, 24)  0.7003E-12 (  1, 30, 23)
  MAXIMUM CONCENTRATION CHANGES FOR EACH ITERATION:
  MAX. CHANGE LAYER,ROW,COL MAX. CHANGE LAYER,ROW,COL MAX. CHANGE LAYER,ROW,COL MAX. CHANGE LAYER,ROW,COL MAX. CHANGE LAYER,ROW,COL
 ------------------------------------------------------------------------------------------------------------------------------------
   0.4210E-03 (  1, 27, 26)  0.4203E-06 (  1, 28, 25)  0.1968E-09 (  1, 29, 25)  0.1324E-12 (  1, 30, 24)
  MAXIMUM CONCENTRATION CHANGES FOR EACH ITERATION:
  MAX. CHANGE LAYER,ROW,COL MAX. CHANGE LAYER,ROW,COL MAX. CHANGE LAYER,ROW,COL MAX. CHANGE LAYER,ROW,COL MAX. CHANGE LAYER,ROW,COL
 ------------------------------------------------------------------------------------------------------------------------------------
   0.7658E-06 (  1, 27, 28)  0.7589E-09 (  1, 28, 28)  0.3852E-12 (  1, 29, 27)
  MAXIMUM CONCENTRATION CHANGES FOR EACH ITERATION:
  MAX. CHANGE LAYER,ROW,COL MAX. CHANGE LAYER,ROW,COL MAX. CHANGE LAYER,ROW,COL MAX. CHANGE LAYER,ROW,COL MAX. CHANGE LAYER,ROW,COL
 ------------------------------------------------------------------------------------------------------------------------------------
   0.3071E-02 (  1, 26, 18)  0.2710E-05 (  1, 28, 24)  0.1304E-08 (  1, 27, 17)  0.1014E-11 (  1, 28, 16)
  MAXIMUM CONCENTRATION CHANGES FOR EACH ITERATION:
  MAX. CHANGE LAYER,ROW,COL MAX. CHANGE LAYER,ROW,COL MAX. CHANGE LAYER,ROW,COL MAX. CHANGE LAYER,ROW,COL MAX. CHANGE LAYER,ROW,COL
 ------------------------------------------------------------------------------------------------------------------------------------
   0.3929E-02 (  1, 28, 16)  0.3674E-05 (  1, 27, 17)  0.1492E-08 (  1, 17, 13)  0.9654E-12 (  1, 17, 13)
  MAXIMUM CONCENTRATION CHANGES FOR EACH ITERATION:
  MAX. CHANGE LAYER,ROW,COL MAX. CHANGE LAYER,ROW,COL MAX. CHANGE LAYER,ROW,COL MAX. CHANGE LAYER,ROW,COL MAX. CHANGE LAYER,ROW,COL
 ------------------------------------------------------------------------------------------------------------------------------------
    0.000     (  1,  1,  1)
  MAXIMUM CONCENTRATION CHANGES FOR EACH ITERATION:
  MAX. CHANGE LAYER,ROW,COL MAX. CHANGE LAYER,ROW,COL MAX. CHANGE LAYER,ROW,COL MAX. CHANGE LAYER,ROW,COL MAX. CHANGE LAYER,ROW,COL
 ------------------------------------------------------------------------------------------------------------------------------------
    0.000     (  1,  1,  1)
  MAXIMUM CONCENTRATION CHANGES FOR EACH ITERATION:
  MAX. CHANGE LAYER,ROW,COL MAX. CHANGE LAYER,ROW,COL MAX. CHANGE LAYER,ROW,COL MAX. CHANGE LAYER,ROW,COL MAX. CHANGE LAYER,ROW,COL
 ------------------------------------------------------------------------------------------------------------------------------------
   0.6891E-02 (  1, 27, 34)  0.8261E-05 (  1, 28, 34)  0.6894E-08 (  1, 29, 33)  0.2999E-11 (  1, 30, 32)
  MAXIMUM CONCENTRATION CHANGES FOR EACH ITERATION:
  MAX. CHANGE LAYER,ROW,COL MAX. CHANGE LAYER,ROW,COL MAX. CHANGE LAYER,ROW,COL MAX. CHANGE LAYER,ROW,COL MAX. CHANGE LAYER,ROW,COL
 ------------------------------------------------------------------------------------------------------------------------------------
   0.2811E-02 (  1, 27, 26)  0.2706E-05 (  1, 26, 27)  0.1289E-08 (  1, 29, 24)  0.8740E-12 (  1, 30, 23)
  MAXIMUM CONCENTRATION CHANGES FOR EACH ITERATION:
  MAX. CHANGE LAYER,ROW,COL MAX. CHANGE LAYER,ROW,COL MAX. CHANGE LAYER,ROW,COL MAX. CHANGE LAYER,ROW,COL MAX. CHANGE LAYER,ROW,COL
 ------------------------------------------------------------------------------------------------------------------------------------
    0.000     (  1,  1,  1)
  MAXIMUM CONCENTRATION CHANGES FOR EACH ITERATION:
  MAX. CHANGE LAYER,ROW,COL MAX. CHANGE LAYER,ROW,COL MAX. CHANGE LAYER,ROW,COL MAX. CHANGE LAYER,ROW,COL MAX. CHANGE LAYER,ROW,COL
 ------------------------------------------------------------------------------------------------------------------------------------
    0.000     (  1,  1,  1)
  MAXIMUM CONCENTRATION CHANGES FOR EACH ITERATION:
  MAX. CHANGE LAYER,ROW,COL MAX. CHANGE LAYER,ROW,COL MAX. CHANGE LAYER,ROW,COL MAX. CHANGE LAYER,ROW,COL MAX. CHANGE LAYER,ROW,COL
 ------------------------------------------------------------------------------------------------------------------------------------
    0.000     (  1,  1,  1)
  MAXIMUM CONCENTRATION CHANGES FOR EACH ITERATION:
  MAX. CHANGE LAYER,ROW,COL MAX. CHANGE LAYER,ROW,COL MAX. CHANGE LAYER,ROW,COL MAX. CHANGE LAYER,ROW,COL MAX. CHANGE LAYER,ROW,COL
 ------------------------------------------------------------------------------------------------------------------------------------
   0.8574E-02 (  1, 27, 23)  0.4444E-05 (  1, 26, 24)  0.2691E-08 (  1, 31, 19)  0.1684E-11 (  1, 25, 16)
  MAXIMUM CONCENTRATION CHANGES FOR EACH ITERATION:
  MAX. CHANGE LAYER,ROW,COL MAX. CHANGE LAYER,ROW,COL MAX. CHANGE LAYER,ROW,COL MAX. CHANGE LAYER,ROW,COL MAX. CHANGE LAYER,ROW,COL
 ------------------------------------------------------------------------------------------------------------------------------------
   0.9240E-03 (  1, 28, 18)  0.8504E-06 (  1, 28, 24)  0.3424E-09 (  1, 30, 15)  0.2706E-12 (  1, 30, 32)
  MAXIMUM CONCENTRATION CHANGES FOR EACH ITERATION:
  MAX. CHANGE LAYER,ROW,COL MAX. CHANGE LAYER,ROW,COL MAX. CHANGE LAYER,ROW,COL MAX. CHANGE LAYER,ROW,COL MAX. CHANGE LAYER,ROW,COL
 ------------------------------------------------------------------------------------------------------------------------------------
    0.000     (  1,  1,  1)
  MAXIMUM CONCENTRATION CHANGES FOR EACH ITERATION:
  MAX. CHANGE LAYER,ROW,COL MAX. CHANGE LAYER,ROW,COL MAX. CHANGE LAYER,ROW,COL MAX. CHANGE LAYER,ROW,COL MAX. CHANGE LAYER,ROW,COL
 ------------------------------------------------------------------------------------------------------------------------------------
    0.000     (  1,  1,  1)
  MAXIMUM CONCENTRATION CHANGES FOR EACH ITERATION:
  MAX. CHANGE LAYER,ROW,COL MAX. CHANGE LAYER,ROW,COL MAX. CHANGE LAYER,ROW,COL MAX. CHANGE LAYER,ROW,COL MAX. CHANGE LAYER,ROW,COL
 ------------------------------------------------------------------------------------------------------------------------------------
   0.1185E-02 (  1, 27, 25)  0.1071E-05 (  1, 28, 24)  0.5272E-09 (  1, 29, 24)  0.3719E-12 (  1, 30, 23)
  MAXIMUM CONCENTRATION CHANGES FOR EACH ITERATION:
  MAX. CHANGE LAYER,ROW,COL MAX. CHANGE LAYER,ROW,COL MAX. CHANGE LAYER,ROW,COL MAX. CHANGE LAYER,ROW,COL MAX. CHANGE LAYER,ROW,COL
 ------------------------------------------------------------------------------------------------------------------------------------
   0.6270E-02 (  1, 26, 18)  0.3181E-05 (  1, 29, 18)  0.1861E-08 (  1, 26, 23)  0.1532E-11 (  1, 27, 22)
  MAXIMUM CONCENTRATION CHANGES FOR EACH ITERATION:
  MAX. CHANGE LAYER,ROW,COL MAX. CHANGE LAYER,ROW,COL MAX. CHANGE LAYER,ROW,COL MAX. CHANGE LAYER,ROW,COL MAX. CHANGE LAYER,ROW,COL
 ------------------------------------------------------------------------------------------------------------------------------------
   0.6231E-02 (  1, 27, 26)  0.6062E-05 (  1, 26, 27)  0.2871E-08 (  1, 29, 24)  0.1958E-11 (  1, 30, 23)
  MAXIMUM CONCENTRATION CHANGES FOR EACH ITERATION:
  MAX. CHANGE LAYER,ROW,COL MAX. CHANGE LAYER,ROW,COL MAX. CHANGE LAYER,ROW,COL MAX. CHANGE LAYER,ROW,COL MAX. CHANGE LAYER,ROW,COL
 ------------------------------------------------------------------------------------------------------------------------------------
   0.1059E-01 (  1, 27, 23)  0.6553E-05 (  1, 27, 21)  0.5329E-08 (  1, 29, 31)  0.2995E-11 (  1, 19, 13)
  MAXIMUM CONCENTRATION CHANGES FOR EACH ITERATION:
  MAX. CHANGE LAYER,ROW,COL MAX. CHANGE LAYER,ROW,COL MAX. CHANGE LAYER,ROW,COL MAX. CHANGE LAYER,ROW,COL MAX. CHANGE LAYER,ROW,COL
 ------------------------------------------------------------------------------------------------------------------------------------
   0.1352E-01 (  1, 32, 25)  0.1787E-04 (  1, 29, 32)  0.1555E-07 (  1, 29, 31)  0.5822E-11 (  1, 35, 18)
  MAXIMUM CONCENTRATION CHANGES FOR EACH ITERATION:
  MAX. CHANGE LAYER,ROW,COL MAX. CHANGE LAYER,ROW,COL MAX. CHANGE LAYER,ROW,COL MAX. CHANGE LAYER,ROW,COL MAX. CHANGE LAYER,ROW,COL
 ------------------------------------------------------------------------------------------------------------------------------------
   0.3393E-01 (  1, 32, 27)  0.1876E-04 (  1, 33, 26)  0.1377E-07 (  1, 30, 29)  0.9574E-11 (  1, 29, 30)
  MAXIMUM CONCENTRATION CHANGES FOR EACH ITERATION:
  MAX. CHANGE LAYER,ROW,COL MAX. CHANGE LAYER,ROW,COL MAX. CHANGE LAYER,ROW,COL MAX. CHANGE LAYER,ROW,COL MAX. CHANGE LAYER,ROW,COL
 ------------------------------------------------------------------------------------------------------------------------------------
   0.1352E-01 (  1, 32, 25)  0.1787E-04 (  1, 29, 32)  0.1555E-07 (  1, 29, 31)  0.5822E-11 (  1, 35, 18)


                                          ================================================
                                                         TIME STEP NO.  012
                                          ================================================

 FROM TIME =   110.00     TO    120.00    















































  MAXIMUM CONCENTRATION CHANGES FOR EACH ITERATION:
  MAX. CHANGE LAYER,ROW,COL MAX. CHANGE LAYER,ROW,COL MAX. CHANGE LAYER,ROW,COL MAX. CHANGE LAYER,ROW,COL MAX. CHANGE LAYER,ROW,COL
 ------------------------------------------------------------------------------------------------------------------------------------
   0.2296E-02 (  1, 27, 26)  0.2159E-05 (  1, 28, 25)  0.1053E-08 (  1, 29, 25)  0.7425E-12 (  1, 30, 24)
  MAXIMUM CONCENTRATION CHANGES FOR EACH ITERATION:
  MAX. CHANGE LAYER,ROW,COL MAX. CHANGE LAYER,ROW,COL MAX. CHANGE LAYER,ROW,COL MAX. CHANGE LAYER,ROW,COL MAX. CHANGE LAYER,ROW,COL
 ------------------------------------------------------------------------------------------------------------------------------------
   0.4256E-03 (  1, 27, 27)  0.4835E-06 (  1, 28, 26)  0.2178E-09 (  1, 29, 26)  0.1503E-12 (  1, 30, 25)
  MAXIMUM CONCENTRATION CHANGES FOR EACH ITERATION:
  MAX. CHANGE LAYER,ROW,COL MAX. CHANGE LAYER,ROW,COL MAX. CHANGE LAYER,ROW,COL MAX. CHANGE LAYER,ROW,COL MAX. CHANGE LAYER,ROW,COL
 ------------------------------------------------------------------------------------------------------------------------------------
   0.7096E-06 (  1, 27, 29)  0.7109E-09 (  1, 28, 30)  0.3630E-12 (  1, 29, 28)
  MAXIMUM CONCENTRATION CHANGES FOR EACH ITERATION:
  MAX. CHANGE LAYER,ROW,COL MAX. CHANGE LAYER,ROW,COL MAX. CHANGE LAYER,ROW,COL MAX. CHANGE LAYER,ROW,COL MAX. CHANGE LAYER,ROW,COL
 ------------------------------------------------------------------------------------------------------------------------------------
   0.3072E-02 (  1, 26, 18)  0.2727E-05 (  1, 28, 25)  0.1382E-08 (  1, 27, 17)  0.1050E-11 (  1, 28, 16)
  MAXIMUM CONCENTRATION CHANGES FOR EACH ITERATION:
  MAX. CHANGE LAYER,ROW,COL MAX. CHANGE LAYER,ROW,COL MAX. CHANGE LAYER,ROW,COL MAX. CHANGE LAYER,ROW,COL MAX. CHANGE LAYER,ROW,COL
 ------------------------------------------------------------------------------------------------------------------------------------
   0.3858E-02 (  1, 28, 16)  0.3607E-05 (  1, 27, 17)  0.1483E-08 (  1, 17, 13)  0.9863E-12 (  1, 28, 16)
  MAXIMUM CONCENTRATION CHANGES FOR EACH ITERATION:
  MAX. CHANGE LAYER,ROW,COL MAX. CHANGE LAYER,ROW,COL MAX. CHANGE LAYER,ROW,COL MAX. CHANGE LAYER,ROW,COL MAX. CHANGE LAYER,ROW,COL
 ------------------------------------------------------------------------------------------------------------------------------------
    0.000     (  1,  1,  1)
  MAXIMUM CONCENTRATION CHANGES FOR EACH ITERATION:
  MAX. CHANGE LAYER,ROW,COL MAX. CHANGE LAYER,ROW,COL MAX. CHANGE LAYER,ROW,COL MAX. CHANGE LAYER,ROW,COL MAX. CHANGE LAYER,ROW,COL
 ------------------------------------------------------------------------------------------------------------------------------------
    0.000     (  1,  1,  1)
  MAXIMUM CONCENTRATION CHANGES FOR EACH ITERATION:
  MAX. CHANGE LAYER,ROW,COL MAX. CHANGE LAYER,ROW,COL MAX. CHANGE LAYER,ROW,COL MAX. CHANGE LAYER,ROW,COL MAX. CHANGE LAYER,ROW,COL
 ------------------------------------------------------------------------------------------------------------------------------------
   0.6371E-02 (  1, 27, 36)  0.8099E-05 (  1, 28, 36)  0.6757E-08 (  1, 29, 35)  0.3900E-11 (  1, 27, 41)
  MAXIMUM CONCENTRATION CHANGES FOR EACH ITERATION:
  MAX. CHANGE LAYER,ROW,COL MAX. CHANGE LAYER,ROW,COL MAX. CHANGE LAYER,ROW,COL MAX. CHANGE LAYER,ROW,COL MAX. CHANGE LAYER,ROW,COL
 ------------------------------------------------------------------------------------------------------------------------------------
   0.2894E-02 (  1, 27, 27)  0.2907E-05 (  1, 28, 26)  0.1365E-08 (  1, 29, 26)  0.9771E-12 (  1, 30, 25)
  MAXIMUM CONCENTRATION CHANGES FOR EACH ITERATION:
  MAX. CHANGE LAYER,ROW,COL MAX. CHANGE LAYER,ROW,COL MAX. CHANGE LAYER,ROW,COL MAX. CHANGE LAYER,ROW,COL MAX. CHANGE LAYER,ROW,COL
 ------------------------------------------------------------------------------------------------------------------------------------
    0.000     (  1,  1,  1)
  MAXIMUM CONCENTRATION CHANGES FOR EACH ITERATION:
  MAX. CHANGE LAYER,ROW,COL MAX. CHANGE LAYER,ROW,COL MAX. CHANGE LAYER,ROW,COL MAX. CHANGE LAYER,ROW,COL MAX. CHANGE LAYER,ROW,COL
 ------------------------------------------------------------------------------------------------------------------------------------
    0.000     (  1,  1,  1)
  MAXIMUM CONCENTRATION CHANGES FOR EACH ITERATION:
  MAX. CHANGE LAYER,ROW,COL MAX. CHANGE LAYER,ROW,COL MAX. CHANGE LAYER,ROW,COL MAX. CHANGE LAYER,ROW,COL MAX. CHANGE LAYER,ROW,COL
 ------------------------------------------------------------------------------------------------------------------------------------
    0.000     (  1,  1,  1)
  MAXIMUM CONCENTRATION CHANGES FOR EACH ITERATION:
  MAX. CHANGE LAYER,ROW,COL MAX. CHANGE LAYER,ROW,COL MAX. CHANGE LAYER,ROW,COL MAX. CHANGE LAYER,ROW,COL MAX. CHANGE LAYER,ROW,COL
 ------------------------------------------------------------------------------------------------------------------------------------
   0.7424E-02 (  1, 27, 24)  0.4954E-05 (  1, 26, 25)  0.3236E-08 (  1, 31, 21)  0.1753E-11 (  1, 32, 20)
  MAXIMUM CONCENTRATION CHANGES FOR EACH ITERATION:
  MAX. CHANGE LAYER,ROW,COL MAX. CHANGE LAYER,ROW,COL MAX. CHANGE LAYER,ROW,COL MAX. CHANGE LAYER,ROW,COL MAX. CHANGE LAYER,ROW,COL
 ------------------------------------------------------------------------------------------------------------------------------------
   0.8661E-03 (  1, 28, 17)  0.9741E-06 (  1, 28, 25)  0.4588E-09 (  1, 27, 23)  0.3036E-12 (  1, 27, 18)
  MAXIMUM CONCENTRATION CHANGES FOR EACH ITERATION:
  MAX. CHANGE LAYER,ROW,COL MAX. CHANGE LAYER,ROW,COL MAX. CHANGE LAYER,ROW,COL MAX. CHANGE LAYER,ROW,COL MAX. CHANGE LAYER,ROW,COL
 ------------------------------------------------------------------------------------------------------------------------------------
    0.000     (  1,  1,  1)
  MAXIMUM CONCENTRATION CHANGES FOR EACH ITERATION:
  MAX. CHANGE LAYER,ROW,COL MAX. CHANGE LAYER,ROW,COL MAX. CHANGE LAYER,ROW,COL MAX. CHANGE LAYER,ROW,COL MAX. CHANGE LAYER,ROW,COL
 ------------------------------------------------------------------------------------------------------------------------------------
    0.000     (  1,  1,  1)
  MAXIMUM CONCENTRATION CHANGES FOR EACH ITERATION:
  MAX. CHANGE LAYER,ROW,COL MAX. CHANGE LAYER,ROW,COL MAX. CHANGE LAYER,ROW,COL MAX. CHANGE LAYER,ROW,COL MAX. CHANGE LAYER,ROW,COL
 ------------------------------------------------------------------------------------------------------------------------------------
   0.1237E-02 (  1, 27, 26)  0.1176E-05 (  1, 28, 25)  0.5654E-09 (  1, 29, 25)  0.4140E-12 (  1, 30, 24)
  MAXIMUM CONCENTRATION CHANGES FOR EACH ITERATION:
  MAX. CHANGE LAYER,ROW,COL MAX. CHANGE LAYER,ROW,COL MAX. CHANGE LAYER,ROW,COL MAX. CHANGE LAYER,ROW,COL MAX. CHANGE LAYER,ROW,COL
 ------------------------------------------------------------------------------------------------------------------------------------
   0.5789E-02 (  1, 26, 18)  0.2868E-05 (  1, 26, 17)  0.1716E-08 (  1, 26, 24)  0.1436E-11 (  1, 25, 18)
  MAXIMUM CONCENTRATION CHANGES FOR EACH ITERATION:
  MAX. CHANGE LAYER,ROW,COL MAX. CHANGE LAYER,ROW,COL MAX. CHANGE LAYER,ROW,COL MAX. CHANGE LAYER,ROW,COL MAX. CHANGE LAYER,ROW,COL
 ------------------------------------------------------------------------------------------------------------------------------------
   0.6541E-02 (  1, 27, 27)  0.6347E-05 (  1, 26, 28)  0.2972E-08 (  1, 29, 26)  0.2200E-11 (  1, 30, 24)
  MAXIMUM CONCENTRATION CHANGES FOR EACH ITERATION:
  MAX. CHANGE LAYER,ROW,COL MAX. CHANGE LAYER,ROW,COL MAX. CHANGE LAYER,ROW,COL MAX. CHANGE LAYER,ROW,COL MAX. CHANGE LAYER,ROW,COL
 ------------------------------------------------------------------------------------------------------------------------------------
   0.1016E-01 (  1, 28, 24)  0.7411E-05 (  1, 27, 25)  0.5771E-08 (  1, 29, 33)  0.3261E-11 (  1, 31, 21)
  MAXIMUM CONCENTRATION CHANGES FOR EACH ITERATION:
  MAX. CHANGE LAYER,ROW,COL MAX. CHANGE LAYER,ROW,COL MAX. CHANGE LAYER,ROW,COL MAX. CHANGE LAYER,ROW,COL MAX. CHANGE LAYER,ROW,COL
 ------------------------------------------------------------------------------------------------------------------------------------
   0.1380E-01 (  1, 32, 28)  0.1592E-04 (  1, 28, 34)  0.1634E-07 (  1, 29, 33)  0.6591E-11 (  1, 35, 23)
  MAXIMUM CONCENTRATION CHANGES FOR EACH ITERATION:
  MAX. CHANGE LAYER,ROW,COL MAX. CHANGE LAYER,ROW,COL MAX. CHANGE LAYER,ROW,COL MAX. CHANGE LAYER,ROW,COL MAX. CHANGE LAYER,ROW,COL
 ------------------------------------------------------------------------------------------------------------------------------------
   0.3174E-01 (  1, 17, 23)  0.1467E-04 (  1, 34, 22)  0.1078E-07 (  1, 31, 25)  0.7662E-11 (  1, 30, 26)
  MAXIMUM CONCENTRATION CHANGES FOR EACH ITERATION:
  MAX. CHANGE LAYER,ROW,COL MAX. CHANGE LAYER,ROW,COL MAX. CHANGE LAYER,ROW,COL MAX. CHANGE LAYER,ROW,COL MAX. CHANGE LAYER,ROW,COL
 ------------------------------------------------------------------------------------------------------------------------------------
   0.1380E-01 (  1, 32, 28)  0.1592E-04 (  1, 28, 34)  0.1634E-07 (  1, 29, 33)  0.6591E-11 (  1, 35, 23)


                                          ================================================
                                                         TIME STEP NO.  013
                                          ================================================

 FROM TIME =   120.00     TO    130.00    















































  MAXIMUM CONCENTRATION CHANGES FOR EACH ITERATION:
  MAX. CHANGE LAYER,ROW,COL MAX. CHANGE LAYER,ROW,COL MAX. CHANGE LAYER,ROW,COL MAX. CHANGE LAYER,ROW,COL MAX. CHANGE LAYER,ROW,COL
 ------------------------------------------------------------------------------------------------------------------------------------
   0.2255E-02 (  1, 27, 27)  0.2223E-05 (  1, 28, 26)  0.1054E-08 (  1, 29, 26)  0.7703E-12 (  1, 30, 25)
  MAXIMUM CONCENTRATION CHANGES FOR EACH ITERATION:
  MAX. CHANGE LAYER,ROW,COL MAX. CHANGE LAYER,ROW,COL MAX. CHANGE LAYER,ROW,COL MAX. CHANGE LAYER,ROW,COL MAX. CHANGE LAYER,ROW,COL
 ------------------------------------------------------------------------------------------------------------------------------------
   0.4692E-03 (  1, 29, 21)  0.5350E-06 (  1, 28, 27)  0.2505E-09 (  1, 27, 25)  0.1619E-12 (  1, 30, 26)
  MAXIMUM CONCENTRATION CHANGES FOR EACH ITERATION:
  MAX. CHANGE LAYER,ROW,COL MAX. CHANGE LAYER,ROW,COL MAX. CHANGE LAYER,ROW,COL MAX. CHANGE LAYER,ROW,COL MAX. CHANGE LAYER,ROW,COL
 ------------------------------------------------------------------------------------------------------------------------------------
   0.6625E-06 (  1, 26, 20)  0.7128E-09 (  1, 26, 20)  0.3418E-12 (  1, 29, 30)
  MAXIMUM CONCENTRATION CHANGES FOR EACH ITERATION:
  MAX. CHANGE LAYER,ROW,COL MAX. CHANGE LAYER,ROW,COL MAX. CHANGE LAYER,ROW,COL MAX. CHANGE LAYER,ROW,COL MAX. CHANGE LAYER,ROW,COL
 ------------------------------------------------------------------------------------------------------------------------------------
   0.3067E-02 (  1, 26, 18)  0.2721E-05 (  1, 28, 25)  0.1444E-08 (  1, 27, 17)  0.1072E-11 (  1, 28, 16)
  MAXIMUM CONCENTRATION CHANGES FOR EACH ITERATION:
  MAX. CHANGE LAYER,ROW,COL MAX. CHANGE LAYER,ROW,COL MAX. CHANGE LAYER,ROW,COL MAX. CHANGE LAYER,ROW,COL MAX. CHANGE LAYER,ROW,COL
 ------------------------------------------------------------------------------------------------------------------------------------
   0.3811E-02 (  1, 28, 16)  0.3561E-05 (  1, 27, 17)  0.1480E-08 (  1, 17, 13)  0.1031E-11 (  1, 28, 16)
  MAXIMUM CONCENTRATION CHANGES FOR EACH ITERATION:
  MAX. CHANGE LAYER,ROW,COL MAX. CHANGE LAYER,ROW,COL MAX. CHANGE LAYER,ROW,COL MAX. CHANGE LAYER,ROW,COL MAX. CHANGE LAYER,ROW,COL
 ------------------------------------------------------------------------------------------------------------------------------------
    0.000     (  1,  1,  1)
  MAXIMUM CONCENTRATION CHANGES FOR EACH ITERATION:
  MAX. CHANGE LAYER,ROW,COL MAX. CHANGE LAYER,ROW,COL MAX. CHANGE LAYER,ROW,COL MAX. CHANGE LAYER,ROW,COL MAX. CHANGE LAYER,ROW,COL
 ------------------------------------------------------------------------------------------------------------------------------------
    0.000     (  1,  1,  1)
  MAXIMUM CONCENTRATION CHANGES FOR EACH ITERATION:
  MAX. CHANGE LAYER,ROW,COL MAX. CHANGE LAYER,ROW,COL MAX. CHANGE LAYER,ROW,COL MAX. CHANGE LAYER,ROW,COL MAX. CHANGE LAYER,ROW,COL
 ------------------------------------------------------------------------------------------------------------------------------------
   0.6016E-02 (  1, 27, 38)  0.8405E-05 (  1, 28, 38)  0.7022E-08 (  1, 27, 41)  0.1052E-10 (  1, 27, 41)  0.1354E-13 (  1, 27, 41)
  MAXIMUM CONCENTRATION CHANGES FOR EACH ITERATION:
  MAX. CHANGE LAYER,ROW,COL MAX. CHANGE LAYER,ROW,COL MAX. CHANGE LAYER,ROW,COL MAX. CHANGE LAYER,ROW,COL MAX. CHANGE LAYER,ROW,COL
 ------------------------------------------------------------------------------------------------------------------------------------
   0.2855E-02 (  1, 27, 28)  0.3272E-05 (  1, 28, 27)  0.1439E-08 (  1, 29, 27)  0.1087E-11 (  1, 30, 26)
  MAXIMUM CONCENTRATION CHANGES FOR EACH ITERATION:
  MAX. CHANGE LAYER,ROW,COL MAX. CHANGE LAYER,ROW,COL MAX. CHANGE LAYER,ROW,COL MAX. CHANGE LAYER,ROW,COL MAX. CHANGE LAYER,ROW,COL
 ------------------------------------------------------------------------------------------------------------------------------------
    0.000     (  1,  1,  1)
  MAXIMUM CONCENTRATION CHANGES FOR EACH ITERATION:
  MAX. CHANGE LAYER,ROW,COL MAX. CHANGE LAYER,ROW,COL MAX. CHANGE LAYER,ROW,COL MAX. CHANGE LAYER,ROW,COL MAX. CHANGE LAYER,ROW,COL
 ------------------------------------------------------------------------------------------------------------------------------------
    0.000     (  1,  1,  1)
  MAXIMUM CONCENTRATION CHANGES FOR EACH ITERATION:
  MAX. CHANGE LAYER,ROW,COL MAX. CHANGE LAYER,ROW,COL MAX. CHANGE LAYER,ROW,COL MAX. CHANGE LAYER,ROW,COL MAX. CHANGE LAYER,ROW,COL
 ------------------------------------------------------------------------------------------------------------------------------------
    0.000     (  1,  1,  1)
  MAXIMUM CONCENTRATION CHANGES FOR EACH ITERATION:
  MAX. CHANGE LAYER,ROW,COL MAX. CHANGE LAYER,ROW,COL MAX. CHANGE LAYER,ROW,COL MAX. CHANGE LAYER,ROW,COL MAX. CHANGE LAYER,ROW,COL
 ------------------------------------------------------------------------------------------------------------------------------------
   0.7310E-02 (  1, 27, 26)  0.5596E-05 (  1, 28, 24)  0.2811E-08 (  1, 29, 23)  0.1694E-11 (  1, 29, 27)
  MAXIMUM CONCENTRATION CHANGES FOR EACH ITERATION:
  MAX. CHANGE LAYER,ROW,COL MAX. CHANGE LAYER,ROW,COL MAX. CHANGE LAYER,ROW,COL MAX. CHANGE LAYER,ROW,COL MAX. CHANGE LAYER,ROW,COL
 ------------------------------------------------------------------------------------------------------------------------------------
   0.6787E-02 (  1, 21, 11)  0.1822E-05 (  1, 22, 10)  0.2041E-08 (  1, 20, 12)  0.8958E-12 (  1, 23,  9)
  MAXIMUM CONCENTRATION CHANGES FOR EACH ITERATION:
  MAX. CHANGE LAYER,ROW,COL MAX. CHANGE LAYER,ROW,COL MAX. CHANGE LAYER,ROW,COL MAX. CHANGE LAYER,ROW,COL MAX. CHANGE LAYER,ROW,COL
 ------------------------------------------------------------------------------------------------------------------------------------
    0.000     (  1,  1,  1)
  MAXIMUM CONCENTRATION CHANGES FOR EACH ITERATION:
  MAX. CHANGE LAYER,ROW,COL MAX. CHANGE LAYER,ROW,COL MAX. CHANGE LAYER,ROW,COL MAX. CHANGE LAYER,ROW,COL MAX. CHANGE LAYER,ROW,COL
 ------------------------------------------------------------------------------------------------------------------------------------
    0.000     (  1,  1,  1)
  MAXIMUM CONCENTRATION CHANGES FOR EACH ITERATION:
  MAX. CHANGE LAYER,ROW,COL MAX. CHANGE LAYER,ROW,COL MAX. CHANGE LAYER,ROW,COL MAX. CHANGE LAYER,ROW,COL MAX. CHANGE LAYER,ROW,COL
 ------------------------------------------------------------------------------------------------------------------------------------
   0.1234E-02 (  1, 27, 27)  0.1238E-05 (  1, 28, 26)  0.5782E-09 (  1, 29, 26)  0.4330E-12 (  1, 30, 25)
  MAXIMUM CONCENTRATION CHANGES FOR EACH ITERATION:
  MAX. CHANGE LAYER,ROW,COL MAX. CHANGE LAYER,ROW,COL MAX. CHANGE LAYER,ROW,COL MAX. CHANGE LAYER,ROW,COL MAX. CHANGE LAYER,ROW,COL
 ------------------------------------------------------------------------------------------------------------------------------------
   0.5501E-02 (  1, 26, 18)  0.3275E-05 (  1, 26, 18)  0.1829E-08 (  1, 31, 21)  0.1470E-11 (  1, 25, 18)
  MAXIMUM CONCENTRATION CHANGES FOR EACH ITERATION:
  MAX. CHANGE LAYER,ROW,COL MAX. CHANGE LAYER,ROW,COL MAX. CHANGE LAYER,ROW,COL MAX. CHANGE LAYER,ROW,COL MAX. CHANGE LAYER,ROW,COL
 ------------------------------------------------------------------------------------------------------------------------------------
   0.6491E-02 (  1, 27, 28)  0.6931E-05 (  1, 28, 27)  0.3064E-08 (  1, 29, 27)  0.2422E-11 (  1, 30, 26)
  MAXIMUM CONCENTRATION CHANGES FOR EACH ITERATION:
  MAX. CHANGE LAYER,ROW,COL MAX. CHANGE LAYER,ROW,COL MAX. CHANGE LAYER,ROW,COL MAX. CHANGE LAYER,ROW,COL MAX. CHANGE LAYER,ROW,COL
 ------------------------------------------------------------------------------------------------------------------------------------
   0.2086E-01 (  1, 21, 11)  0.7419E-05 (  1, 21, 11)  0.7247E-08 (  1, 20, 12)  0.4144E-11 (  1, 20, 12)
  MAXIMUM CONCENTRATION CHANGES FOR EACH ITERATION:
  MAX. CHANGE LAYER,ROW,COL MAX. CHANGE LAYER,ROW,COL MAX. CHANGE LAYER,ROW,COL MAX. CHANGE LAYER,ROW,COL MAX. CHANGE LAYER,ROW,COL
 ------------------------------------------------------------------------------------------------------------------------------------
   0.1396E-01 (  1, 33, 25)  0.1956E-04 (  1, 28, 36)  0.1621E-07 (  1, 29, 34)  0.1246E-10 (  1, 27, 41)  0.2098E-13 (  1, 27, 41)
  MAXIMUM CONCENTRATION CHANGES FOR EACH ITERATION:
  MAX. CHANGE LAYER,ROW,COL MAX. CHANGE LAYER,ROW,COL MAX. CHANGE LAYER,ROW,COL MAX. CHANGE LAYER,ROW,COL MAX. CHANGE LAYER,ROW,COL
 ------------------------------------------------------------------------------------------------------------------------------------
   0.3152E-01 (  1, 15, 20)  0.6902E-05 (  1, 32, 31)  0.6413E-08 (  1, 16, 19)  0.3507E-11 (  1, 29, 32)
  MAXIMUM CONCENTRATION CHANGES FOR EACH ITERATION:
  MAX. CHANGE LAYER,ROW,COL MAX. CHANGE LAYER,ROW,COL MAX. CHANGE LAYER,ROW,COL MAX. CHANGE LAYER,ROW,COL MAX. CHANGE LAYER,ROW,COL
 ------------------------------------------------------------------------------------------------------------------------------------
   0.1396E-01 (  1, 33, 25)  0.1956E-04 (  1, 28, 36)  0.1621E-07 (  1, 29, 34)  0.1246E-10 (  1, 27, 41)  0.2100E-13 (  1, 27, 41)


                                          ================================================
                                                         TIME STEP NO.  014
                                          ================================================

 FROM TIME =   130.00     TO    140.00    















































  MAXIMUM CONCENTRATION CHANGES FOR EACH ITERATION:
  MAX. CHANGE LAYER,ROW,COL MAX. CHANGE LAYER,ROW,COL MAX. CHANGE LAYER,ROW,COL MAX. CHANGE LAYER,ROW,COL MAX. CHANGE LAYER,ROW,COL
 ------------------------------------------------------------------------------------------------------------------------------------
   0.2159E-02 (  1, 27, 27)  0.2209E-05 (  1, 28, 27)  0.1038E-08 (  1, 29, 27)  0.7769E-12 (  1, 30, 26)
  MAXIMUM CONCENTRATION CHANGES FOR EACH ITERATION:
  MAX. CHANGE LAYER,ROW,COL MAX. CHANGE LAYER,ROW,COL MAX. CHANGE LAYER,ROW,COL MAX. CHANGE LAYER,ROW,COL MAX. CHANGE LAYER,ROW,COL
 ------------------------------------------------------------------------------------------------------------------------------------
   0.4451E-03 (  1, 29, 20)  0.5603E-06 (  1, 28, 29)  0.2616E-09 (  1, 29, 29)  0.1733E-12 (  1, 30, 28)
  MAXIMUM CONCENTRATION CHANGES FOR EACH ITERATION:
  MAX. CHANGE LAYER,ROW,COL MAX. CHANGE LAYER,ROW,COL MAX. CHANGE LAYER,ROW,COL MAX. CHANGE LAYER,ROW,COL MAX. CHANGE LAYER,ROW,COL
 ------------------------------------------------------------------------------------------------------------------------------------
   0.6402E-06 (  1, 26, 21)  0.6991E-09 (  1, 26, 21)  0.3719E-12 (  1, 27, 41)
  MAXIMUM CONCENTRATION CHANGES FOR EACH ITERATION:
  MAX. CHANGE LAYER,ROW,COL MAX. CHANGE LAYER,ROW,COL MAX. CHANGE LAYER,ROW,COL MAX. CHANGE LAYER,ROW,COL MAX. CHANGE LAYER,ROW,COL
 ------------------------------------------------------------------------------------------------------------------------------------
   0.3059E-02 (  1, 26, 18)  0.2690E-05 (  1, 28, 26)  0.1495E-08 (  1, 27, 17)  0.1085E-11 (  1, 28, 16)
  MAXIMUM CONCENTRATION CHANGES FOR EACH ITERATION:
  MAX. CHANGE LAYER,ROW,COL MAX. CHANGE LAYER,ROW,COL MAX. CHANGE LAYER,ROW,COL MAX. CHANGE LAYER,ROW,COL MAX. CHANGE LAYER,ROW,COL
 ------------------------------------------------------------------------------------------------------------------------------------
   0.3789E-02 (  1, 26, 18)  0.3530E-05 (  1, 27, 17)  0.1480E-08 (  1, 17, 13)  0.1069E-11 (  1, 28, 16)
  MAXIMUM CONCENTRATION CHANGES FOR EACH ITERATION:
  MAX. CHANGE LAYER,ROW,COL MAX. CHANGE LAYER,ROW,COL MAX. CHANGE LAYER,ROW,COL MAX. CHANGE LAYER,ROW,COL MAX. CHANGE LAYER,ROW,COL
 ------------------------------------------------------------------------------------------------------------------------------------
    0.000     (  1,  1,  1)
  MAXIMUM CONCENTRATION CHANGES FOR EACH ITERATION:
  MAX. CHANGE LAYER,ROW,COL MAX. CHANGE LAYER,ROW,COL MAX. CHANGE LAYER,ROW,COL MAX. CHANGE LAYER,ROW,COL MAX. CHANGE LAYER,ROW,COL
 ------------------------------------------------------------------------------------------------------------------------------------
    0.000     (  1,  1,  1)
  MAXIMUM CONCENTRATION CHANGES FOR EACH ITERATION:
  MAX. CHANGE LAYER,ROW,COL MAX. CHANGE LAYER,ROW,COL MAX. CHANGE LAYER,ROW,COL MAX. CHANGE LAYER,ROW,COL MAX. CHANGE LAYER,ROW,COL
 ------------------------------------------------------------------------------------------------------------------------------------
   0.5930E-02 (  1, 27, 40)  0.8341E-05 (  1, 28, 39)  0.1112E-07 (  1, 27, 41)  0.1346E-10 (  1, 27, 41)  0.1310E-13 (  1, 27, 41)
  MAXIMUM CONCENTRATION CHANGES FOR EACH ITERATION:
  MAX. CHANGE LAYER,ROW,COL MAX. CHANGE LAYER,ROW,COL MAX. CHANGE LAYER,ROW,COL MAX. CHANGE LAYER,ROW,COL MAX. CHANGE LAYER,ROW,COL
 ------------------------------------------------------------------------------------------------------------------------------------
   0.2832E-02 (  1, 27, 30)  0.3449E-05 (  1, 28, 28)  0.1477E-08 (  1, 29, 28)  0.1129E-11 (  1, 30, 27)
  MAXIMUM CONCENTRATION CHANGES FOR EACH ITERATION:
  MAX. CHANGE LAYER,ROW,COL MAX. CHANGE LAYER,ROW,COL MAX. CHANGE LAYER,ROW,COL MAX. CHANGE LAYER,ROW,COL MAX. CHANGE LAYER,ROW,COL
 ------------------------------------------------------------------------------------------------------------------------------------
    0.000     (  1,  1,  1)
  MAXIMUM CONCENTRATION CHANGES FOR EACH ITERATION:
  MAX. CHANGE LAYER,ROW,COL MAX. CHANGE LAYER,ROW,COL MAX. CHANGE LAYER,ROW,COL MAX. CHANGE LAYER,ROW,COL MAX. CHANGE LAYER,ROW,COL
 ------------------------------------------------------------------------------------------------------------------------------------
    0.000     (  1,  1,  1)
  MAXIMUM CONCENTRATION CHANGES FOR EACH ITERATION:
  MAX. CHANGE LAYER,ROW,COL MAX. CHANGE LAYER,ROW,COL MAX. CHANGE LAYER,ROW,COL MAX. CHANGE LAYER,ROW,COL MAX. CHANGE LAYER,ROW,COL
 ------------------------------------------------------------------------------------------------------------------------------------
    0.000     (  1,  1,  1)
  MAXIMUM CONCENTRATION CHANGES FOR EACH ITERATION:
  MAX. CHANGE LAYER,ROW,COL MAX. CHANGE LAYER,ROW,COL MAX. CHANGE LAYER,ROW,COL MAX. CHANGE LAYER,ROW,COL MAX. CHANGE LAYER,ROW,COL
 ------------------------------------------------------------------------------------------------------------------------------------
   0.6494E-02 (  1, 27, 27)  0.7309E-05 (  1, 28, 26)  0.2914E-08 (  1, 29, 25)  0.1857E-11 (  1, 30, 24)
  MAXIMUM CONCENTRATION CHANGES FOR EACH ITERATION:
  MAX. CHANGE LAYER,ROW,COL MAX. CHANGE LAYER,ROW,COL MAX. CHANGE LAYER,ROW,COL MAX. CHANGE LAYER,ROW,COL MAX. CHANGE LAYER,ROW,COL
 ------------------------------------------------------------------------------------------------------------------------------------
   0.9054E-02 (  1, 20, 11)  0.2225E-05 (  1, 25, 12)  0.1890E-08 (  1, 19, 12)  0.1275E-11 (  1, 26, 11)
  MAXIMUM CONCENTRATION CHANGES FOR EACH ITERATION:
  MAX. CHANGE LAYER,ROW,COL MAX. CHANGE LAYER,ROW,COL MAX. CHANGE LAYER,ROW,COL MAX. CHANGE LAYER,ROW,COL MAX. CHANGE LAYER,ROW,COL
 ------------------------------------------------------------------------------------------------------------------------------------
    0.000     (  1,  1,  1)
  MAXIMUM CONCENTRATION CHANGES FOR EACH ITERATION:
  MAX. CHANGE LAYER,ROW,COL MAX. CHANGE LAYER,ROW,COL MAX. CHANGE LAYER,ROW,COL MAX. CHANGE LAYER,ROW,COL MAX. CHANGE LAYER,ROW,COL
 ------------------------------------------------------------------------------------------------------------------------------------
    0.000     (  1,  1,  1)
  MAXIMUM CONCENTRATION CHANGES FOR EACH ITERATION:
  MAX. CHANGE LAYER,ROW,COL MAX. CHANGE LAYER,ROW,COL MAX. CHANGE LAYER,ROW,COL MAX. CHANGE LAYER,ROW,COL MAX. CHANGE LAYER,ROW,COL
 ------------------------------------------------------------------------------------------------------------------------------------
   0.1222E-02 (  1, 27, 27)  0.1253E-05 (  1, 28, 28)  0.5898E-09 (  1, 29, 27)  0.5010E-12 (  1, 27, 41)
  MAXIMUM CONCENTRATION CHANGES FOR EACH ITERATION:
  MAX. CHANGE LAYER,ROW,COL MAX. CHANGE LAYER,ROW,COL MAX. CHANGE LAYER,ROW,COL MAX. CHANGE LAYER,ROW,COL MAX. CHANGE LAYER,ROW,COL
 ------------------------------------------------------------------------------------------------------------------------------------
   0.5315E-02 (  1, 26, 18)  0.3541E-05 (  1, 26, 18)  0.1816E-08 (  1, 27, 21)  0.1482E-11 (  1, 25, 18)
  MAXIMUM CONCENTRATION CHANGES FOR EACH ITERATION:
  MAX. CHANGE LAYER,ROW,COL MAX. CHANGE LAYER,ROW,COL MAX. CHANGE LAYER,ROW,COL MAX. CHANGE LAYER,ROW,COL MAX. CHANGE LAYER,ROW,COL
 ------------------------------------------------------------------------------------------------------------------------------------
   0.6352E-02 (  1, 27, 30)  0.7346E-05 (  1, 28, 28)  0.3071E-08 (  1, 29, 28)  0.2571E-11 (  1, 30, 27)
  MAXIMUM CONCENTRATION CHANGES FOR EACH ITERATION:
  MAX. CHANGE LAYER,ROW,COL MAX. CHANGE LAYER,ROW,COL MAX. CHANGE LAYER,ROW,COL MAX. CHANGE LAYER,ROW,COL MAX. CHANGE LAYER,ROW,COL
 ------------------------------------------------------------------------------------------------------------------------------------
   0.1708E-01 (  1, 21, 11)  0.6382E-05 (  1, 25, 12)  0.2417E-08 (  1, 28, 12)  0.1347E-11 (  1, 28, 13)
  MAXIMUM CONCENTRATION CHANGES FOR EACH ITERATION:
  MAX. CHANGE LAYER,ROW,COL MAX. CHANGE LAYER,ROW,COL MAX. CHANGE LAYER,ROW,COL MAX. CHANGE LAYER,ROW,COL MAX. CHANGE LAYER,ROW,COL
 ------------------------------------------------------------------------------------------------------------------------------------
   0.1403E-01 (  1, 33, 27)  0.1696E-04 (  1, 28, 38)  0.1716E-07 (  1, 29, 36)  0.7028E-11 (  1, 28, 38)
  MAXIMUM CONCENTRATION CHANGES FOR EACH ITERATION:
  MAX. CHANGE LAYER,ROW,COL MAX. CHANGE LAYER,ROW,COL MAX. CHANGE LAYER,ROW,COL MAX. CHANGE LAYER,ROW,COL MAX. CHANGE LAYER,ROW,COL
 ------------------------------------------------------------------------------------------------------------------------------------
   0.3217E-01 (  1, 21, 28)  0.2312E-04 (  1, 27, 40)  0.1464E-07 (  1, 27, 41)  0.1808E-10 (  1, 27, 41)  0.1932E-13 (  1, 27, 41)
  MAXIMUM CONCENTRATION CHANGES FOR EACH ITERATION:
  MAX. CHANGE LAYER,ROW,COL MAX. CHANGE LAYER,ROW,COL MAX. CHANGE LAYER,ROW,COL MAX. CHANGE LAYER,ROW,COL MAX. CHANGE LAYER,ROW,COL
 ------------------------------------------------------------------------------------------------------------------------------------
   0.1403E-01 (  1, 33, 27)  0.1696E-04 (  1, 28, 38)  0.1716E-07 (  1, 29, 36)  0.7028E-11 (  1, 28, 38)


                                          ================================================
                                                         TIME STEP NO.  015
                                          ================================================

 FROM TIME =   140.00     TO    150.00    















































  MAXIMUM CONCENTRATION CHANGES FOR EACH ITERATION:
  MAX. CHANGE LAYER,ROW,COL MAX. CHANGE LAYER,ROW,COL MAX. CHANGE LAYER,ROW,COL MAX. CHANGE LAYER,ROW,COL MAX. CHANGE LAYER,ROW,COL
 ------------------------------------------------------------------------------------------------------------------------------------
   0.2066E-02 (  1, 27, 28)  0.2147E-05 (  1, 28, 29)  0.1012E-08 (  1, 29, 28)  0.7715E-12 (  1, 25, 17)
  MAXIMUM CONCENTRATION CHANGES FOR EACH ITERATION:
  MAX. CHANGE LAYER,ROW,COL MAX. CHANGE LAYER,ROW,COL MAX. CHANGE LAYER,ROW,COL MAX. CHANGE LAYER,ROW,COL MAX. CHANGE LAYER,ROW,COL
 ------------------------------------------------------------------------------------------------------------------------------------
   0.4331E-03 (  1, 29, 19)  0.5639E-06 (  1, 28, 30)  0.2919E-09 (  1, 29, 30)  0.1829E-12 (  1, 30, 29)
  MAXIMUM CONCENTRATION CHANGES FOR EACH ITERATION:
  MAX. CHANGE LAYER,ROW,COL MAX. CHANGE LAYER,ROW,COL MAX. CHANGE LAYER,ROW,COL MAX. CHANGE LAYER,ROW,COL MAX. CHANGE LAYER,ROW,COL
 ------------------------------------------------------------------------------------------------------------------------------------
   0.6166E-06 (  1, 26, 21)  0.6824E-09 (  1, 26, 21)  0.4970E-12 (  1, 27, 41)
  MAXIMUM CONCENTRATION CHANGES FOR EACH ITERATION:
  MAX. CHANGE LAYER,ROW,COL MAX. CHANGE LAYER,ROW,COL MAX. CHANGE LAYER,ROW,COL MAX. CHANGE LAYER,ROW,COL MAX. CHANGE LAYER,ROW,COL
 ------------------------------------------------------------------------------------------------------------------------------------
   0.3053E-02 (  1, 26, 18)  0.2631E-05 (  1, 28, 26)  0.1541E-08 (  1, 27, 17)  0.1096E-11 (  1, 28, 16)
  MAXIMUM CONCENTRATION CHANGES FOR EACH ITERATION:
  MAX. CHANGE LAYER,ROW,COL MAX. CHANGE LAYER,ROW,COL MAX. CHANGE LAYER,ROW,COL MAX. CHANGE LAYER,ROW,COL MAX. CHANGE LAYER,ROW,COL
 ------------------------------------------------------------------------------------------------------------------------------------
   0.3786E-02 (  1, 26, 18)  0.3509E-05 (  1, 27, 17)  0.1482E-08 (  1, 17, 13)  0.1101E-11 (  1, 28, 16)
  MAXIMUM CONCENTRATION CHANGES FOR EACH ITERATION:
  MAX. CHANGE LAYER,ROW,COL MAX. CHANGE LAYER,ROW,COL MAX. CHANGE LAYER,ROW,COL MAX. CHANGE LAYER,ROW,COL MAX. CHANGE LAYER,ROW,COL
 ------------------------------------------------------------------------------------------------------------------------------------
    0.000     (  1,  1,  1)
  MAXIMUM CONCENTRATION CHANGES FOR EACH ITERATION:
  MAX. CHANGE LAYER,ROW,COL MAX. CHANGE LAYER,ROW,COL MAX. CHANGE LAYER,ROW,COL MAX. CHANGE LAYER,ROW,COL MAX. CHANGE LAYER,ROW,COL
 ------------------------------------------------------------------------------------------------------------------------------------
    0.000     (  1,  1,  1)
  MAXIMUM CONCENTRATION CHANGES FOR EACH ITERATION:
  MAX. CHANGE LAYER,ROW,COL MAX. CHANGE LAYER,ROW,COL MAX. CHANGE LAYER,ROW,COL MAX. CHANGE LAYER,ROW,COL MAX. CHANGE LAYER,ROW,COL
 ------------------------------------------------------------------------------------------------------------------------------------
   0.5025E-02 (  1, 33, 31)  0.8627E-05 (  1, 27, 41)  0.1174E-07 (  1, 27, 41)  0.1299E-10 (  1, 27, 41)  0.1130E-13 (  1, 27, 41)
  MAXIMUM CONCENTRATION CHANGES FOR EACH ITERATION:
  MAX. CHANGE LAYER,ROW,COL MAX. CHANGE LAYER,ROW,COL MAX. CHANGE LAYER,ROW,COL MAX. CHANGE LAYER,ROW,COL MAX. CHANGE LAYER,ROW,COL
 ------------------------------------------------------------------------------------------------------------------------------------
   0.2745E-02 (  1, 27, 31)  0.3421E-05 (  1, 28, 30)  0.1547E-08 (  1, 29, 30)  0.1154E-11 (  1, 30, 29)
  MAXIMUM CONCENTRATION CHANGES FOR EACH ITERATION:
  MAX. CHANGE LAYER,ROW,COL MAX. CHANGE LAYER,ROW,COL MAX. CHANGE LAYER,ROW,COL MAX. CHANGE LAYER,ROW,COL MAX. CHANGE LAYER,ROW,COL
 ------------------------------------------------------------------------------------------------------------------------------------
    0.000     (  1,  1,  1)
  MAXIMUM CONCENTRATION CHANGES FOR EACH ITERATION:
  MAX. CHANGE LAYER,ROW,COL MAX. CHANGE LAYER,ROW,COL MAX. CHANGE LAYER,ROW,COL MAX. CHANGE LAYER,ROW,COL MAX. CHANGE LAYER,ROW,COL
 ------------------------------------------------------------------------------------------------------------------------------------
    0.000     (  1,  1,  1)
  MAXIMUM CONCENTRATION CHANGES FOR EACH ITERATION:
  MAX. CHANGE LAYER,ROW,COL MAX. CHANGE LAYER,ROW,COL MAX. CHANGE LAYER,ROW,COL MAX. CHANGE LAYER,ROW,COL MAX. CHANGE LAYER,ROW,COL
 ------------------------------------------------------------------------------------------------------------------------------------
    0.000     (  1,  1,  1)
  MAXIMUM CONCENTRATION CHANGES FOR EACH ITERATION:
  MAX. CHANGE LAYER,ROW,COL MAX. CHANGE LAYER,ROW,COL MAX. CHANGE LAYER,ROW,COL MAX. CHANGE LAYER,ROW,COL MAX. CHANGE LAYER,ROW,COL
 ------------------------------------------------------------------------------------------------------------------------------------
   0.5541E-02 (  1, 27, 28)  0.7069E-05 (  1, 28, 28)  0.2615E-08 (  1, 32, 24)  0.1800E-11 (  1, 29, 31)
  MAXIMUM CONCENTRATION CHANGES FOR EACH ITERATION:
  MAX. CHANGE LAYER,ROW,COL MAX. CHANGE LAYER,ROW,COL MAX. CHANGE LAYER,ROW,COL MAX. CHANGE LAYER,ROW,COL MAX. CHANGE LAYER,ROW,COL
 ------------------------------------------------------------------------------------------------------------------------------------
   0.7769E-02 (  1, 23, 12)  0.3850E-05 (  1, 27, 17)  0.1979E-08 (  1, 30, 14)  0.1313E-11 (  1, 31, 13)
  MAXIMUM CONCENTRATION CHANGES FOR EACH ITERATION:
  MAX. CHANGE LAYER,ROW,COL MAX. CHANGE LAYER,ROW,COL MAX. CHANGE LAYER,ROW,COL MAX. CHANGE LAYER,ROW,COL MAX. CHANGE LAYER,ROW,COL
 ------------------------------------------------------------------------------------------------------------------------------------
    0.000     (  1,  1,  1)
  MAXIMUM CONCENTRATION CHANGES FOR EACH ITERATION:
  MAX. CHANGE LAYER,ROW,COL MAX. CHANGE LAYER,ROW,COL MAX. CHANGE LAYER,ROW,COL MAX. CHANGE LAYER,ROW,COL MAX. CHANGE LAYER,ROW,COL
 ------------------------------------------------------------------------------------------------------------------------------------
    0.000     (  1,  1,  1)
  MAXIMUM CONCENTRATION CHANGES FOR EACH ITERATION:
  MAX. CHANGE LAYER,ROW,COL MAX. CHANGE LAYER,ROW,COL MAX. CHANGE LAYER,ROW,COL MAX. CHANGE LAYER,ROW,COL MAX. CHANGE LAYER,ROW,COL
 ------------------------------------------------------------------------------------------------------------------------------------
   0.1206E-02 (  1, 27, 27)  0.1234E-05 (  1, 28, 29)  0.5842E-09 (  1, 29, 28)  0.6816E-12 (  1, 27, 41)
  MAXIMUM CONCENTRATION CHANGES FOR EACH ITERATION:
  MAX. CHANGE LAYER,ROW,COL MAX. CHANGE LAYER,ROW,COL MAX. CHANGE LAYER,ROW,COL MAX. CHANGE LAYER,ROW,COL MAX. CHANGE LAYER,ROW,COL
 ------------------------------------------------------------------------------------------------------------------------------------
   0.5122E-02 (  1, 26, 18)  0.3745E-05 (  1, 26, 18)  0.1848E-08 (  1, 27, 21)  0.1490E-11 (  1, 25, 18)
  MAXIMUM CONCENTRATION CHANGES FOR EACH ITERATION:
  MAX. CHANGE LAYER,ROW,COL MAX. CHANGE LAYER,ROW,COL MAX. CHANGE LAYER,ROW,COL MAX. CHANGE LAYER,ROW,COL MAX. CHANGE LAYER,ROW,COL
 ------------------------------------------------------------------------------------------------------------------------------------
   0.6204E-02 (  1, 27, 31)  0.7167E-05 (  1, 28, 30)  0.3068E-08 (  1, 29, 30)  0.2569E-11 (  1, 30, 29)
  MAXIMUM CONCENTRATION CHANGES FOR EACH ITERATION:
  MAX. CHANGE LAYER,ROW,COL MAX. CHANGE LAYER,ROW,COL MAX. CHANGE LAYER,ROW,COL MAX. CHANGE LAYER,ROW,COL MAX. CHANGE LAYER,ROW,COL
 ------------------------------------------------------------------------------------------------------------------------------------
   0.1470E-01 (  1, 20, 11)  0.3270E-05 (  1, 28, 15)  0.2680E-08 (  1, 28, 16)  0.1244E-11 (  1, 29, 14)
  MAXIMUM CONCENTRATION CHANGES FOR EACH ITERATION:
  MAX. CHANGE LAYER,ROW,COL MAX. CHANGE LAYER,ROW,COL MAX. CHANGE LAYER,ROW,COL MAX. CHANGE LAYER,ROW,COL MAX. CHANGE LAYER,ROW,COL
 ------------------------------------------------------------------------------------------------------------------------------------
   0.1363E-01 (  1, 33, 29)  0.2065E-04 (  1, 28, 39)  0.1805E-07 (  1, 29, 38)  0.2283E-10 (  1, 27, 41)  0.2909E-13 (  1, 27, 41)
  MAXIMUM CONCENTRATION CHANGES FOR EACH ITERATION:
  MAX. CHANGE LAYER,ROW,COL MAX. CHANGE LAYER,ROW,COL MAX. CHANGE LAYER,ROW,COL MAX. CHANGE LAYER,ROW,COL MAX. CHANGE LAYER,ROW,COL
 ------------------------------------------------------------------------------------------------------------------------------------
   0.3169E-01 (  1, 14, 19)  0.1607E-04 (  1, 31, 37)  0.1164E-07 (  1, 29, 39)  0.7842E-11 (  1, 28, 40)
  MAXIMUM CONCENTRATION CHANGES FOR EACH ITERATION:
  MAX. CHANGE LAYER,ROW,COL MAX. CHANGE LAYER,ROW,COL MAX. CHANGE LAYER,ROW,COL MAX. CHANGE LAYER,ROW,COL MAX. CHANGE LAYER,ROW,COL
 ------------------------------------------------------------------------------------------------------------------------------------
   0.1363E-01 (  1, 33, 29)  0.2065E-04 (  1, 28, 39)  0.1805E-07 (  1, 29, 38)  0.2283E-10 (  1, 27, 41)  0.2903E-13 (  1, 27, 41)


                                          ================================================
                                                         TIME STEP NO.  016
                                          ================================================

 FROM TIME =   150.00     TO    160.00    















































  MAXIMUM CONCENTRATION CHANGES FOR EACH ITERATION:
  MAX. CHANGE LAYER,ROW,COL MAX. CHANGE LAYER,ROW,COL MAX. CHANGE LAYER,ROW,COL MAX. CHANGE LAYER,ROW,COL MAX. CHANGE LAYER,ROW,COL
 ------------------------------------------------------------------------------------------------------------------------------------
   0.2102E-02 (  1, 26, 18)  0.2218E-05 (  1, 26, 18)  0.9819E-09 (  1, 29, 30)  0.1160E-11 (  1, 27, 41)
  MAXIMUM CONCENTRATION CHANGES FOR EACH ITERATION:
  MAX. CHANGE LAYER,ROW,COL MAX. CHANGE LAYER,ROW,COL MAX. CHANGE LAYER,ROW,COL MAX. CHANGE LAYER,ROW,COL MAX. CHANGE LAYER,ROW,COL
 ------------------------------------------------------------------------------------------------------------------------------------
   0.4697E-03 (  1, 30, 25)  0.5557E-06 (  1, 28, 32)  0.3317E-09 (  1, 28, 26)  0.2298E-12 (  1, 27, 28)
  MAXIMUM CONCENTRATION CHANGES FOR EACH ITERATION:
  MAX. CHANGE LAYER,ROW,COL MAX. CHANGE LAYER,ROW,COL MAX. CHANGE LAYER,ROW,COL MAX. CHANGE LAYER,ROW,COL MAX. CHANGE LAYER,ROW,COL
 ------------------------------------------------------------------------------------------------------------------------------------
   0.5926E-06 (  1, 26, 22)  0.6487E-09 (  1, 26, 22)  0.5929E-12 (  1, 27, 41)
  MAXIMUM CONCENTRATION CHANGES FOR EACH ITERATION:
  MAX. CHANGE LAYER,ROW,COL MAX. CHANGE LAYER,ROW,COL MAX. CHANGE LAYER,ROW,COL MAX. CHANGE LAYER,ROW,COL MAX. CHANGE LAYER,ROW,COL
 ------------------------------------------------------------------------------------------------------------------------------------
   0.3049E-02 (  1, 26, 18)  0.2581E-05 (  1, 28, 27)  0.1583E-08 (  1, 27, 17)  0.1348E-11 (  1, 27, 41)
  MAXIMUM CONCENTRATION CHANGES FOR EACH ITERATION:
  MAX. CHANGE LAYER,ROW,COL MAX. CHANGE LAYER,ROW,COL MAX. CHANGE LAYER,ROW,COL MAX. CHANGE LAYER,ROW,COL MAX. CHANGE LAYER,ROW,COL
 ------------------------------------------------------------------------------------------------------------------------------------
   0.3784E-02 (  1, 26, 18)  0.3495E-05 (  1, 27, 17)  0.1484E-08 (  1, 17, 13)  0.1128E-11 (  1, 28, 16)
  MAXIMUM CONCENTRATION CHANGES FOR EACH ITERATION:
  MAX. CHANGE LAYER,ROW,COL MAX. CHANGE LAYER,ROW,COL MAX. CHANGE LAYER,ROW,COL MAX. CHANGE LAYER,ROW,COL MAX. CHANGE LAYER,ROW,COL
 ------------------------------------------------------------------------------------------------------------------------------------
    0.000     (  1,  1,  1)
  MAXIMUM CONCENTRATION CHANGES FOR EACH ITERATION:
  MAX. CHANGE LAYER,ROW,COL MAX. CHANGE LAYER,ROW,COL MAX. CHANGE LAYER,ROW,COL MAX. CHANGE LAYER,ROW,COL MAX. CHANGE LAYER,ROW,COL
 ------------------------------------------------------------------------------------------------------------------------------------
    0.000     (  1,  1,  1)
  MAXIMUM CONCENTRATION CHANGES FOR EACH ITERATION:
  MAX. CHANGE LAYER,ROW,COL MAX. CHANGE LAYER,ROW,COL MAX. CHANGE LAYER,ROW,COL MAX. CHANGE LAYER,ROW,COL MAX. CHANGE LAYER,ROW,COL
 ------------------------------------------------------------------------------------------------------------------------------------
   0.4855E-02 (  1, 14,  8)  0.6376E-05 (  1, 27, 41)  0.9231E-08 (  1, 27, 41)  0.1127E-10 (  1, 27, 41)  0.1064E-13 (  1, 27, 41)
  MAXIMUM CONCENTRATION CHANGES FOR EACH ITERATION:
  MAX. CHANGE LAYER,ROW,COL MAX. CHANGE LAYER,ROW,COL MAX. CHANGE LAYER,ROW,COL MAX. CHANGE LAYER,ROW,COL MAX. CHANGE LAYER,ROW,COL
 ------------------------------------------------------------------------------------------------------------------------------------
   0.2613E-02 (  1, 27, 33)  0.3312E-05 (  1, 28, 31)  0.1631E-08 (  1, 29, 31)  0.1335E-11 (  1, 27, 41)
  MAXIMUM CONCENTRATION CHANGES FOR EACH ITERATION:
  MAX. CHANGE LAYER,ROW,COL MAX. CHANGE LAYER,ROW,COL MAX. CHANGE LAYER,ROW,COL MAX. CHANGE LAYER,ROW,COL MAX. CHANGE LAYER,ROW,COL
 ------------------------------------------------------------------------------------------------------------------------------------
    0.000     (  1,  1,  1)
  MAXIMUM CONCENTRATION CHANGES FOR EACH ITERATION:
  MAX. CHANGE LAYER,ROW,COL MAX. CHANGE LAYER,ROW,COL MAX. CHANGE LAYER,ROW,COL MAX. CHANGE LAYER,ROW,COL MAX. CHANGE LAYER,ROW,COL
 ------------------------------------------------------------------------------------------------------------------------------------
    0.000     (  1,  1,  1)
  MAXIMUM CONCENTRATION CHANGES FOR EACH ITERATION:
  MAX. CHANGE LAYER,ROW,COL MAX. CHANGE LAYER,ROW,COL MAX. CHANGE LAYER,ROW,COL MAX. CHANGE LAYER,ROW,COL MAX. CHANGE LAYER,ROW,COL
 ------------------------------------------------------------------------------------------------------------------------------------
    0.000     (  1,  1,  1)
  MAXIMUM CONCENTRATION CHANGES FOR EACH ITERATION:
  MAX. CHANGE LAYER,ROW,COL MAX. CHANGE LAYER,ROW,COL MAX. CHANGE LAYER,ROW,COL MAX. CHANGE LAYER,ROW,COL MAX. CHANGE LAYER,ROW,COL
 ------------------------------------------------------------------------------------------------------------------------------------
   0.5429E-02 (  1, 26, 16)  0.7144E-05 (  1, 28, 29)  0.2739E-08 (  1, 32, 25)  0.2085E-11 (  1, 25, 17)
  MAXIMUM CONCENTRATION CHANGES FOR EACH ITERATION:
  MAX. CHANGE LAYER,ROW,COL MAX. CHANGE LAYER,ROW,COL MAX. CHANGE LAYER,ROW,COL MAX. CHANGE LAYER,ROW,COL MAX. CHANGE LAYER,ROW,COL
 ------------------------------------------------------------------------------------------------------------------------------------
   0.1319E-01 (  1, 28, 16)  0.8415E-05 (  1, 27, 17)  0.4474E-08 (  1, 30, 14)  0.2651E-11 (  1, 31, 13)
  MAXIMUM CONCENTRATION CHANGES FOR EACH ITERATION:
  MAX. CHANGE LAYER,ROW,COL MAX. CHANGE LAYER,ROW,COL MAX. CHANGE LAYER,ROW,COL MAX. CHANGE LAYER,ROW,COL MAX. CHANGE LAYER,ROW,COL
 ------------------------------------------------------------------------------------------------------------------------------------
    0.000     (  1,  1,  1)
  MAXIMUM CONCENTRATION CHANGES FOR EACH ITERATION:
  MAX. CHANGE LAYER,ROW,COL MAX. CHANGE LAYER,ROW,COL MAX. CHANGE LAYER,ROW,COL MAX. CHANGE LAYER,ROW,COL MAX. CHANGE LAYER,ROW,COL
 ------------------------------------------------------------------------------------------------------------------------------------
    0.000     (  1,  1,  1)
  MAXIMUM CONCENTRATION CHANGES FOR EACH ITERATION:
  MAX. CHANGE LAYER,ROW,COL MAX. CHANGE LAYER,ROW,COL MAX. CHANGE LAYER,ROW,COL MAX. CHANGE LAYER,ROW,COL MAX. CHANGE LAYER,ROW,COL
 ------------------------------------------------------------------------------------------------------------------------------------
   0.1206E-02 (  1, 26, 18)  0.1256E-05 (  1, 26, 18)  0.5827E-09 (  1, 29, 30)  0.8282E-12 (  1, 27, 41)
  MAXIMUM CONCENTRATION CHANGES FOR EACH ITERATION:
  MAX. CHANGE LAYER,ROW,COL MAX. CHANGE LAYER,ROW,COL MAX. CHANGE LAYER,ROW,COL MAX. CHANGE LAYER,ROW,COL MAX. CHANGE LAYER,ROW,COL
 ------------------------------------------------------------------------------------------------------------------------------------
   0.4952E-02 (  1, 26, 18)  0.3925E-05 (  1, 26, 18)  0.1861E-08 (  1, 27, 21)  0.1511E-11 (  1, 25, 19)
  MAXIMUM CONCENTRATION CHANGES FOR EACH ITERATION:
  MAX. CHANGE LAYER,ROW,COL MAX. CHANGE LAYER,ROW,COL MAX. CHANGE LAYER,ROW,COL MAX. CHANGE LAYER,ROW,COL MAX. CHANGE LAYER,ROW,COL
 ------------------------------------------------------------------------------------------------------------------------------------
   0.5874E-02 (  1, 27, 32)  0.7010E-05 (  1, 28, 31)  0.3138E-08 (  1, 29, 31)  0.3130E-11 (  1, 27, 41)
  MAXIMUM CONCENTRATION CHANGES FOR EACH ITERATION:
  MAX. CHANGE LAYER,ROW,COL MAX. CHANGE LAYER,ROW,COL MAX. CHANGE LAYER,ROW,COL MAX. CHANGE LAYER,ROW,COL MAX. CHANGE LAYER,ROW,COL
 ------------------------------------------------------------------------------------------------------------------------------------
   0.1232E-01 (  1, 24, 12)  0.5423E-05 (  1, 27, 17)  0.3483E-08 (  1, 28, 16)  0.1611E-11 (  1, 29, 15)
  MAXIMUM CONCENTRATION CHANGES FOR EACH ITERATION:
  MAX. CHANGE LAYER,ROW,COL MAX. CHANGE LAYER,ROW,COL MAX. CHANGE LAYER,ROW,COL MAX. CHANGE LAYER,ROW,COL MAX. CHANGE LAYER,ROW,COL
 ------------------------------------------------------------------------------------------------------------------------------------
   0.1310E-01 (  1, 33, 31)  0.1631E-04 (  1, 28, 40)  0.2438E-07 (  1, 27, 41)  0.3125E-10 (  1, 27, 41)  0.2909E-13 (  1, 27, 41)
  MAXIMUM CONCENTRATION CHANGES FOR EACH ITERATION:
  MAX. CHANGE LAYER,ROW,COL MAX. CHANGE LAYER,ROW,COL MAX. CHANGE LAYER,ROW,COL MAX. CHANGE LAYER,ROW,COL MAX. CHANGE LAYER,ROW,COL
 ------------------------------------------------------------------------------------------------------------------------------------
   0.3207E-01 (  1, 23, 31)  0.9885E-05 (  1, 25, 41)  0.9844E-08 (  1, 27, 41)  0.8932E-11 (  1, 27, 41)
  MAXIMUM CONCENTRATION CHANGES FOR EACH ITERATION:
  MAX. CHANGE LAYER,ROW,COL MAX. CHANGE LAYER,ROW,COL MAX. CHANGE LAYER,ROW,COL MAX. CHANGE LAYER,ROW,COL MAX. CHANGE LAYER,ROW,COL
 ------------------------------------------------------------------------------------------------------------------------------------
   0.1310E-01 (  1, 33, 31)  0.1631E-04 (  1, 28, 40)  0.2438E-07 (  1, 27, 41)  0.3125E-10 (  1, 27, 41)  0.2909E-13 (  1, 27, 41)


                                          ================================================
                                                         TIME STEP NO.  017
                                          ================================================

 FROM TIME =   160.00     TO    170.00    















































  MAXIMUM CONCENTRATION CHANGES FOR EACH ITERATION:
  MAX. CHANGE LAYER,ROW,COL MAX. CHANGE LAYER,ROW,COL MAX. CHANGE LAYER,ROW,COL MAX. CHANGE LAYER,ROW,COL MAX. CHANGE LAYER,ROW,COL
 ------------------------------------------------------------------------------------------------------------------------------------
   0.2161E-02 (  1, 26, 18)  0.2323E-05 (  1, 26, 18)  0.9610E-09 (  1, 29, 31)  0.1661E-11 (  1, 27, 41)
  MAXIMUM CONCENTRATION CHANGES FOR EACH ITERATION:
  MAX. CHANGE LAYER,ROW,COL MAX. CHANGE LAYER,ROW,COL MAX. CHANGE LAYER,ROW,COL MAX. CHANGE LAYER,ROW,COL MAX. CHANGE LAYER,ROW,COL
 ------------------------------------------------------------------------------------------------------------------------------------
   0.5644E-03 (  1, 30, 25)  0.5283E-06 (  1, 28, 33)  0.3825E-09 (  1, 28, 27)  0.4151E-12 (  1, 27, 41)
  MAXIMUM CONCENTRATION CHANGES FOR EACH ITERATION:
  MAX. CHANGE LAYER,ROW,COL MAX. CHANGE LAYER,ROW,COL MAX. CHANGE LAYER,ROW,COL MAX. CHANGE LAYER,ROW,COL MAX. CHANGE LAYER,ROW,COL
 ------------------------------------------------------------------------------------------------------------------------------------
   0.5631E-06 (  1, 26, 23)  0.6038E-09 (  1, 26, 22)  0.6526E-12 (  1, 27, 41)
  MAXIMUM CONCENTRATION CHANGES FOR EACH ITERATION:
  MAX. CHANGE LAYER,ROW,COL MAX. CHANGE LAYER,ROW,COL MAX. CHANGE LAYER,ROW,COL MAX. CHANGE LAYER,ROW,COL MAX. CHANGE LAYER,ROW,COL
 ------------------------------------------------------------------------------------------------------------------------------------
   0.3045E-02 (  1, 26, 18)  0.2516E-05 (  1, 28, 28)  0.1622E-08 (  1, 27, 17)  0.1896E-11 (  1, 27, 41)
  MAXIMUM CONCENTRATION CHANGES FOR EACH ITERATION:
  MAX. CHANGE LAYER,ROW,COL MAX. CHANGE LAYER,ROW,COL MAX. CHANGE LAYER,ROW,COL MAX. CHANGE LAYER,ROW,COL MAX. CHANGE LAYER,ROW,COL
 ------------------------------------------------------------------------------------------------------------------------------------
   0.3781E-02 (  1, 26, 18)  0.3486E-05 (  1, 27, 17)  0.1486E-08 (  1, 17, 13)  0.1149E-11 (  1, 28, 16)
  MAXIMUM CONCENTRATION CHANGES FOR EACH ITERATION:
  MAX. CHANGE LAYER,ROW,COL MAX. CHANGE LAYER,ROW,COL MAX. CHANGE LAYER,ROW,COL MAX. CHANGE LAYER,ROW,COL MAX. CHANGE LAYER,ROW,COL
 ------------------------------------------------------------------------------------------------------------------------------------
    0.000     (  1,  1,  1)
  MAXIMUM CONCENTRATION CHANGES FOR EACH ITERATION:
  MAX. CHANGE LAYER,ROW,COL MAX. CHANGE LAYER,ROW,COL MAX. CHANGE LAYER,ROW,COL MAX. CHANGE LAYER,ROW,COL MAX. CHANGE LAYER,ROW,COL
 ------------------------------------------------------------------------------------------------------------------------------------
    0.000     (  1,  1,  1)
  MAXIMUM CONCENTRATION CHANGES FOR EACH ITERATION:
  MAX. CHANGE LAYER,ROW,COL MAX. CHANGE LAYER,ROW,COL MAX. CHANGE LAYER,ROW,COL MAX. CHANGE LAYER,ROW,COL MAX. CHANGE LAYER,ROW,COL
 ------------------------------------------------------------------------------------------------------------------------------------
   0.5478E-02 (  1, 34, 26)  0.4619E-05 (  1, 13, 15)  0.5494E-08 (  1, 27, 41)  0.7442E-11 (  1, 27, 41)
  MAXIMUM CONCENTRATION CHANGES FOR EACH ITERATION:
  MAX. CHANGE LAYER,ROW,COL MAX. CHANGE LAYER,ROW,COL MAX. CHANGE LAYER,ROW,COL MAX. CHANGE LAYER,ROW,COL MAX. CHANGE LAYER,ROW,COL
 ------------------------------------------------------------------------------------------------------------------------------------
   0.2953E-02 (  1, 30, 26)  0.3249E-05 (  1, 28, 33)  0.1907E-08 (  1, 28, 27)  0.2480E-11 (  1, 27, 41)
  MAXIMUM CONCENTRATION CHANGES FOR EACH ITERATION:
  MAX. CHANGE LAYER,ROW,COL MAX. CHANGE LAYER,ROW,COL MAX. CHANGE LAYER,ROW,COL MAX. CHANGE LAYER,ROW,COL MAX. CHANGE LAYER,ROW,COL
 ------------------------------------------------------------------------------------------------------------------------------------
    0.000     (  1,  1,  1)
  MAXIMUM CONCENTRATION CHANGES FOR EACH ITERATION:
  MAX. CHANGE LAYER,ROW,COL MAX. CHANGE LAYER,ROW,COL MAX. CHANGE LAYER,ROW,COL MAX. CHANGE LAYER,ROW,COL MAX. CHANGE LAYER,ROW,COL
 ------------------------------------------------------------------------------------------------------------------------------------
    0.000     (  1,  1,  1)
  MAXIMUM CONCENTRATION CHANGES FOR EACH ITERATION:
  MAX. CHANGE LAYER,ROW,COL MAX. CHANGE LAYER,ROW,COL MAX. CHANGE LAYER,ROW,COL MAX. CHANGE LAYER,ROW,COL MAX. CHANGE LAYER,ROW,COL
 ------------------------------------------------------------------------------------------------------------------------------------
    0.000     (  1,  1,  1)
  MAXIMUM CONCENTRATION CHANGES FOR EACH ITERATION:
  MAX. CHANGE LAYER,ROW,COL MAX. CHANGE LAYER,ROW,COL MAX. CHANGE LAYER,ROW,COL MAX. CHANGE LAYER,ROW,COL MAX. CHANGE LAYER,ROW,COL
 ------------------------------------------------------------------------------------------------------------------------------------
   0.5261E-02 (  1, 26, 16)  0.6581E-05 (  1, 28, 31)  0.2765E-08 (  1, 32, 26)  0.2097E-11 (  1, 25, 17)
  MAXIMUM CONCENTRATION CHANGES FOR EACH ITERATION:
  MAX. CHANGE LAYER,ROW,COL MAX. CHANGE LAYER,ROW,COL MAX. CHANGE LAYER,ROW,COL MAX. CHANGE LAYER,ROW,COL MAX. CHANGE LAYER,ROW,COL
 ------------------------------------------------------------------------------------------------------------------------------------
   0.1293E-01 (  1, 28, 16)  0.8235E-05 (  1, 27, 17)  0.4396E-08 (  1, 30, 14)  0.2606E-11 (  1, 31, 13)
  MAXIMUM CONCENTRATION CHANGES FOR EACH ITERATION:
  MAX. CHANGE LAYER,ROW,COL MAX. CHANGE LAYER,ROW,COL MAX. CHANGE LAYER,ROW,COL MAX. CHANGE LAYER,ROW,COL MAX. CHANGE LAYER,ROW,COL
 ------------------------------------------------------------------------------------------------------------------------------------
    0.000     (  1,  1,  1)
  MAXIMUM CONCENTRATION CHANGES FOR EACH ITERATION:
  MAX. CHANGE LAYER,ROW,COL MAX. CHANGE LAYER,ROW,COL MAX. CHANGE LAYER,ROW,COL MAX. CHANGE LAYER,ROW,COL MAX. CHANGE LAYER,ROW,COL
 ------------------------------------------------------------------------------------------------------------------------------------
    0.000     (  1,  1,  1)
  MAXIMUM CONCENTRATION CHANGES FOR EACH ITERATION:
  MAX. CHANGE LAYER,ROW,COL MAX. CHANGE LAYER,ROW,COL MAX. CHANGE LAYER,ROW,COL MAX. CHANGE LAYER,ROW,COL MAX. CHANGE LAYER,ROW,COL
 ------------------------------------------------------------------------------------------------------------------------------------
   0.1243E-02 (  1, 26, 18)  0.1329E-05 (  1, 26, 18)  0.5848E-09 (  1, 27, 41)  0.1011E-11 (  1, 27, 41)
  MAXIMUM CONCENTRATION CHANGES FOR EACH ITERATION:
  MAX. CHANGE LAYER,ROW,COL MAX. CHANGE LAYER,ROW,COL MAX. CHANGE LAYER,ROW,COL MAX. CHANGE LAYER,ROW,COL MAX. CHANGE LAYER,ROW,COL
 ------------------------------------------------------------------------------------------------------------------------------------
   0.4822E-02 (  1, 26, 18)  0.4095E-05 (  1, 26, 18)  0.1839E-08 (  1, 27, 21)  0.1550E-11 (  1, 25, 19)
  MAXIMUM CONCENTRATION CHANGES FOR EACH ITERATION:
  MAX. CHANGE LAYER,ROW,COL MAX. CHANGE LAYER,ROW,COL MAX. CHANGE LAYER,ROW,COL MAX. CHANGE LAYER,ROW,COL MAX. CHANGE LAYER,ROW,COL
 ------------------------------------------------------------------------------------------------------------------------------------
   0.5689E-02 (  1, 27, 34)  0.6841E-05 (  1, 28, 33)  0.3224E-08 (  1, 29, 33)  0.5191E-11 (  1, 27, 41)
  MAXIMUM CONCENTRATION CHANGES FOR EACH ITERATION:
  MAX. CHANGE LAYER,ROW,COL MAX. CHANGE LAYER,ROW,COL MAX. CHANGE LAYER,ROW,COL MAX. CHANGE LAYER,ROW,COL MAX. CHANGE LAYER,ROW,COL
 ------------------------------------------------------------------------------------------------------------------------------------
   0.1127E-01 (  1, 28, 16)  0.7074E-05 (  1, 27, 17)  0.3548E-08 (  1, 30, 14)  0.2106E-11 (  1, 31, 13)
  MAXIMUM CONCENTRATION CHANGES FOR EACH ITERATION:
  MAX. CHANGE LAYER,ROW,COL MAX. CHANGE LAYER,ROW,COL MAX. CHANGE LAYER,ROW,COL MAX. CHANGE LAYER,ROW,COL MAX. CHANGE LAYER,ROW,COL
 ------------------------------------------------------------------------------------------------------------------------------------
   0.1258E-01 (  1, 34, 27)  0.1955E-04 (  1, 27, 41)  0.2661E-07 (  1, 27, 41)  0.3008E-10 (  1, 27, 41)  0.2559E-13 (  1, 27, 41)
  MAXIMUM CONCENTRATION CHANGES FOR EACH ITERATION:
  MAX. CHANGE LAYER,ROW,COL MAX. CHANGE LAYER,ROW,COL MAX. CHANGE LAYER,ROW,COL MAX. CHANGE LAYER,ROW,COL MAX. CHANGE LAYER,ROW,COL
 ------------------------------------------------------------------------------------------------------------------------------------
   0.3215E-01 (  1, 23, 32)  0.4148E-05 (  1, 14, 13)  0.6678E-09 (  1, 15, 12)  0.8157E-12 (  1, 15, 12)
  MAXIMUM CONCENTRATION CHANGES FOR EACH ITERATION:
  MAX. CHANGE LAYER,ROW,COL MAX. CHANGE LAYER,ROW,COL MAX. CHANGE LAYER,ROW,COL MAX. CHANGE LAYER,ROW,COL MAX. CHANGE LAYER,ROW,COL
 ------------------------------------------------------------------------------------------------------------------------------------
   0.1258E-01 (  1, 34, 27)  0.1955E-04 (  1, 27, 41)  0.2661E-07 (  1, 27, 41)  0.3008E-10 (  1, 27, 41)  0.2565E-13 (  1, 27, 41)


                                          ================================================
                                                         TIME STEP NO.  018
                                          ================================================

 FROM TIME =   170.00     TO    180.00    















































  MAXIMUM CONCENTRATION CHANGES FOR EACH ITERATION:
  MAX. CHANGE LAYER,ROW,COL MAX. CHANGE LAYER,ROW,COL MAX. CHANGE LAYER,ROW,COL MAX. CHANGE LAYER,ROW,COL MAX. CHANGE LAYER,ROW,COL
 ------------------------------------------------------------------------------------------------------------------------------------
   0.2207E-02 (  1, 26, 18)  0.2406E-05 (  1, 26, 18)  0.1254E-08 (  1, 27, 41)  0.2104E-11 (  1, 27, 41)
  MAXIMUM CONCENTRATION CHANGES FOR EACH ITERATION:
  MAX. CHANGE LAYER,ROW,COL MAX. CHANGE LAYER,ROW,COL MAX. CHANGE LAYER,ROW,COL MAX. CHANGE LAYER,ROW,COL MAX. CHANGE LAYER,ROW,COL
 ------------------------------------------------------------------------------------------------------------------------------------
   0.5575E-03 (  1, 30, 24)  0.5185E-06 (  1, 28, 35)  0.4147E-09 (  1, 27, 41)  0.5813E-12 (  1, 27, 41)
  MAXIMUM CONCENTRATION CHANGES FOR EACH ITERATION:
  MAX. CHANGE LAYER,ROW,COL MAX. CHANGE LAYER,ROW,COL MAX. CHANGE LAYER,ROW,COL MAX. CHANGE LAYER,ROW,COL MAX. CHANGE LAYER,ROW,COL
 ------------------------------------------------------------------------------------------------------------------------------------
   0.5358E-06 (  1, 26, 23)  0.5549E-09 (  1, 26, 23)  0.6762E-12 (  1, 27, 41)
  MAXIMUM CONCENTRATION CHANGES FOR EACH ITERATION:
  MAX. CHANGE LAYER,ROW,COL MAX. CHANGE LAYER,ROW,COL MAX. CHANGE LAYER,ROW,COL MAX. CHANGE LAYER,ROW,COL MAX. CHANGE LAYER,ROW,COL
 ------------------------------------------------------------------------------------------------------------------------------------
   0.3041E-02 (  1, 26, 18)  0.2558E-05 (  1, 26, 18)  0.1658E-08 (  1, 27, 17)  0.2412E-11 (  1, 27, 41)
  MAXIMUM CONCENTRATION CHANGES FOR EACH ITERATION:
  MAX. CHANGE LAYER,ROW,COL MAX. CHANGE LAYER,ROW,COL MAX. CHANGE LAYER,ROW,COL MAX. CHANGE LAYER,ROW,COL MAX. CHANGE LAYER,ROW,COL
 ------------------------------------------------------------------------------------------------------------------------------------
   0.3779E-02 (  1, 26, 18)  0.3481E-05 (  1, 27, 17)  0.1488E-08 (  1, 17, 13)  0.1165E-11 (  1, 28, 16)
  MAXIMUM CONCENTRATION CHANGES FOR EACH ITERATION:
  MAX. CHANGE LAYER,ROW,COL MAX. CHANGE LAYER,ROW,COL MAX. CHANGE LAYER,ROW,COL MAX. CHANGE LAYER,ROW,COL MAX. CHANGE LAYER,ROW,COL
 ------------------------------------------------------------------------------------------------------------------------------------
    0.000     (  1,  1,  1)
  MAXIMUM CONCENTRATION CHANGES FOR EACH ITERATION:
  MAX. CHANGE LAYER,ROW,COL MAX. CHANGE LAYER,ROW,COL MAX. CHANGE LAYER,ROW,COL MAX. CHANGE LAYER,ROW,COL MAX. CHANGE LAYER,ROW,COL
 ------------------------------------------------------------------------------------------------------------------------------------
    0.000     (  1,  1,  1)
  MAXIMUM CONCENTRATION CHANGES FOR EACH ITERATION:
  MAX. CHANGE LAYER,ROW,COL MAX. CHANGE LAYER,ROW,COL MAX. CHANGE LAYER,ROW,COL MAX. CHANGE LAYER,ROW,COL MAX. CHANGE LAYER,ROW,COL
 ------------------------------------------------------------------------------------------------------------------------------------
   0.5555E-02 (  1, 34, 26)  0.4631E-05 (  1, 13, 13)  0.3450E-08 (  1, 31, 39)  0.3594E-11 (  1, 30, 40)
  MAXIMUM CONCENTRATION CHANGES FOR EACH ITERATION:
  MAX. CHANGE LAYER,ROW,COL MAX. CHANGE LAYER,ROW,COL MAX. CHANGE LAYER,ROW,COL MAX. CHANGE LAYER,ROW,COL MAX. CHANGE LAYER,ROW,COL
 ------------------------------------------------------------------------------------------------------------------------------------
   0.2967E-02 (  1, 30, 24)  0.3116E-05 (  1, 28, 35)  0.2282E-08 (  1, 27, 41)  0.3341E-11 (  1, 27, 41)
  MAXIMUM CONCENTRATION CHANGES FOR EACH ITERATION:
  MAX. CHANGE LAYER,ROW,COL MAX. CHANGE LAYER,ROW,COL MAX. CHANGE LAYER,ROW,COL MAX. CHANGE LAYER,ROW,COL MAX. CHANGE LAYER,ROW,COL
 ------------------------------------------------------------------------------------------------------------------------------------
    0.000     (  1,  1,  1)
  MAXIMUM CONCENTRATION CHANGES FOR EACH ITERATION:
  MAX. CHANGE LAYER,ROW,COL MAX. CHANGE LAYER,ROW,COL MAX. CHANGE LAYER,ROW,COL MAX. CHANGE LAYER,ROW,COL MAX. CHANGE LAYER,ROW,COL
 ------------------------------------------------------------------------------------------------------------------------------------
    0.000     (  1,  1,  1)
  MAXIMUM CONCENTRATION CHANGES FOR EACH ITERATION:
  MAX. CHANGE LAYER,ROW,COL MAX. CHANGE LAYER,ROW,COL MAX. CHANGE LAYER,ROW,COL MAX. CHANGE LAYER,ROW,COL MAX. CHANGE LAYER,ROW,COL
 ------------------------------------------------------------------------------------------------------------------------------------
    0.000     (  1,  1,  1)
  MAXIMUM CONCENTRATION CHANGES FOR EACH ITERATION:
  MAX. CHANGE LAYER,ROW,COL MAX. CHANGE LAYER,ROW,COL MAX. CHANGE LAYER,ROW,COL MAX. CHANGE LAYER,ROW,COL MAX. CHANGE LAYER,ROW,COL
 ------------------------------------------------------------------------------------------------------------------------------------
   0.4996E-02 (  1, 26, 16)  0.6105E-05 (  1, 28, 32)  0.2232E-08 (  1, 32, 29)  0.2087E-11 (  1, 25, 17)
  MAXIMUM CONCENTRATION CHANGES FOR EACH ITERATION:
  MAX. CHANGE LAYER,ROW,COL MAX. CHANGE LAYER,ROW,COL MAX. CHANGE LAYER,ROW,COL MAX. CHANGE LAYER,ROW,COL MAX. CHANGE LAYER,ROW,COL
 ------------------------------------------------------------------------------------------------------------------------------------
   0.1312E-01 (  1, 28, 16)  0.8105E-05 (  1, 27, 17)  0.4539E-08 (  1, 30, 14)  0.2747E-11 (  1, 31, 13)
  MAXIMUM CONCENTRATION CHANGES FOR EACH ITERATION:
  MAX. CHANGE LAYER,ROW,COL MAX. CHANGE LAYER,ROW,COL MAX. CHANGE LAYER,ROW,COL MAX. CHANGE LAYER,ROW,COL MAX. CHANGE LAYER,ROW,COL
 ------------------------------------------------------------------------------------------------------------------------------------
    0.000     (  1,  1,  1)
  MAXIMUM CONCENTRATION CHANGES FOR EACH ITERATION:
  MAX. CHANGE LAYER,ROW,COL MAX. CHANGE LAYER,ROW,COL MAX. CHANGE LAYER,ROW,COL MAX. CHANGE LAYER,ROW,COL MAX. CHANGE LAYER,ROW,COL
 ------------------------------------------------------------------------------------------------------------------------------------
    0.000     (  1,  1,  1)
  MAXIMUM CONCENTRATION CHANGES FOR EACH ITERATION:
  MAX. CHANGE LAYER,ROW,COL MAX. CHANGE LAYER,ROW,COL MAX. CHANGE LAYER,ROW,COL MAX. CHANGE LAYER,ROW,COL MAX. CHANGE LAYER,ROW,COL
 ------------------------------------------------------------------------------------------------------------------------------------
   0.1274E-02 (  1, 26, 18)  0.1392E-05 (  1, 26, 18)  0.7393E-09 (  1, 27, 41)  0.1237E-11 (  1, 27, 41)
  MAXIMUM CONCENTRATION CHANGES FOR EACH ITERATION:
  MAX. CHANGE LAYER,ROW,COL MAX. CHANGE LAYER,ROW,COL MAX. CHANGE LAYER,ROW,COL MAX. CHANGE LAYER,ROW,COL MAX. CHANGE LAYER,ROW,COL
 ------------------------------------------------------------------------------------------------------------------------------------
   0.4717E-02 (  1, 26, 18)  0.4227E-05 (  1, 26, 18)  0.1810E-08 (  1, 27, 21)  0.1586E-11 (  1, 25, 19)
  MAXIMUM CONCENTRATION CHANGES FOR EACH ITERATION:
  MAX. CHANGE LAYER,ROW,COL MAX. CHANGE LAYER,ROW,COL MAX. CHANGE LAYER,ROW,COL MAX. CHANGE LAYER,ROW,COL MAX. CHANGE LAYER,ROW,COL
 ------------------------------------------------------------------------------------------------------------------------------------
   0.5324E-02 (  1, 27, 36)  0.6492E-05 (  1, 28, 35)  0.4341E-08 (  1, 27, 41)  0.6895E-11 (  1, 27, 41)
  MAXIMUM CONCENTRATION CHANGES FOR EACH ITERATION:
  MAX. CHANGE LAYER,ROW,COL MAX. CHANGE LAYER,ROW,COL MAX. CHANGE LAYER,ROW,COL MAX. CHANGE LAYER,ROW,COL MAX. CHANGE LAYER,ROW,COL
 ------------------------------------------------------------------------------------------------------------------------------------
   0.1161E-01 (  1, 28, 16)  0.7294E-05 (  1, 27, 17)  0.3659E-08 (  1, 30, 14)  0.2177E-11 (  1, 31, 13)
  MAXIMUM CONCENTRATION CHANGES FOR EACH ITERATION:
  MAX. CHANGE LAYER,ROW,COL MAX. CHANGE LAYER,ROW,COL MAX. CHANGE LAYER,ROW,COL MAX. CHANGE LAYER,ROW,COL MAX. CHANGE LAYER,ROW,COL
 ------------------------------------------------------------------------------------------------------------------------------------
   0.1274E-01 (  1, 34, 23)  0.1334E-04 (  1, 32, 36)  0.1770E-07 (  1, 27, 41)  0.2077E-10 (  1, 28, 40)  0.2399E-13 (  1, 27, 41)
  MAXIMUM CONCENTRATION CHANGES FOR EACH ITERATION:
  MAX. CHANGE LAYER,ROW,COL MAX. CHANGE LAYER,ROW,COL MAX. CHANGE LAYER,ROW,COL MAX. CHANGE LAYER,ROW,COL MAX. CHANGE LAYER,ROW,COL
 ------------------------------------------------------------------------------------------------------------------------------------
   0.3230E-01 (  1, 13, 13)  0.1652E-04 (  1, 33, 36)  0.1091E-07 (  1, 36, 23)  0.1073E-10 (  1, 27, 41)  0.1623E-13 (  1, 27, 41)
  MAXIMUM CONCENTRATION CHANGES FOR EACH ITERATION:
  MAX. CHANGE LAYER,ROW,COL MAX. CHANGE LAYER,ROW,COL MAX. CHANGE LAYER,ROW,COL MAX. CHANGE LAYER,ROW,COL MAX. CHANGE LAYER,ROW,COL
 ------------------------------------------------------------------------------------------------------------------------------------
   0.1274E-01 (  1, 34, 23)  0.1334E-04 (  1, 32, 36)  0.1770E-07 (  1, 27, 41)  0.2077E-10 (  1, 28, 40)  0.2398E-13 (  1, 27, 41)


                                          ================================================
                                                         TIME STEP NO.  019
                                          ================================================

 FROM TIME =   180.00     TO    190.00    















































  MAXIMUM CONCENTRATION CHANGES FOR EACH ITERATION:
  MAX. CHANGE LAYER,ROW,COL MAX. CHANGE LAYER,ROW,COL MAX. CHANGE LAYER,ROW,COL MAX. CHANGE LAYER,ROW,COL MAX. CHANGE LAYER,ROW,COL
 ------------------------------------------------------------------------------------------------------------------------------------
   0.2255E-02 (  1, 26, 18)  0.2496E-05 (  1, 26, 18)  0.1550E-08 (  1, 27, 41)  0.2462E-11 (  1, 27, 41)
  MAXIMUM CONCENTRATION CHANGES FOR EACH ITERATION:
  MAX. CHANGE LAYER,ROW,COL MAX. CHANGE LAYER,ROW,COL MAX. CHANGE LAYER,ROW,COL MAX. CHANGE LAYER,ROW,COL MAX. CHANGE LAYER,ROW,COL
 ------------------------------------------------------------------------------------------------------------------------------------
   0.5518E-03 (  1, 30, 23)  0.5121E-06 (  1, 26, 32)  0.5526E-09 (  1, 27, 41)  0.7052E-12 (  1, 27, 41)
  MAXIMUM CONCENTRATION CHANGES FOR EACH ITERATION:
  MAX. CHANGE LAYER,ROW,COL MAX. CHANGE LAYER,ROW,COL MAX. CHANGE LAYER,ROW,COL MAX. CHANGE LAYER,ROW,COL MAX. CHANGE LAYER,ROW,COL
 ------------------------------------------------------------------------------------------------------------------------------------
   0.5061E-06 (  1, 26, 24)  0.4990E-09 (  1, 26, 24)  0.6667E-12 (  1, 27, 41)
  MAXIMUM CONCENTRATION CHANGES FOR EACH ITERATION:
  MAX. CHANGE LAYER,ROW,COL MAX. CHANGE LAYER,ROW,COL MAX. CHANGE LAYER,ROW,COL MAX. CHANGE LAYER,ROW,COL MAX. CHANGE LAYER,ROW,COL
 ------------------------------------------------------------------------------------------------------------------------------------
   0.3038E-02 (  1, 26, 18)  0.2618E-05 (  1, 26, 18)  0.1690E-08 (  1, 27, 17)  0.2860E-11 (  1, 27, 41)
  MAXIMUM CONCENTRATION CHANGES FOR EACH ITERATION:
  MAX. CHANGE LAYER,ROW,COL MAX. CHANGE LAYER,ROW,COL MAX. CHANGE LAYER,ROW,COL MAX. CHANGE LAYER,ROW,COL MAX. CHANGE LAYER,ROW,COL
 ------------------------------------------------------------------------------------------------------------------------------------
   0.3777E-02 (  1, 26, 18)  0.3478E-05 (  1, 27, 17)  0.1489E-08 (  1, 17, 13)  0.1177E-11 (  1, 28, 16)
  MAXIMUM CONCENTRATION CHANGES FOR EACH ITERATION:
  MAX. CHANGE LAYER,ROW,COL MAX. CHANGE LAYER,ROW,COL MAX. CHANGE LAYER,ROW,COL MAX. CHANGE LAYER,ROW,COL MAX. CHANGE LAYER,ROW,COL
 ------------------------------------------------------------------------------------------------------------------------------------
    0.000     (  1,  1,  1)
  MAXIMUM CONCENTRATION CHANGES FOR EACH ITERATION:
  MAX. CHANGE LAYER,ROW,COL MAX. CHANGE LAYER,ROW,COL MAX. CHANGE LAYER,ROW,COL MAX. CHANGE LAYER,ROW,COL MAX. CHANGE LAYER,ROW,COL
 ------------------------------------------------------------------------------------------------------------------------------------
    0.000     (  1,  1,  1)
  MAXIMUM CONCENTRATION CHANGES FOR EACH ITERATION:
  MAX. CHANGE LAYER,ROW,COL MAX. CHANGE LAYER,ROW,COL MAX. CHANGE LAYER,ROW,COL MAX. CHANGE LAYER,ROW,COL MAX. CHANGE LAYER,ROW,COL
 ------------------------------------------------------------------------------------------------------------------------------------
   0.5370E-02 (  1, 34, 25)  0.4568E-05 (  1, 13, 13)  0.3206E-08 (  1, 32, 35)  0.2884E-11 (  1, 30, 40)
  MAXIMUM CONCENTRATION CHANGES FOR EACH ITERATION:
  MAX. CHANGE LAYER,ROW,COL MAX. CHANGE LAYER,ROW,COL MAX. CHANGE LAYER,ROW,COL MAX. CHANGE LAYER,ROW,COL MAX. CHANGE LAYER,ROW,COL
 ------------------------------------------------------------------------------------------------------------------------------------
   0.2898E-02 (  1, 30, 23)  0.3050E-05 (  1, 28, 36)  0.3008E-08 (  1, 27, 41)  0.3959E-11 (  1, 27, 41)
  MAXIMUM CONCENTRATION CHANGES FOR EACH ITERATION:
  MAX. CHANGE LAYER,ROW,COL MAX. CHANGE LAYER,ROW,COL MAX. CHANGE LAYER,ROW,COL MAX. CHANGE LAYER,ROW,COL MAX. CHANGE LAYER,ROW,COL
 ------------------------------------------------------------------------------------------------------------------------------------
    0.000     (  1,  1,  1)
  MAXIMUM CONCENTRATION CHANGES FOR EACH ITERATION:
  MAX. CHANGE LAYER,ROW,COL MAX. CHANGE LAYER,ROW,COL MAX. CHANGE LAYER,ROW,COL MAX. CHANGE LAYER,ROW,COL MAX. CHANGE LAYER,ROW,COL
 ------------------------------------------------------------------------------------------------------------------------------------
    0.000     (  1,  1,  1)
  MAXIMUM CONCENTRATION CHANGES FOR EACH ITERATION:
  MAX. CHANGE LAYER,ROW,COL MAX. CHANGE LAYER,ROW,COL MAX. CHANGE LAYER,ROW,COL MAX. CHANGE LAYER,ROW,COL MAX. CHANGE LAYER,ROW,COL
 ------------------------------------------------------------------------------------------------------------------------------------
    0.000     (  1,  1,  1)
  MAXIMUM CONCENTRATION CHANGES FOR EACH ITERATION:
  MAX. CHANGE LAYER,ROW,COL MAX. CHANGE LAYER,ROW,COL MAX. CHANGE LAYER,ROW,COL MAX. CHANGE LAYER,ROW,COL MAX. CHANGE LAYER,ROW,COL
 ------------------------------------------------------------------------------------------------------------------------------------
   0.5687E-02 (  1, 26, 17)  0.5660E-05 (  1, 28, 34)  0.2290E-08 (  1, 28, 16)  0.2354E-11 (  1, 25, 18)
  MAXIMUM CONCENTRATION CHANGES FOR EACH ITERATION:
  MAX. CHANGE LAYER,ROW,COL MAX. CHANGE LAYER,ROW,COL MAX. CHANGE LAYER,ROW,COL MAX. CHANGE LAYER,ROW,COL MAX. CHANGE LAYER,ROW,COL
 ------------------------------------------------------------------------------------------------------------------------------------
   0.1232E-01 (  1, 28, 16)  0.8238E-05 (  1, 27, 17)  0.4228E-08 (  1, 29, 14)  0.2628E-11 (  1, 30, 14)
  MAXIMUM CONCENTRATION CHANGES FOR EACH ITERATION:
  MAX. CHANGE LAYER,ROW,COL MAX. CHANGE LAYER,ROW,COL MAX. CHANGE LAYER,ROW,COL MAX. CHANGE LAYER,ROW,COL MAX. CHANGE LAYER,ROW,COL
 ------------------------------------------------------------------------------------------------------------------------------------
    0.000     (  1,  1,  1)
  MAXIMUM CONCENTRATION CHANGES FOR EACH ITERATION:
  MAX. CHANGE LAYER,ROW,COL MAX. CHANGE LAYER,ROW,COL MAX. CHANGE LAYER,ROW,COL MAX. CHANGE LAYER,ROW,COL MAX. CHANGE LAYER,ROW,COL
 ------------------------------------------------------------------------------------------------------------------------------------
    0.000     (  1,  1,  1)
  MAXIMUM CONCENTRATION CHANGES FOR EACH ITERATION:
  MAX. CHANGE LAYER,ROW,COL MAX. CHANGE LAYER,ROW,COL MAX. CHANGE LAYER,ROW,COL MAX. CHANGE LAYER,ROW,COL MAX. CHANGE LAYER,ROW,COL
 ------------------------------------------------------------------------------------------------------------------------------------
   0.1275E-02 (  1, 26, 18)  0.1404E-05 (  1, 26, 18)  0.9186E-09 (  1, 27, 41)  0.1472E-11 (  1, 27, 41)
  MAXIMUM CONCENTRATION CHANGES FOR EACH ITERATION:
  MAX. CHANGE LAYER,ROW,COL MAX. CHANGE LAYER,ROW,COL MAX. CHANGE LAYER,ROW,COL MAX. CHANGE LAYER,ROW,COL MAX. CHANGE LAYER,ROW,COL
 ------------------------------------------------------------------------------------------------------------------------------------
   0.4585E-02 (  1, 26, 18)  0.4297E-05 (  1, 26, 18)  0.1761E-08 (  1, 27, 21)  0.1603E-11 (  1, 25, 19)
  MAXIMUM CONCENTRATION CHANGES FOR EACH ITERATION:
  MAX. CHANGE LAYER,ROW,COL MAX. CHANGE LAYER,ROW,COL MAX. CHANGE LAYER,ROW,COL MAX. CHANGE LAYER,ROW,COL MAX. CHANGE LAYER,ROW,COL
 ------------------------------------------------------------------------------------------------------------------------------------
   0.5149E-02 (  1, 27, 37)  0.6457E-05 (  1, 28, 36)  0.5695E-08 (  1, 27, 41)  0.8242E-11 (  1, 27, 41)
  MAXIMUM CONCENTRATION CHANGES FOR EACH ITERATION:
  MAX. CHANGE LAYER,ROW,COL MAX. CHANGE LAYER,ROW,COL MAX. CHANGE LAYER,ROW,COL MAX. CHANGE LAYER,ROW,COL MAX. CHANGE LAYER,ROW,COL
 ------------------------------------------------------------------------------------------------------------------------------------
   0.1167E-01 (  1, 28, 16)  0.7684E-05 (  1, 27, 17)  0.3762E-08 (  1, 30, 14)  0.2261E-11 (  1, 31, 13)
  MAXIMUM CONCENTRATION CHANGES FOR EACH ITERATION:
  MAX. CHANGE LAYER,ROW,COL MAX. CHANGE LAYER,ROW,COL MAX. CHANGE LAYER,ROW,COL MAX. CHANGE LAYER,ROW,COL MAX. CHANGE LAYER,ROW,COL
 ------------------------------------------------------------------------------------------------------------------------------------
   0.1296E-01 (  1, 34, 30)  0.1360E-04 (  1, 32, 37)  0.1141E-07 (  1, 31, 38)  0.1159E-10 (  1, 27, 41)  0.1561E-13 (  1, 28, 40)
  MAXIMUM CONCENTRATION CHANGES FOR EACH ITERATION:
  MAX. CHANGE LAYER,ROW,COL MAX. CHANGE LAYER,ROW,COL MAX. CHANGE LAYER,ROW,COL MAX. CHANGE LAYER,ROW,COL MAX. CHANGE LAYER,ROW,COL
 ------------------------------------------------------------------------------------------------------------------------------------
   0.3162E-01 (  1, 15, 25)  0.1533E-04 (  1, 34, 32)  0.9795E-08 (  1, 32, 26)  0.6679E-11 (  1, 31, 27)
  MAXIMUM CONCENTRATION CHANGES FOR EACH ITERATION:
  MAX. CHANGE LAYER,ROW,COL MAX. CHANGE LAYER,ROW,COL MAX. CHANGE LAYER,ROW,COL MAX. CHANGE LAYER,ROW,COL MAX. CHANGE LAYER,ROW,COL
 ------------------------------------------------------------------------------------------------------------------------------------
   0.1296E-01 (  1, 34, 30)  0.1360E-04 (  1, 32, 37)  0.1141E-07 (  1, 31, 38)  0.1159E-10 (  1, 27, 41)  0.1565E-13 (  1, 28, 40)


                                          ================================================
                                                         TIME STEP NO.  020
                                          ================================================

 FROM TIME =   190.00     TO    200.00    















































  MAXIMUM CONCENTRATION CHANGES FOR EACH ITERATION:
  MAX. CHANGE LAYER,ROW,COL MAX. CHANGE LAYER,ROW,COL MAX. CHANGE LAYER,ROW,COL MAX. CHANGE LAYER,ROW,COL MAX. CHANGE LAYER,ROW,COL
 ------------------------------------------------------------------------------------------------------------------------------------
   0.2286E-02 (  1, 26, 18)  0.2530E-05 (  1, 26, 18)  0.1834E-08 (  1, 27, 41)  0.2774E-11 (  1, 27, 41)
  MAXIMUM CONCENTRATION CHANGES FOR EACH ITERATION:
  MAX. CHANGE LAYER,ROW,COL MAX. CHANGE LAYER,ROW,COL MAX. CHANGE LAYER,ROW,COL MAX. CHANGE LAYER,ROW,COL MAX. CHANGE LAYER,ROW,COL
 ------------------------------------------------------------------------------------------------------------------------------------
   0.5436E-03 (  1, 30, 23)  0.5339E-06 (  1, 26, 17)  0.7037E-09 (  1, 27, 41)  0.8256E-12 (  1, 27, 41)
  MAXIMUM CONCENTRATION CHANGES FOR EACH ITERATION:
  MAX. CHANGE LAYER,ROW,COL MAX. CHANGE LAYER,ROW,COL MAX. CHANGE LAYER,ROW,COL MAX. CHANGE LAYER,ROW,COL MAX. CHANGE LAYER,ROW,COL
 ------------------------------------------------------------------------------------------------------------------------------------
   0.4742E-06 (  1, 26, 24)  0.4493E-09 (  1, 26, 24)  0.6271E-12 (  1, 27, 41)
  MAXIMUM CONCENTRATION CHANGES FOR EACH ITERATION:
  MAX. CHANGE LAYER,ROW,COL MAX. CHANGE LAYER,ROW,COL MAX. CHANGE LAYER,ROW,COL MAX. CHANGE LAYER,ROW,COL MAX. CHANGE LAYER,ROW,COL
 ------------------------------------------------------------------------------------------------------------------------------------
   0.3036E-02 (  1, 26, 18)  0.2663E-05 (  1, 26, 18)  0.1932E-08 (  1, 27, 41)  0.3223E-11 (  1, 27, 41)
  MAXIMUM CONCENTRATION CHANGES FOR EACH ITERATION:
  MAX. CHANGE LAYER,ROW,COL MAX. CHANGE LAYER,ROW,COL MAX. CHANGE LAYER,ROW,COL MAX. CHANGE LAYER,ROW,COL MAX. CHANGE LAYER,ROW,COL
 ------------------------------------------------------------------------------------------------------------------------------------
   0.3775E-02 (  1, 26, 18)  0.3477E-05 (  1, 27, 17)  0.1490E-08 (  1, 17, 13)  0.1185E-11 (  1, 28, 16)
  MAXIMUM CONCENTRATION CHANGES FOR EACH ITERATION:
  MAX. CHANGE LAYER,ROW,COL MAX. CHANGE LAYER,ROW,COL MAX. CHANGE LAYER,ROW,COL MAX. CHANGE LAYER,ROW,COL MAX. CHANGE LAYER,ROW,COL
 ------------------------------------------------------------------------------------------------------------------------------------
    0.000     (  1,  1,  1)
  MAXIMUM CONCENTRATION CHANGES FOR EACH ITERATION:
  MAX. CHANGE LAYER,ROW,COL MAX. CHANGE LAYER,ROW,COL MAX. CHANGE LAYER,ROW,COL MAX. CHANGE LAYER,ROW,COL MAX. CHANGE LAYER,ROW,COL
 ------------------------------------------------------------------------------------------------------------------------------------
    0.000     (  1,  1,  1)
  MAXIMUM CONCENTRATION CHANGES FOR EACH ITERATION:
  MAX. CHANGE LAYER,ROW,COL MAX. CHANGE LAYER,ROW,COL MAX. CHANGE LAYER,ROW,COL MAX. CHANGE LAYER,ROW,COL MAX. CHANGE LAYER,ROW,COL
 ------------------------------------------------------------------------------------------------------------------------------------
   0.5294E-02 (  1, 34, 24)  0.4547E-05 (  1, 13, 13)  0.3147E-08 (  1, 32, 37)  0.2806E-11 (  1, 31, 38)
  MAXIMUM CONCENTRATION CHANGES FOR EACH ITERATION:
  MAX. CHANGE LAYER,ROW,COL MAX. CHANGE LAYER,ROW,COL MAX. CHANGE LAYER,ROW,COL MAX. CHANGE LAYER,ROW,COL MAX. CHANGE LAYER,ROW,COL
 ------------------------------------------------------------------------------------------------------------------------------------
   0.2896E-02 (  1, 30, 23)  0.3093E-05 (  1, 28, 38)  0.3837E-08 (  1, 27, 41)  0.4461E-11 (  1, 27, 41)
  MAXIMUM CONCENTRATION CHANGES FOR EACH ITERATION:
  MAX. CHANGE LAYER,ROW,COL MAX. CHANGE LAYER,ROW,COL MAX. CHANGE LAYER,ROW,COL MAX. CHANGE LAYER,ROW,COL MAX. CHANGE LAYER,ROW,COL
 ------------------------------------------------------------------------------------------------------------------------------------
    0.000     (  1,  1,  1)
  MAXIMUM CONCENTRATION CHANGES FOR EACH ITERATION:
  MAX. CHANGE LAYER,ROW,COL MAX. CHANGE LAYER,ROW,COL MAX. CHANGE LAYER,ROW,COL MAX. CHANGE LAYER,ROW,COL MAX. CHANGE LAYER,ROW,COL
 ------------------------------------------------------------------------------------------------------------------------------------
    0.000     (  1,  1,  1)
  MAXIMUM CONCENTRATION CHANGES FOR EACH ITERATION:
  MAX. CHANGE LAYER,ROW,COL MAX. CHANGE LAYER,ROW,COL MAX. CHANGE LAYER,ROW,COL MAX. CHANGE LAYER,ROW,COL MAX. CHANGE LAYER,ROW,COL
 ------------------------------------------------------------------------------------------------------------------------------------
    0.000     (  1,  1,  1)
  MAXIMUM CONCENTRATION CHANGES FOR EACH ITERATION:
  MAX. CHANGE LAYER,ROW,COL MAX. CHANGE LAYER,ROW,COL MAX. CHANGE LAYER,ROW,COL MAX. CHANGE LAYER,ROW,COL MAX. CHANGE LAYER,ROW,COL
 ------------------------------------------------------------------------------------------------------------------------------------
   0.5770E-02 (  1, 26, 17)  0.5475E-05 (  1, 28, 35)  0.2109E-08 (  1, 28, 16)  0.3263E-11 (  1, 27, 41)
  MAXIMUM CONCENTRATION CHANGES FOR EACH ITERATION:
  MAX. CHANGE LAYER,ROW,COL MAX. CHANGE LAYER,ROW,COL MAX. CHANGE LAYER,ROW,COL MAX. CHANGE LAYER,ROW,COL MAX. CHANGE LAYER,ROW,COL
 ------------------------------------------------------------------------------------------------------------------------------------
   0.1097E-01 (  1, 28, 17)  0.6649E-05 (  1, 27, 18)  0.3914E-08 (  1, 27, 20)  0.2587E-11 (  1, 31, 14)
  MAXIMUM CONCENTRATION CHANGES FOR EACH ITERATION:
  MAX. CHANGE LAYER,ROW,COL MAX. CHANGE LAYER,ROW,COL MAX. CHANGE LAYER,ROW,COL MAX. CHANGE LAYER,ROW,COL MAX. CHANGE LAYER,ROW,COL
 ------------------------------------------------------------------------------------------------------------------------------------
    0.000     (  1,  1,  1)
  MAXIMUM CONCENTRATION CHANGES FOR EACH ITERATION:
  MAX. CHANGE LAYER,ROW,COL MAX. CHANGE LAYER,ROW,COL MAX. CHANGE LAYER,ROW,COL MAX. CHANGE LAYER,ROW,COL MAX. CHANGE LAYER,ROW,COL
 ------------------------------------------------------------------------------------------------------------------------------------
    0.000     (  1,  1,  1)
  MAXIMUM CONCENTRATION CHANGES FOR EACH ITERATION:
  MAX. CHANGE LAYER,ROW,COL MAX. CHANGE LAYER,ROW,COL MAX. CHANGE LAYER,ROW,COL MAX. CHANGE LAYER,ROW,COL MAX. CHANGE LAYER,ROW,COL
 ------------------------------------------------------------------------------------------------------------------------------------
   0.1284E-02 (  1, 26, 19)  0.1440E-05 (  1, 26, 19)  0.1119E-08 (  1, 27, 41)  0.1692E-11 (  1, 27, 41)
  MAXIMUM CONCENTRATION CHANGES FOR EACH ITERATION:
  MAX. CHANGE LAYER,ROW,COL MAX. CHANGE LAYER,ROW,COL MAX. CHANGE LAYER,ROW,COL MAX. CHANGE LAYER,ROW,COL MAX. CHANGE LAYER,ROW,COL
 ------------------------------------------------------------------------------------------------------------------------------------
   0.4467E-02 (  1, 26, 18)  0.4361E-05 (  1, 26, 18)  0.1708E-08 (  1, 27, 21)  0.1614E-11 (  1, 25, 19)
  MAXIMUM CONCENTRATION CHANGES FOR EACH ITERATION:
  MAX. CHANGE LAYER,ROW,COL MAX. CHANGE LAYER,ROW,COL MAX. CHANGE LAYER,ROW,COL MAX. CHANGE LAYER,ROW,COL MAX. CHANGE LAYER,ROW,COL
 ------------------------------------------------------------------------------------------------------------------------------------
   0.5067E-02 (  1, 27, 39)  0.6534E-05 (  1, 28, 38)  0.7277E-08 (  1, 27, 41)  0.9413E-11 (  1, 27, 41)
  MAXIMUM CONCENTRATION CHANGES FOR EACH ITERATION:
  MAX. CHANGE LAYER,ROW,COL MAX. CHANGE LAYER,ROW,COL MAX. CHANGE LAYER,ROW,COL MAX. CHANGE LAYER,ROW,COL MAX. CHANGE LAYER,ROW,COL
 ------------------------------------------------------------------------------------------------------------------------------------
   0.1068E-01 (  1, 28, 16)  0.6960E-05 (  1, 27, 17)  0.3250E-08 (  1, 30, 14)  0.2151E-11 (  1, 29, 15)
  MAXIMUM CONCENTRATION CHANGES FOR EACH ITERATION:
  MAX. CHANGE LAYER,ROW,COL MAX. CHANGE LAYER,ROW,COL MAX. CHANGE LAYER,ROW,COL MAX. CHANGE LAYER,ROW,COL MAX. CHANGE LAYER,ROW,COL
 ------------------------------------------------------------------------------------------------------------------------------------
   0.1295E-01 (  1, 34, 22)  0.1320E-04 (  1, 33, 33)  0.1073E-07 (  1, 31, 39)  0.1026E-10 (  1, 30, 40)  0.1061E-13 (  1, 29, 40)
  MAXIMUM CONCENTRATION CHANGES FOR EACH ITERATION:
  MAX. CHANGE LAYER,ROW,COL MAX. CHANGE LAYER,ROW,COL MAX. CHANGE LAYER,ROW,COL MAX. CHANGE LAYER,ROW,COL MAX. CHANGE LAYER,ROW,COL
 ------------------------------------------------------------------------------------------------------------------------------------
   0.3202E-01 (  1, 14, 23)  0.1453E-04 (  1, 14, 23)  0.9596E-08 (  1, 32, 36)  0.7203E-11 (  1, 27, 41)
  MAXIMUM CONCENTRATION CHANGES FOR EACH ITERATION:
  MAX. CHANGE LAYER,ROW,COL MAX. CHANGE LAYER,ROW,COL MAX. CHANGE LAYER,ROW,COL MAX. CHANGE LAYER,ROW,COL MAX. CHANGE LAYER,ROW,COL
 ------------------------------------------------------------------------------------------------------------------------------------
   0.1295E-01 (  1, 34, 22)  0.1320E-04 (  1, 33, 33)  0.1073E-07 (  1, 31, 39)  0.1026E-10 (  1, 30, 40)  0.1066E-13 (  1, 29, 40)


                                          ================================================
                                                         TIME STEP NO.  021
                                          ================================================

 FROM TIME =   200.00     TO    210.00    















































  MAXIMUM CONCENTRATION CHANGES FOR EACH ITERATION:
  MAX. CHANGE LAYER,ROW,COL MAX. CHANGE LAYER,ROW,COL MAX. CHANGE LAYER,ROW,COL MAX. CHANGE LAYER,ROW,COL MAX. CHANGE LAYER,ROW,COL
 ------------------------------------------------------------------------------------------------------------------------------------
   0.2304E-02 (  1, 26, 18)  0.2530E-05 (  1, 26, 18)  0.2098E-08 (  1, 27, 41)  0.3029E-11 (  1, 27, 41)
  MAXIMUM CONCENTRATION CHANGES FOR EACH ITERATION:
  MAX. CHANGE LAYER,ROW,COL MAX. CHANGE LAYER,ROW,COL MAX. CHANGE LAYER,ROW,COL MAX. CHANGE LAYER,ROW,COL MAX. CHANGE LAYER,ROW,COL
 ------------------------------------------------------------------------------------------------------------------------------------
   0.5355E-03 (  1, 30, 22)  0.5618E-06 (  1, 26, 17)  0.8533E-09 (  1, 27, 41)  0.9250E-12 (  1, 27, 41)
  MAXIMUM CONCENTRATION CHANGES FOR EACH ITERATION:
  MAX. CHANGE LAYER,ROW,COL MAX. CHANGE LAYER,ROW,COL MAX. CHANGE LAYER,ROW,COL MAX. CHANGE LAYER,ROW,COL MAX. CHANGE LAYER,ROW,COL
 ------------------------------------------------------------------------------------------------------------------------------------
   0.4444E-06 (  1, 26, 25)  0.4017E-09 (  1, 26, 25)  0.5599E-12 (  1, 27, 41)
  MAXIMUM CONCENTRATION CHANGES FOR EACH ITERATION:
  MAX. CHANGE LAYER,ROW,COL MAX. CHANGE LAYER,ROW,COL MAX. CHANGE LAYER,ROW,COL MAX. CHANGE LAYER,ROW,COL MAX. CHANGE LAYER,ROW,COL
 ------------------------------------------------------------------------------------------------------------------------------------
   0.3034E-02 (  1, 26, 18)  0.2695E-05 (  1, 26, 18)  0.2155E-08 (  1, 27, 41)  0.3497E-11 (  1, 27, 41)
  MAXIMUM CONCENTRATION CHANGES FOR EACH ITERATION:
  MAX. CHANGE LAYER,ROW,COL MAX. CHANGE LAYER,ROW,COL MAX. CHANGE LAYER,ROW,COL MAX. CHANGE LAYER,ROW,COL MAX. CHANGE LAYER,ROW,COL
 ------------------------------------------------------------------------------------------------------------------------------------
   0.3772E-02 (  1, 26, 18)  0.3476E-05 (  1, 27, 17)  0.1491E-08 (  1, 17, 13)  0.1191E-11 (  1, 28, 16)
  MAXIMUM CONCENTRATION CHANGES FOR EACH ITERATION:
  MAX. CHANGE LAYER,ROW,COL MAX. CHANGE LAYER,ROW,COL MAX. CHANGE LAYER,ROW,COL MAX. CHANGE LAYER,ROW,COL MAX. CHANGE LAYER,ROW,COL
 ------------------------------------------------------------------------------------------------------------------------------------
    0.000     (  1,  1,  1)
  MAXIMUM CONCENTRATION CHANGES FOR EACH ITERATION:
  MAX. CHANGE LAYER,ROW,COL MAX. CHANGE LAYER,ROW,COL MAX. CHANGE LAYER,ROW,COL MAX. CHANGE LAYER,ROW,COL MAX. CHANGE LAYER,ROW,COL
 ------------------------------------------------------------------------------------------------------------------------------------
    0.000     (  1,  1,  1)
  MAXIMUM CONCENTRATION CHANGES FOR EACH ITERATION:
  MAX. CHANGE LAYER,ROW,COL MAX. CHANGE LAYER,ROW,COL MAX. CHANGE LAYER,ROW,COL MAX. CHANGE LAYER,ROW,COL MAX. CHANGE LAYER,ROW,COL
 ------------------------------------------------------------------------------------------------------------------------------------
   0.5249E-02 (  1, 34, 24)  0.4540E-05 (  1, 13, 13)  0.2969E-08 (  1, 32, 38)  0.2615E-11 (  1, 31, 39)
  MAXIMUM CONCENTRATION CHANGES FOR EACH ITERATION:
  MAX. CHANGE LAYER,ROW,COL MAX. CHANGE LAYER,ROW,COL MAX. CHANGE LAYER,ROW,COL MAX. CHANGE LAYER,ROW,COL MAX. CHANGE LAYER,ROW,COL
 ------------------------------------------------------------------------------------------------------------------------------------
   0.2856E-02 (  1, 30, 23)  0.3115E-05 (  1, 28, 39)  0.4725E-08 (  1, 27, 41)  0.4793E-11 (  1, 27, 41)
  MAXIMUM CONCENTRATION CHANGES FOR EACH ITERATION:
  MAX. CHANGE LAYER,ROW,COL MAX. CHANGE LAYER,ROW,COL MAX. CHANGE LAYER,ROW,COL MAX. CHANGE LAYER,ROW,COL MAX. CHANGE LAYER,ROW,COL
 ------------------------------------------------------------------------------------------------------------------------------------
    0.000     (  1,  1,  1)
  MAXIMUM CONCENTRATION CHANGES FOR EACH ITERATION:
  MAX. CHANGE LAYER,ROW,COL MAX. CHANGE LAYER,ROW,COL MAX. CHANGE LAYER,ROW,COL MAX. CHANGE LAYER,ROW,COL MAX. CHANGE LAYER,ROW,COL
 ------------------------------------------------------------------------------------------------------------------------------------
    0.000     (  1,  1,  1)
  MAXIMUM CONCENTRATION CHANGES FOR EACH ITERATION:
  MAX. CHANGE LAYER,ROW,COL MAX. CHANGE LAYER,ROW,COL MAX. CHANGE LAYER,ROW,COL MAX. CHANGE LAYER,ROW,COL MAX. CHANGE LAYER,ROW,COL
 ------------------------------------------------------------------------------------------------------------------------------------
    0.000     (  1,  1,  1)
  MAXIMUM CONCENTRATION CHANGES FOR EACH ITERATION:
  MAX. CHANGE LAYER,ROW,COL MAX. CHANGE LAYER,ROW,COL MAX. CHANGE LAYER,ROW,COL MAX. CHANGE LAYER,ROW,COL MAX. CHANGE LAYER,ROW,COL
 ------------------------------------------------------------------------------------------------------------------------------------
   0.5673E-02 (  1, 26, 17)  0.5374E-05 (  1, 26, 17)  0.2189E-08 (  1, 28, 16)  0.3803E-11 (  1, 27, 41)
  MAXIMUM CONCENTRATION CHANGES FOR EACH ITERATION:
  MAX. CHANGE LAYER,ROW,COL MAX. CHANGE LAYER,ROW,COL MAX. CHANGE LAYER,ROW,COL MAX. CHANGE LAYER,ROW,COL MAX. CHANGE LAYER,ROW,COL
 ------------------------------------------------------------------------------------------------------------------------------------
   0.1257E-01 (  1, 29, 18)  0.7112E-05 (  1, 28, 18)  0.5805E-08 (  1, 27, 20)  0.3734E-11 (  1, 27, 41)
  MAXIMUM CONCENTRATION CHANGES FOR EACH ITERATION:
  MAX. CHANGE LAYER,ROW,COL MAX. CHANGE LAYER,ROW,COL MAX. CHANGE LAYER,ROW,COL MAX. CHANGE LAYER,ROW,COL MAX. CHANGE LAYER,ROW,COL
 ------------------------------------------------------------------------------------------------------------------------------------
    0.000     (  1,  1,  1)
  MAXIMUM CONCENTRATION CHANGES FOR EACH ITERATION:
  MAX. CHANGE LAYER,ROW,COL MAX. CHANGE LAYER,ROW,COL MAX. CHANGE LAYER,ROW,COL MAX. CHANGE LAYER,ROW,COL MAX. CHANGE LAYER,ROW,COL
 ------------------------------------------------------------------------------------------------------------------------------------
    0.000     (  1,  1,  1)
  MAXIMUM CONCENTRATION CHANGES FOR EACH ITERATION:
  MAX. CHANGE LAYER,ROW,COL MAX. CHANGE LAYER,ROW,COL MAX. CHANGE LAYER,ROW,COL MAX. CHANGE LAYER,ROW,COL MAX. CHANGE LAYER,ROW,COL
 ------------------------------------------------------------------------------------------------------------------------------------
   0.1305E-02 (  1, 26, 19)  0.1467E-05 (  1, 26, 19)  0.1315E-08 (  1, 27, 41)  0.1881E-11 (  1, 27, 41)
  MAXIMUM CONCENTRATION CHANGES FOR EACH ITERATION:
  MAX. CHANGE LAYER,ROW,COL MAX. CHANGE LAYER,ROW,COL MAX. CHANGE LAYER,ROW,COL MAX. CHANGE LAYER,ROW,COL MAX. CHANGE LAYER,ROW,COL
 ------------------------------------------------------------------------------------------------------------------------------------
   0.4367E-02 (  1, 26, 18)  0.4420E-05 (  1, 26, 18)  0.1660E-08 (  1, 27, 21)  0.1713E-11 (  1, 27, 41)
  MAXIMUM CONCENTRATION CHANGES FOR EACH ITERATION:
  MAX. CHANGE LAYER,ROW,COL MAX. CHANGE LAYER,ROW,COL MAX. CHANGE LAYER,ROW,COL MAX. CHANGE LAYER,ROW,COL MAX. CHANGE LAYER,ROW,COL
 ------------------------------------------------------------------------------------------------------------------------------------
   0.4835E-02 (  1, 27, 40)  0.6645E-05 (  1, 28, 39)  0.8973E-08 (  1, 27, 41)  0.1022E-10 (  1, 27, 41)  0.8937E-14 (  1, 27, 41)
  MAXIMUM CONCENTRATION CHANGES FOR EACH ITERATION:
  MAX. CHANGE LAYER,ROW,COL MAX. CHANGE LAYER,ROW,COL MAX. CHANGE LAYER,ROW,COL MAX. CHANGE LAYER,ROW,COL MAX. CHANGE LAYER,ROW,COL
 ------------------------------------------------------------------------------------------------------------------------------------
   0.9653E-02 (  1, 28, 17)  0.6105E-05 (  1, 27, 17)  0.2857E-08 (  1, 26, 16)  0.1957E-11 (  1, 31, 14)
  MAXIMUM CONCENTRATION CHANGES FOR EACH ITERATION:
  MAX. CHANGE LAYER,ROW,COL MAX. CHANGE LAYER,ROW,COL MAX. CHANGE LAYER,ROW,COL MAX. CHANGE LAYER,ROW,COL MAX. CHANGE LAYER,ROW,COL
 ------------------------------------------------------------------------------------------------------------------------------------
   0.1295E-01 (  1, 34, 22)  0.1391E-04 (  1, 33, 35)  0.1075E-07 (  1, 32, 36)  0.8990E-11 (  1, 31, 37)
  MAXIMUM CONCENTRATION CHANGES FOR EACH ITERATION:
  MAX. CHANGE LAYER,ROW,COL MAX. CHANGE LAYER,ROW,COL MAX. CHANGE LAYER,ROW,COL MAX. CHANGE LAYER,ROW,COL MAX. CHANGE LAYER,ROW,COL
 ------------------------------------------------------------------------------------------------------------------------------------
   0.3269E-01 (  1, 16, 29)  0.1226E-04 (  1, 27, 47)  0.5027E-08 (  1, 30, 45)  0.3316E-11 (  1, 29, 43)
  MAXIMUM CONCENTRATION CHANGES FOR EACH ITERATION:
  MAX. CHANGE LAYER,ROW,COL MAX. CHANGE LAYER,ROW,COL MAX. CHANGE LAYER,ROW,COL MAX. CHANGE LAYER,ROW,COL MAX. CHANGE LAYER,ROW,COL
 ------------------------------------------------------------------------------------------------------------------------------------
   0.1295E-01 (  1, 34, 22)  0.1391E-04 (  1, 33, 35)  0.1075E-07 (  1, 32, 36)  0.8990E-11 (  1, 31, 37)


                                          ================================================
                                                         TIME STEP NO.  022
                                          ================================================

 FROM TIME =   210.00     TO    220.00    















































  MAXIMUM CONCENTRATION CHANGES FOR EACH ITERATION:
  MAX. CHANGE LAYER,ROW,COL MAX. CHANGE LAYER,ROW,COL MAX. CHANGE LAYER,ROW,COL MAX. CHANGE LAYER,ROW,COL MAX. CHANGE LAYER,ROW,COL
 ------------------------------------------------------------------------------------------------------------------------------------
   0.2330E-02 (  1, 26, 18)  0.2530E-05 (  1, 26, 18)  0.2283E-08 (  1, 27, 41)  0.3192E-11 (  1, 27, 41)
  MAXIMUM CONCENTRATION CHANGES FOR EACH ITERATION:
  MAX. CHANGE LAYER,ROW,COL MAX. CHANGE LAYER,ROW,COL MAX. CHANGE LAYER,ROW,COL MAX. CHANGE LAYER,ROW,COL MAX. CHANGE LAYER,ROW,COL
 ------------------------------------------------------------------------------------------------------------------------------------
   0.5324E-03 (  1, 30, 22)  0.5882E-06 (  1, 26, 17)  0.8902E-09 (  1, 27, 41)  0.9746E-12 (  1, 27, 41)
  MAXIMUM CONCENTRATION CHANGES FOR EACH ITERATION:
  MAX. CHANGE LAYER,ROW,COL MAX. CHANGE LAYER,ROW,COL MAX. CHANGE LAYER,ROW,COL MAX. CHANGE LAYER,ROW,COL MAX. CHANGE LAYER,ROW,COL
 ------------------------------------------------------------------------------------------------------------------------------------
   0.4115E-06 (  1, 26, 26)  0.3626E-09 (  1, 26, 25)  0.4685E-12 (  1, 27, 41)
  MAXIMUM CONCENTRATION CHANGES FOR EACH ITERATION:
  MAX. CHANGE LAYER,ROW,COL MAX. CHANGE LAYER,ROW,COL MAX. CHANGE LAYER,ROW,COL MAX. CHANGE LAYER,ROW,COL MAX. CHANGE LAYER,ROW,COL
 ------------------------------------------------------------------------------------------------------------------------------------
   0.3032E-02 (  1, 26, 18)  0.2714E-05 (  1, 26, 18)  0.2326E-08 (  1, 27, 41)  0.3690E-11 (  1, 27, 41)
  MAXIMUM CONCENTRATION CHANGES FOR EACH ITERATION:
  MAX. CHANGE LAYER,ROW,COL MAX. CHANGE LAYER,ROW,COL MAX. CHANGE LAYER,ROW,COL MAX. CHANGE LAYER,ROW,COL MAX. CHANGE LAYER,ROW,COL
 ------------------------------------------------------------------------------------------------------------------------------------
   0.3770E-02 (  1, 26, 18)  0.3477E-05 (  1, 27, 17)  0.1492E-08 (  1, 17, 13)  0.1194E-11 (  1, 28, 16)
  MAXIMUM CONCENTRATION CHANGES FOR EACH ITERATION:
  MAX. CHANGE LAYER,ROW,COL MAX. CHANGE LAYER,ROW,COL MAX. CHANGE LAYER,ROW,COL MAX. CHANGE LAYER,ROW,COL MAX. CHANGE LAYER,ROW,COL
 ------------------------------------------------------------------------------------------------------------------------------------
    0.000     (  1,  1,  1)
  MAXIMUM CONCENTRATION CHANGES FOR EACH ITERATION:
  MAX. CHANGE LAYER,ROW,COL MAX. CHANGE LAYER,ROW,COL MAX. CHANGE LAYER,ROW,COL MAX. CHANGE LAYER,ROW,COL MAX. CHANGE LAYER,ROW,COL
 ------------------------------------------------------------------------------------------------------------------------------------
    0.000     (  1,  1,  1)
  MAXIMUM CONCENTRATION CHANGES FOR EACH ITERATION:
  MAX. CHANGE LAYER,ROW,COL MAX. CHANGE LAYER,ROW,COL MAX. CHANGE LAYER,ROW,COL MAX. CHANGE LAYER,ROW,COL MAX. CHANGE LAYER,ROW,COL
 ------------------------------------------------------------------------------------------------------------------------------------
   0.5215E-02 (  1, 34, 24)  0.4539E-05 (  1, 13, 13)  0.2673E-08 (  1, 13, 13)  0.2245E-11 (  1, 31, 39)
  MAXIMUM CONCENTRATION CHANGES FOR EACH ITERATION:
  MAX. CHANGE LAYER,ROW,COL MAX. CHANGE LAYER,ROW,COL MAX. CHANGE LAYER,ROW,COL MAX. CHANGE LAYER,ROW,COL MAX. CHANGE LAYER,ROW,COL
 ------------------------------------------------------------------------------------------------------------------------------------
   0.2898E-02 (  1, 30, 22)  0.2955E-05 (  1, 27, 41)  0.5163E-08 (  1, 27, 41)  0.4830E-11 (  1, 27, 41)
  MAXIMUM CONCENTRATION CHANGES FOR EACH ITERATION:
  MAX. CHANGE LAYER,ROW,COL MAX. CHANGE LAYER,ROW,COL MAX. CHANGE LAYER,ROW,COL MAX. CHANGE LAYER,ROW,COL MAX. CHANGE LAYER,ROW,COL
 ------------------------------------------------------------------------------------------------------------------------------------
    0.000     (  1,  1,  1)
  MAXIMUM CONCENTRATION CHANGES FOR EACH ITERATION:
  MAX. CHANGE LAYER,ROW,COL MAX. CHANGE LAYER,ROW,COL MAX. CHANGE LAYER,ROW,COL MAX. CHANGE LAYER,ROW,COL MAX. CHANGE LAYER,ROW,COL
 ------------------------------------------------------------------------------------------------------------------------------------
    0.000     (  1,  1,  1)
  MAXIMUM CONCENTRATION CHANGES FOR EACH ITERATION:
  MAX. CHANGE LAYER,ROW,COL MAX. CHANGE LAYER,ROW,COL MAX. CHANGE LAYER,ROW,COL MAX. CHANGE LAYER,ROW,COL MAX. CHANGE LAYER,ROW,COL
 ------------------------------------------------------------------------------------------------------------------------------------
    0.000     (  1,  1,  1)
  MAXIMUM CONCENTRATION CHANGES FOR EACH ITERATION:
  MAX. CHANGE LAYER,ROW,COL MAX. CHANGE LAYER,ROW,COL MAX. CHANGE LAYER,ROW,COL MAX. CHANGE LAYER,ROW,COL MAX. CHANGE LAYER,ROW,COL
 ------------------------------------------------------------------------------------------------------------------------------------
   0.6386E-02 (  1, 26, 18)  0.6177E-05 (  1, 26, 18)  0.2641E-08 (  1, 26, 18)  0.2482E-11 (  1, 25, 19)
  MAXIMUM CONCENTRATION CHANGES FOR EACH ITERATION:
  MAX. CHANGE LAYER,ROW,COL MAX. CHANGE LAYER,ROW,COL MAX. CHANGE LAYER,ROW,COL MAX. CHANGE LAYER,ROW,COL MAX. CHANGE LAYER,ROW,COL
 ------------------------------------------------------------------------------------------------------------------------------------
   0.1117E-01 (  1, 29, 18)  0.8728E-05 (  1, 28, 18)  0.5579E-08 (  1, 27, 20)  0.4325E-11 (  1, 27, 41)
  MAXIMUM CONCENTRATION CHANGES FOR EACH ITERATION:
  MAX. CHANGE LAYER,ROW,COL MAX. CHANGE LAYER,ROW,COL MAX. CHANGE LAYER,ROW,COL MAX. CHANGE LAYER,ROW,COL MAX. CHANGE LAYER,ROW,COL
 ------------------------------------------------------------------------------------------------------------------------------------
    0.000     (  1,  1,  1)
  MAXIMUM CONCENTRATION CHANGES FOR EACH ITERATION:
  MAX. CHANGE LAYER,ROW,COL MAX. CHANGE LAYER,ROW,COL MAX. CHANGE LAYER,ROW,COL MAX. CHANGE LAYER,ROW,COL MAX. CHANGE LAYER,ROW,COL
 ------------------------------------------------------------------------------------------------------------------------------------
    0.000     (  1,  1,  1)
  MAXIMUM CONCENTRATION CHANGES FOR EACH ITERATION:
  MAX. CHANGE LAYER,ROW,COL MAX. CHANGE LAYER,ROW,COL MAX. CHANGE LAYER,ROW,COL MAX. CHANGE LAYER,ROW,COL MAX. CHANGE LAYER,ROW,COL
 ------------------------------------------------------------------------------------------------------------------------------------
   0.1305E-02 (  1, 26, 19)  0.1451E-05 (  1, 26, 19)  0.1450E-08 (  1, 27, 41)  0.1992E-11 (  1, 27, 41)
  MAXIMUM CONCENTRATION CHANGES FOR EACH ITERATION:
  MAX. CHANGE LAYER,ROW,COL MAX. CHANGE LAYER,ROW,COL MAX. CHANGE LAYER,ROW,COL MAX. CHANGE LAYER,ROW,COL MAX. CHANGE LAYER,ROW,COL
 ------------------------------------------------------------------------------------------------------------------------------------
   0.4267E-02 (  1, 26, 18)  0.4461E-05 (  1, 26, 18)  0.1628E-08 (  1, 27, 21)  0.1662E-11 (  1, 27, 41)
  MAXIMUM CONCENTRATION CHANGES FOR EACH ITERATION:
  MAX. CHANGE LAYER,ROW,COL MAX. CHANGE LAYER,ROW,COL MAX. CHANGE LAYER,ROW,COL MAX. CHANGE LAYER,ROW,COL MAX. CHANGE LAYER,ROW,COL
 ------------------------------------------------------------------------------------------------------------------------------------
   0.4777E-02 (  1, 30, 22)  0.6437E-05 (  1, 27, 41)  0.9932E-08 (  1, 27, 41)  0.1046E-10 (  1, 27, 41)  0.8549E-14 (  1, 27, 41)
  MAXIMUM CONCENTRATION CHANGES FOR EACH ITERATION:
  MAX. CHANGE LAYER,ROW,COL MAX. CHANGE LAYER,ROW,COL MAX. CHANGE LAYER,ROW,COL MAX. CHANGE LAYER,ROW,COL MAX. CHANGE LAYER,ROW,COL
 ------------------------------------------------------------------------------------------------------------------------------------
   0.8615E-02 (  1, 28, 17)  0.5348E-05 (  1, 27, 17)  0.3484E-08 (  1, 27, 20)  0.1849E-11 (  1, 31, 14)
  MAXIMUM CONCENTRATION CHANGES FOR EACH ITERATION:
  MAX. CHANGE LAYER,ROW,COL MAX. CHANGE LAYER,ROW,COL MAX. CHANGE LAYER,ROW,COL MAX. CHANGE LAYER,ROW,COL MAX. CHANGE LAYER,ROW,COL
 ------------------------------------------------------------------------------------------------------------------------------------
   0.1292E-01 (  1, 34, 22)  0.1283E-04 (  1, 33, 36)  0.1040E-07 (  1, 32, 37)  0.8845E-11 (  1, 31, 38)
  MAXIMUM CONCENTRATION CHANGES FOR EACH ITERATION:
  MAX. CHANGE LAYER,ROW,COL MAX. CHANGE LAYER,ROW,COL MAX. CHANGE LAYER,ROW,COL MAX. CHANGE LAYER,ROW,COL MAX. CHANGE LAYER,ROW,COL
 ------------------------------------------------------------------------------------------------------------------------------------
   0.3279E-01 (  1, 16, 30)  0.1445E-04 (  1, 34, 37)  0.8600E-08 (  1, 32, 39)  0.6163E-11 (  1, 31, 40)
  MAXIMUM CONCENTRATION CHANGES FOR EACH ITERATION:
  MAX. CHANGE LAYER,ROW,COL MAX. CHANGE LAYER,ROW,COL MAX. CHANGE LAYER,ROW,COL MAX. CHANGE LAYER,ROW,COL MAX. CHANGE LAYER,ROW,COL
 ------------------------------------------------------------------------------------------------------------------------------------
   0.1292E-01 (  1, 34, 22)  0.1283E-04 (  1, 33, 36)  0.1040E-07 (  1, 32, 37)  0.8845E-11 (  1, 31, 38)


                                          ================================================
                                                         TIME STEP NO.  023
                                          ================================================

 FROM TIME =   220.00     TO    230.00    















































  MAXIMUM CONCENTRATION CHANGES FOR EACH ITERATION:
  MAX. CHANGE LAYER,ROW,COL MAX. CHANGE LAYER,ROW,COL MAX. CHANGE LAYER,ROW,COL MAX. CHANGE LAYER,ROW,COL MAX. CHANGE LAYER,ROW,COL
 ------------------------------------------------------------------------------------------------------------------------------------
   0.2361E-02 (  1, 26, 18)  0.2519E-05 (  1, 26, 18)  0.2341E-08 (  1, 27, 41)  0.3235E-11 (  1, 27, 41)
  MAXIMUM CONCENTRATION CHANGES FOR EACH ITERATION:
  MAX. CHANGE LAYER,ROW,COL MAX. CHANGE LAYER,ROW,COL MAX. CHANGE LAYER,ROW,COL MAX. CHANGE LAYER,ROW,COL MAX. CHANGE LAYER,ROW,COL
 ------------------------------------------------------------------------------------------------------------------------------------
   0.5291E-03 (  1, 30, 22)  0.6234E-06 (  1, 26, 17)  0.7356E-09 (  1, 27, 41)  0.9305E-12 (  1, 27, 41)
  MAXIMUM CONCENTRATION CHANGES FOR EACH ITERATION:
  MAX. CHANGE LAYER,ROW,COL MAX. CHANGE LAYER,ROW,COL MAX. CHANGE LAYER,ROW,COL MAX. CHANGE LAYER,ROW,COL MAX. CHANGE LAYER,ROW,COL
 ------------------------------------------------------------------------------------------------------------------------------------
   0.3811E-06 (  1, 26, 26)  0.3299E-09 (  1, 26, 26)  0.3592E-12 (  1, 27, 41)
  MAXIMUM CONCENTRATION CHANGES FOR EACH ITERATION:
  MAX. CHANGE LAYER,ROW,COL MAX. CHANGE LAYER,ROW,COL MAX. CHANGE LAYER,ROW,COL MAX. CHANGE LAYER,ROW,COL MAX. CHANGE LAYER,ROW,COL
 ------------------------------------------------------------------------------------------------------------------------------------
   0.3031E-02 (  1, 26, 18)  0.2720E-05 (  1, 26, 18)  0.2444E-08 (  1, 27, 41)  0.3812E-11 (  1, 27, 41)
  MAXIMUM CONCENTRATION CHANGES FOR EACH ITERATION:
  MAX. CHANGE LAYER,ROW,COL MAX. CHANGE LAYER,ROW,COL MAX. CHANGE LAYER,ROW,COL MAX. CHANGE LAYER,ROW,COL MAX. CHANGE LAYER,ROW,COL
 ------------------------------------------------------------------------------------------------------------------------------------
   0.3767E-02 (  1, 26, 18)  0.3478E-05 (  1, 27, 17)  0.1492E-08 (  1, 17, 13)  0.1196E-11 (  1, 28, 16)
  MAXIMUM CONCENTRATION CHANGES FOR EACH ITERATION:
  MAX. CHANGE LAYER,ROW,COL MAX. CHANGE LAYER,ROW,COL MAX. CHANGE LAYER,ROW,COL MAX. CHANGE LAYER,ROW,COL MAX. CHANGE LAYER,ROW,COL
 ------------------------------------------------------------------------------------------------------------------------------------
    0.000     (  1,  1,  1)
  MAXIMUM CONCENTRATION CHANGES FOR EACH ITERATION:
  MAX. CHANGE LAYER,ROW,COL MAX. CHANGE LAYER,ROW,COL MAX. CHANGE LAYER,ROW,COL MAX. CHANGE LAYER,ROW,COL MAX. CHANGE LAYER,ROW,COL
 ------------------------------------------------------------------------------------------------------------------------------------
    0.000     (  1,  1,  1)
  MAXIMUM CONCENTRATION CHANGES FOR EACH ITERATION:
  MAX. CHANGE LAYER,ROW,COL MAX. CHANGE LAYER,ROW,COL MAX. CHANGE LAYER,ROW,COL MAX. CHANGE LAYER,ROW,COL MAX. CHANGE LAYER,ROW,COL
 ------------------------------------------------------------------------------------------------------------------------------------
   0.5162E-02 (  1, 34, 24)  0.4541E-05 (  1, 13, 13)  0.2677E-08 (  1, 13, 13)  0.2181E-11 (  1, 32, 37)
  MAXIMUM CONCENTRATION CHANGES FOR EACH ITERATION:
  MAX. CHANGE LAYER,ROW,COL MAX. CHANGE LAYER,ROW,COL MAX. CHANGE LAYER,ROW,COL MAX. CHANGE LAYER,ROW,COL MAX. CHANGE LAYER,ROW,COL
 ------------------------------------------------------------------------------------------------------------------------------------
   0.2933E-02 (  1, 30, 22)  0.2597E-05 (  1, 27, 41)  0.4752E-08 (  1, 27, 41)  0.4763E-11 (  1, 27, 41)
  MAXIMUM CONCENTRATION CHANGES FOR EACH ITERATION:
  MAX. CHANGE LAYER,ROW,COL MAX. CHANGE LAYER,ROW,COL MAX. CHANGE LAYER,ROW,COL MAX. CHANGE LAYER,ROW,COL MAX. CHANGE LAYER,ROW,COL
 ------------------------------------------------------------------------------------------------------------------------------------
    0.000     (  1,  1,  1)
  MAXIMUM CONCENTRATION CHANGES FOR EACH ITERATION:
  MAX. CHANGE LAYER,ROW,COL MAX. CHANGE LAYER,ROW,COL MAX. CHANGE LAYER,ROW,COL MAX. CHANGE LAYER,ROW,COL MAX. CHANGE LAYER,ROW,COL
 ------------------------------------------------------------------------------------------------------------------------------------
    0.000     (  1,  1,  1)
  MAXIMUM CONCENTRATION CHANGES FOR EACH ITERATION:
  MAX. CHANGE LAYER,ROW,COL MAX. CHANGE LAYER,ROW,COL MAX. CHANGE LAYER,ROW,COL MAX. CHANGE LAYER,ROW,COL MAX. CHANGE LAYER,ROW,COL
 ------------------------------------------------------------------------------------------------------------------------------------
    0.000     (  1,  1,  1)
  MAXIMUM CONCENTRATION CHANGES FOR EACH ITERATION:
  MAX. CHANGE LAYER,ROW,COL MAX. CHANGE LAYER,ROW,COL MAX. CHANGE LAYER,ROW,COL MAX. CHANGE LAYER,ROW,COL MAX. CHANGE LAYER,ROW,COL
 ------------------------------------------------------------------------------------------------------------------------------------
   0.6203E-02 (  1, 26, 18)  0.5829E-05 (  1, 26, 18)  0.2901E-08 (  1, 27, 41)  0.4830E-11 (  1, 27, 41)
  MAXIMUM CONCENTRATION CHANGES FOR EACH ITERATION:
  MAX. CHANGE LAYER,ROW,COL MAX. CHANGE LAYER,ROW,COL MAX. CHANGE LAYER,ROW,COL MAX. CHANGE LAYER,ROW,COL MAX. CHANGE LAYER,ROW,COL
 ------------------------------------------------------------------------------------------------------------------------------------
   0.1112E-01 (  1, 29, 18)  0.9709E-05 (  1, 28, 17)  0.5524E-08 (  1, 27, 20)  0.3704E-11 (  1, 27, 41)
  MAXIMUM CONCENTRATION CHANGES FOR EACH ITERATION:
  MAX. CHANGE LAYER,ROW,COL MAX. CHANGE LAYER,ROW,COL MAX. CHANGE LAYER,ROW,COL MAX. CHANGE LAYER,ROW,COL MAX. CHANGE LAYER,ROW,COL
 ------------------------------------------------------------------------------------------------------------------------------------
    0.000     (  1,  1,  1)
  MAXIMUM CONCENTRATION CHANGES FOR EACH ITERATION:
  MAX. CHANGE LAYER,ROW,COL MAX. CHANGE LAYER,ROW,COL MAX. CHANGE LAYER,ROW,COL MAX. CHANGE LAYER,ROW,COL MAX. CHANGE LAYER,ROW,COL
 ------------------------------------------------------------------------------------------------------------------------------------
    0.000     (  1,  1,  1)
  MAXIMUM CONCENTRATION CHANGES FOR EACH ITERATION:
  MAX. CHANGE LAYER,ROW,COL MAX. CHANGE LAYER,ROW,COL MAX. CHANGE LAYER,ROW,COL MAX. CHANGE LAYER,ROW,COL MAX. CHANGE LAYER,ROW,COL
 ------------------------------------------------------------------------------------------------------------------------------------
   0.1288E-02 (  1, 26, 19)  0.1409E-05 (  1, 26, 19)  0.1500E-08 (  1, 27, 41)  0.2025E-11 (  1, 27, 41)
  MAXIMUM CONCENTRATION CHANGES FOR EACH ITERATION:
  MAX. CHANGE LAYER,ROW,COL MAX. CHANGE LAYER,ROW,COL MAX. CHANGE LAYER,ROW,COL MAX. CHANGE LAYER,ROW,COL MAX. CHANGE LAYER,ROW,COL
 ------------------------------------------------------------------------------------------------------------------------------------
   0.4173E-02 (  1, 26, 19)  0.4476E-05 (  1, 26, 18)  0.1579E-08 (  1, 27, 22)  0.1570E-11 (  1, 25, 19)
  MAXIMUM CONCENTRATION CHANGES FOR EACH ITERATION:
  MAX. CHANGE LAYER,ROW,COL MAX. CHANGE LAYER,ROW,COL MAX. CHANGE LAYER,ROW,COL MAX. CHANGE LAYER,ROW,COL MAX. CHANGE LAYER,ROW,COL
 ------------------------------------------------------------------------------------------------------------------------------------
   0.4790E-02 (  1, 30, 22)  0.5964E-05 (  1, 27, 41)  0.9583E-08 (  1, 27, 41)  0.1037E-10 (  1, 27, 41)  0.8799E-14 (  1, 27, 41)
  MAXIMUM CONCENTRATION CHANGES FOR EACH ITERATION:
  MAX. CHANGE LAYER,ROW,COL MAX. CHANGE LAYER,ROW,COL MAX. CHANGE LAYER,ROW,COL MAX. CHANGE LAYER,ROW,COL MAX. CHANGE LAYER,ROW,COL
 ------------------------------------------------------------------------------------------------------------------------------------
   0.8496E-02 (  1, 29, 18)  0.5572E-05 (  1, 28, 19)  0.3860E-08 (  1, 27, 20)  0.1767E-11 (  1, 30, 14)
  MAXIMUM CONCENTRATION CHANGES FOR EACH ITERATION:
  MAX. CHANGE LAYER,ROW,COL MAX. CHANGE LAYER,ROW,COL MAX. CHANGE LAYER,ROW,COL MAX. CHANGE LAYER,ROW,COL MAX. CHANGE LAYER,ROW,COL
 ------------------------------------------------------------------------------------------------------------------------------------
   0.1273E-01 (  1, 34, 27)  0.1239E-04 (  1, 33, 38)  0.1013E-07 (  1, 32, 39)  0.8485E-11 (  1, 31, 39)
  MAXIMUM CONCENTRATION CHANGES FOR EACH ITERATION:
  MAX. CHANGE LAYER,ROW,COL MAX. CHANGE LAYER,ROW,COL MAX. CHANGE LAYER,ROW,COL MAX. CHANGE LAYER,ROW,COL MAX. CHANGE LAYER,ROW,COL
 ------------------------------------------------------------------------------------------------------------------------------------
   0.3290E-01 (  1, 16, 31)  0.1873E-04 (  1, 34, 23)  0.1078E-07 (  1, 36, 21)  0.6926E-11 (  1, 31, 26)
  MAXIMUM CONCENTRATION CHANGES FOR EACH ITERATION:
  MAX. CHANGE LAYER,ROW,COL MAX. CHANGE LAYER,ROW,COL MAX. CHANGE LAYER,ROW,COL MAX. CHANGE LAYER,ROW,COL MAX. CHANGE LAYER,ROW,COL
 ------------------------------------------------------------------------------------------------------------------------------------
   0.1273E-01 (  1, 34, 27)  0.1239E-04 (  1, 33, 38)  0.1013E-07 (  1, 32, 39)  0.8485E-11 (  1, 31, 39)


                                          ================================================
                                                         TIME STEP NO.  024
                                          ================================================

 FROM TIME =   230.00     TO    240.00    















































  MAXIMUM CONCENTRATION CHANGES FOR EACH ITERATION:
  MAX. CHANGE LAYER,ROW,COL MAX. CHANGE LAYER,ROW,COL MAX. CHANGE LAYER,ROW,COL MAX. CHANGE LAYER,ROW,COL MAX. CHANGE LAYER,ROW,COL
 ------------------------------------------------------------------------------------------------------------------------------------
   0.2377E-02 (  1, 26, 18)  0.2486E-05 (  1, 26, 18)  0.2326E-08 (  1, 27, 41)  0.3229E-11 (  1, 27, 41)
  MAXIMUM CONCENTRATION CHANGES FOR EACH ITERATION:
  MAX. CHANGE LAYER,ROW,COL MAX. CHANGE LAYER,ROW,COL MAX. CHANGE LAYER,ROW,COL MAX. CHANGE LAYER,ROW,COL MAX. CHANGE LAYER,ROW,COL
 ------------------------------------------------------------------------------------------------------------------------------------
   0.5202E-03 (  1, 30, 22)  0.6598E-06 (  1, 26, 18)  0.5062E-09 (  1, 28, 40)  0.7502E-12 (  1, 27, 41)
  MAXIMUM CONCENTRATION CHANGES FOR EACH ITERATION:
  MAX. CHANGE LAYER,ROW,COL MAX. CHANGE LAYER,ROW,COL MAX. CHANGE LAYER,ROW,COL MAX. CHANGE LAYER,ROW,COL MAX. CHANGE LAYER,ROW,COL
 ------------------------------------------------------------------------------------------------------------------------------------
   0.3478E-06 (  1, 26, 26)  0.3028E-09 (  1, 26, 26)  0.2423E-12 (  1, 27, 41)
  MAXIMUM CONCENTRATION CHANGES FOR EACH ITERATION:
  MAX. CHANGE LAYER,ROW,COL MAX. CHANGE LAYER,ROW,COL MAX. CHANGE LAYER,ROW,COL MAX. CHANGE LAYER,ROW,COL MAX. CHANGE LAYER,ROW,COL
 ------------------------------------------------------------------------------------------------------------------------------------
   0.3030E-02 (  1, 26, 18)  0.2717E-05 (  1, 26, 18)  0.2511E-08 (  1, 27, 41)  0.3873E-11 (  1, 27, 41)
  MAXIMUM CONCENTRATION CHANGES FOR EACH ITERATION:
  MAX. CHANGE LAYER,ROW,COL MAX. CHANGE LAYER,ROW,COL MAX. CHANGE LAYER,ROW,COL MAX. CHANGE LAYER,ROW,COL MAX. CHANGE LAYER,ROW,COL
 ------------------------------------------------------------------------------------------------------------------------------------
   0.3765E-02 (  1, 26, 18)  0.3479E-05 (  1, 27, 17)  0.1493E-08 (  1, 17, 13)  0.1197E-11 (  1, 28, 16)
  MAXIMUM CONCENTRATION CHANGES FOR EACH ITERATION:
  MAX. CHANGE LAYER,ROW,COL MAX. CHANGE LAYER,ROW,COL MAX. CHANGE LAYER,ROW,COL MAX. CHANGE LAYER,ROW,COL MAX. CHANGE LAYER,ROW,COL
 ------------------------------------------------------------------------------------------------------------------------------------
    0.000     (  1,  1,  1)
  MAXIMUM CONCENTRATION CHANGES FOR EACH ITERATION:
  MAX. CHANGE LAYER,ROW,COL MAX. CHANGE LAYER,ROW,COL MAX. CHANGE LAYER,ROW,COL MAX. CHANGE LAYER,ROW,COL MAX. CHANGE LAYER,ROW,COL
 ------------------------------------------------------------------------------------------------------------------------------------
    0.000     (  1,  1,  1)
  MAXIMUM CONCENTRATION CHANGES FOR EACH ITERATION:
  MAX. CHANGE LAYER,ROW,COL MAX. CHANGE LAYER,ROW,COL MAX. CHANGE LAYER,ROW,COL MAX. CHANGE LAYER,ROW,COL MAX. CHANGE LAYER,ROW,COL
 ------------------------------------------------------------------------------------------------------------------------------------
   0.5124E-02 (  1, 34, 24)  0.4551E-05 (  1, 13, 13)  0.2692E-08 (  1, 13, 13)  0.2213E-11 (  1, 32, 36)
  MAXIMUM CONCENTRATION CHANGES FOR EACH ITERATION:
  MAX. CHANGE LAYER,ROW,COL MAX. CHANGE LAYER,ROW,COL MAX. CHANGE LAYER,ROW,COL MAX. CHANGE LAYER,ROW,COL MAX. CHANGE LAYER,ROW,COL
 ------------------------------------------------------------------------------------------------------------------------------------
   0.3021E-02 (  1, 30, 22)  0.2452E-05 (  1, 17, 24)  0.3785E-08 (  1, 27, 41)  0.4393E-11 (  1, 27, 41)
  MAXIMUM CONCENTRATION CHANGES FOR EACH ITERATION:
  MAX. CHANGE LAYER,ROW,COL MAX. CHANGE LAYER,ROW,COL MAX. CHANGE LAYER,ROW,COL MAX. CHANGE LAYER,ROW,COL MAX. CHANGE LAYER,ROW,COL
 ------------------------------------------------------------------------------------------------------------------------------------
    0.000     (  1,  1,  1)
  MAXIMUM CONCENTRATION CHANGES FOR EACH ITERATION:
  MAX. CHANGE LAYER,ROW,COL MAX. CHANGE LAYER,ROW,COL MAX. CHANGE LAYER,ROW,COL MAX. CHANGE LAYER,ROW,COL MAX. CHANGE LAYER,ROW,COL
 ------------------------------------------------------------------------------------------------------------------------------------
    0.000     (  1,  1,  1)
  MAXIMUM CONCENTRATION CHANGES FOR EACH ITERATION:
  MAX. CHANGE LAYER,ROW,COL MAX. CHANGE LAYER,ROW,COL MAX. CHANGE LAYER,ROW,COL MAX. CHANGE LAYER,ROW,COL MAX. CHANGE LAYER,ROW,COL
 ------------------------------------------------------------------------------------------------------------------------------------
    0.000     (  1,  1,  1)
  MAXIMUM CONCENTRATION CHANGES FOR EACH ITERATION:
  MAX. CHANGE LAYER,ROW,COL MAX. CHANGE LAYER,ROW,COL MAX. CHANGE LAYER,ROW,COL MAX. CHANGE LAYER,ROW,COL MAX. CHANGE LAYER,ROW,COL
 ------------------------------------------------------------------------------------------------------------------------------------
   0.6256E-02 (  1, 26, 18)  0.5694E-05 (  1, 26, 18)  0.5072E-08 (  1, 27, 41)  0.7859E-11 (  1, 27, 41)
  MAXIMUM CONCENTRATION CHANGES FOR EACH ITERATION:
  MAX. CHANGE LAYER,ROW,COL MAX. CHANGE LAYER,ROW,COL MAX. CHANGE LAYER,ROW,COL MAX. CHANGE LAYER,ROW,COL MAX. CHANGE LAYER,ROW,COL
 ------------------------------------------------------------------------------------------------------------------------------------
   0.1241E-01 (  1, 29, 19)  0.9384E-05 (  1, 28, 17)  0.6026E-08 (  1, 27, 21)  0.2486E-11 (  1, 32, 16)
  MAXIMUM CONCENTRATION CHANGES FOR EACH ITERATION:
  MAX. CHANGE LAYER,ROW,COL MAX. CHANGE LAYER,ROW,COL MAX. CHANGE LAYER,ROW,COL MAX. CHANGE LAYER,ROW,COL MAX. CHANGE LAYER,ROW,COL
 ------------------------------------------------------------------------------------------------------------------------------------
    0.000     (  1,  1,  1)
  MAXIMUM CONCENTRATION CHANGES FOR EACH ITERATION:
  MAX. CHANGE LAYER,ROW,COL MAX. CHANGE LAYER,ROW,COL MAX. CHANGE LAYER,ROW,COL MAX. CHANGE LAYER,ROW,COL MAX. CHANGE LAYER,ROW,COL
 ------------------------------------------------------------------------------------------------------------------------------------
    0.000     (  1,  1,  1)
  MAXIMUM CONCENTRATION CHANGES FOR EACH ITERATION:
  MAX. CHANGE LAYER,ROW,COL MAX. CHANGE LAYER,ROW,COL MAX. CHANGE LAYER,ROW,COL MAX. CHANGE LAYER,ROW,COL MAX. CHANGE LAYER,ROW,COL
 ------------------------------------------------------------------------------------------------------------------------------------
   0.1282E-02 (  1, 26, 19)  0.1377E-05 (  1, 26, 19)  0.1495E-08 (  1, 27, 41)  0.1998E-11 (  1, 27, 41)
  MAXIMUM CONCENTRATION CHANGES FOR EACH ITERATION:
  MAX. CHANGE LAYER,ROW,COL MAX. CHANGE LAYER,ROW,COL MAX. CHANGE LAYER,ROW,COL MAX. CHANGE LAYER,ROW,COL MAX. CHANGE LAYER,ROW,COL
 ------------------------------------------------------------------------------------------------------------------------------------
   0.4108E-02 (  1, 26, 19)  0.4465E-05 (  1, 26, 18)  0.1563E-08 (  1, 27, 22)  0.1570E-11 (  1, 25, 19)
  MAXIMUM CONCENTRATION CHANGES FOR EACH ITERATION:
  MAX. CHANGE LAYER,ROW,COL MAX. CHANGE LAYER,ROW,COL MAX. CHANGE LAYER,ROW,COL MAX. CHANGE LAYER,ROW,COL MAX. CHANGE LAYER,ROW,COL
 ------------------------------------------------------------------------------------------------------------------------------------
   0.4804E-02 (  1, 30, 22)  0.4645E-05 (  1, 27, 41)  0.8334E-08 (  1, 27, 41)  0.9833E-11 (  1, 27, 41)
  MAXIMUM CONCENTRATION CHANGES FOR EACH ITERATION:
  MAX. CHANGE LAYER,ROW,COL MAX. CHANGE LAYER,ROW,COL MAX. CHANGE LAYER,ROW,COL MAX. CHANGE LAYER,ROW,COL MAX. CHANGE LAYER,ROW,COL
 ------------------------------------------------------------------------------------------------------------------------------------
   0.9201E-02 (  1, 29, 19)  0.6162E-05 (  1, 26, 17)  0.3995E-08 (  1, 27, 21)  0.1884E-11 (  1, 30, 14)
  MAXIMUM CONCENTRATION CHANGES FOR EACH ITERATION:
  MAX. CHANGE LAYER,ROW,COL MAX. CHANGE LAYER,ROW,COL MAX. CHANGE LAYER,ROW,COL MAX. CHANGE LAYER,ROW,COL MAX. CHANGE LAYER,ROW,COL
 ------------------------------------------------------------------------------------------------------------------------------------
   0.1272E-01 (  1, 34, 27)  0.1160E-04 (  1, 33, 38)  0.9533E-08 (  1, 32, 39)  0.7641E-11 (  1, 31, 39)
  MAXIMUM CONCENTRATION CHANGES FOR EACH ITERATION:
  MAX. CHANGE LAYER,ROW,COL MAX. CHANGE LAYER,ROW,COL MAX. CHANGE LAYER,ROW,COL MAX. CHANGE LAYER,ROW,COL MAX. CHANGE LAYER,ROW,COL
 ------------------------------------------------------------------------------------------------------------------------------------
   0.3187E-01 (  1, 13, 21)  0.1723E-04 (  1, 34, 23)  0.9494E-08 (  1, 36, 21)  0.6244E-11 (  1, 31, 26)
  MAXIMUM CONCENTRATION CHANGES FOR EACH ITERATION:
  MAX. CHANGE LAYER,ROW,COL MAX. CHANGE LAYER,ROW,COL MAX. CHANGE LAYER,ROW,COL MAX. CHANGE LAYER,ROW,COL MAX. CHANGE LAYER,ROW,COL
 ------------------------------------------------------------------------------------------------------------------------------------
   0.1272E-01 (  1, 34, 27)  0.1160E-04 (  1, 33, 38)  0.9534E-08 (  1, 32, 39)  0.7641E-11 (  1, 31, 39)


                                          ================================================
                                                         TIME STEP NO.  025
                                          ================================================

 FROM TIME =   240.00     TO    250.00    















































  MAXIMUM CONCENTRATION CHANGES FOR EACH ITERATION:
  MAX. CHANGE LAYER,ROW,COL MAX. CHANGE LAYER,ROW,COL MAX. CHANGE LAYER,ROW,COL MAX. CHANGE LAYER,ROW,COL MAX. CHANGE LAYER,ROW,COL
 ------------------------------------------------------------------------------------------------------------------------------------
   0.2399E-02 (  1, 26, 18)  0.2449E-05 (  1, 26, 18)  0.2263E-08 (  1, 27, 41)  0.3169E-11 (  1, 27, 41)
  MAXIMUM CONCENTRATION CHANGES FOR EACH ITERATION:
  MAX. CHANGE LAYER,ROW,COL MAX. CHANGE LAYER,ROW,COL MAX. CHANGE LAYER,ROW,COL MAX. CHANGE LAYER,ROW,COL MAX. CHANGE LAYER,ROW,COL
 ------------------------------------------------------------------------------------------------------------------------------------
   0.5255E-03 (  1, 29, 19)  0.6939E-06 (  1, 26, 18)  0.4563E-09 (  1, 28, 41)  0.4590E-12 (  1, 27, 41)
  MAXIMUM CONCENTRATION CHANGES FOR EACH ITERATION:
  MAX. CHANGE LAYER,ROW,COL MAX. CHANGE LAYER,ROW,COL MAX. CHANGE LAYER,ROW,COL MAX. CHANGE LAYER,ROW,COL MAX. CHANGE LAYER,ROW,COL
 ------------------------------------------------------------------------------------------------------------------------------------
   0.3161E-06 (  1, 26, 27)  0.2861E-09 (  1, 28, 26)  0.1574E-12 (  1, 26, 26)
  MAXIMUM CONCENTRATION CHANGES FOR EACH ITERATION:
  MAX. CHANGE LAYER,ROW,COL MAX. CHANGE LAYER,ROW,COL MAX. CHANGE LAYER,ROW,COL MAX. CHANGE LAYER,ROW,COL MAX. CHANGE LAYER,ROW,COL
 ------------------------------------------------------------------------------------------------------------------------------------
   0.3029E-02 (  1, 26, 18)  0.2705E-05 (  1, 26, 18)  0.2534E-08 (  1, 27, 41)  0.3884E-11 (  1, 27, 41)
  MAXIMUM CONCENTRATION CHANGES FOR EACH ITERATION:
  MAX. CHANGE LAYER,ROW,COL MAX. CHANGE LAYER,ROW,COL MAX. CHANGE LAYER,ROW,COL MAX. CHANGE LAYER,ROW,COL MAX. CHANGE LAYER,ROW,COL
 ------------------------------------------------------------------------------------------------------------------------------------
   0.3763E-02 (  1, 26, 18)  0.3480E-05 (  1, 27, 17)  0.1493E-08 (  1, 17, 13)  0.1197E-11 (  1, 28, 16)
  MAXIMUM CONCENTRATION CHANGES FOR EACH ITERATION:
  MAX. CHANGE LAYER,ROW,COL MAX. CHANGE LAYER,ROW,COL MAX. CHANGE LAYER,ROW,COL MAX. CHANGE LAYER,ROW,COL MAX. CHANGE LAYER,ROW,COL
 ------------------------------------------------------------------------------------------------------------------------------------
    0.000     (  1,  1,  1)
  MAXIMUM CONCENTRATION CHANGES FOR EACH ITERATION:
  MAX. CHANGE LAYER,ROW,COL MAX. CHANGE LAYER,ROW,COL MAX. CHANGE LAYER,ROW,COL MAX. CHANGE LAYER,ROW,COL MAX. CHANGE LAYER,ROW,COL
 ------------------------------------------------------------------------------------------------------------------------------------
    0.000     (  1,  1,  1)
  MAXIMUM CONCENTRATION CHANGES FOR EACH ITERATION:
  MAX. CHANGE LAYER,ROW,COL MAX. CHANGE LAYER,ROW,COL MAX. CHANGE LAYER,ROW,COL MAX. CHANGE LAYER,ROW,COL MAX. CHANGE LAYER,ROW,COL
 ------------------------------------------------------------------------------------------------------------------------------------
   0.5098E-02 (  1, 34, 24)  0.4564E-05 (  1, 13, 13)  0.2709E-08 (  1, 13, 13)  0.2237E-11 (  1, 32, 36)
  MAXIMUM CONCENTRATION CHANGES FOR EACH ITERATION:
  MAX. CHANGE LAYER,ROW,COL MAX. CHANGE LAYER,ROW,COL MAX. CHANGE LAYER,ROW,COL MAX. CHANGE LAYER,ROW,COL MAX. CHANGE LAYER,ROW,COL
 ------------------------------------------------------------------------------------------------------------------------------------
   0.3074E-02 (  1, 30, 22)  0.2421E-05 (  1, 17, 25)  0.2712E-08 (  1, 28, 41)  0.3640E-11 (  1, 27, 41)
  MAXIMUM CONCENTRATION CHANGES FOR EACH ITERATION:
  MAX. CHANGE LAYER,ROW,COL MAX. CHANGE LAYER,ROW,COL MAX. CHANGE LAYER,ROW,COL MAX. CHANGE LAYER,ROW,COL MAX. CHANGE LAYER,ROW,COL
 ------------------------------------------------------------------------------------------------------------------------------------
    0.000     (  1,  1,  1)
  MAXIMUM CONCENTRATION CHANGES FOR EACH ITERATION:
  MAX. CHANGE LAYER,ROW,COL MAX. CHANGE LAYER,ROW,COL MAX. CHANGE LAYER,ROW,COL MAX. CHANGE LAYER,ROW,COL MAX. CHANGE LAYER,ROW,COL
 ------------------------------------------------------------------------------------------------------------------------------------
    0.000     (  1,  1,  1)
  MAXIMUM CONCENTRATION CHANGES FOR EACH ITERATION:
  MAX. CHANGE LAYER,ROW,COL MAX. CHANGE LAYER,ROW,COL MAX. CHANGE LAYER,ROW,COL MAX. CHANGE LAYER,ROW,COL MAX. CHANGE LAYER,ROW,COL
 ------------------------------------------------------------------------------------------------------------------------------------
    0.000     (  1,  1,  1)
  MAXIMUM CONCENTRATION CHANGES FOR EACH ITERATION:
  MAX. CHANGE LAYER,ROW,COL MAX. CHANGE LAYER,ROW,COL MAX. CHANGE LAYER,ROW,COL MAX. CHANGE LAYER,ROW,COL MAX. CHANGE LAYER,ROW,COL
 ------------------------------------------------------------------------------------------------------------------------------------
   0.6620E-02 (  1, 26, 19)  0.5931E-05 (  1, 26, 19)  0.5813E-08 (  1, 27, 41)  0.8475E-11 (  1, 27, 41)
  MAXIMUM CONCENTRATION CHANGES FOR EACH ITERATION:
  MAX. CHANGE LAYER,ROW,COL MAX. CHANGE LAYER,ROW,COL MAX. CHANGE LAYER,ROW,COL MAX. CHANGE LAYER,ROW,COL MAX. CHANGE LAYER,ROW,COL
 ------------------------------------------------------------------------------------------------------------------------------------
   0.1093E-01 (  1, 29, 19)  0.1059E-04 (  1, 28, 18)  0.5863E-08 (  1, 27, 21)  0.2708E-11 (  1, 31, 16)
  MAXIMUM CONCENTRATION CHANGES FOR EACH ITERATION:
  MAX. CHANGE LAYER,ROW,COL MAX. CHANGE LAYER,ROW,COL MAX. CHANGE LAYER,ROW,COL MAX. CHANGE LAYER,ROW,COL MAX. CHANGE LAYER,ROW,COL
 ------------------------------------------------------------------------------------------------------------------------------------
    0.000     (  1,  1,  1)
  MAXIMUM CONCENTRATION CHANGES FOR EACH ITERATION:
  MAX. CHANGE LAYER,ROW,COL MAX. CHANGE LAYER,ROW,COL MAX. CHANGE LAYER,ROW,COL MAX. CHANGE LAYER,ROW,COL MAX. CHANGE LAYER,ROW,COL
 ------------------------------------------------------------------------------------------------------------------------------------
    0.000     (  1,  1,  1)
  MAXIMUM CONCENTRATION CHANGES FOR EACH ITERATION:
  MAX. CHANGE LAYER,ROW,COL MAX. CHANGE LAYER,ROW,COL MAX. CHANGE LAYER,ROW,COL MAX. CHANGE LAYER,ROW,COL MAX. CHANGE LAYER,ROW,COL
 ------------------------------------------------------------------------------------------------------------------------------------
   0.1251E-02 (  1, 26, 19)  0.1318E-05 (  1, 26, 19)  0.1466E-08 (  1, 27, 41)  0.1968E-11 (  1, 27, 41)
  MAXIMUM CONCENTRATION CHANGES FOR EACH ITERATION:
  MAX. CHANGE LAYER,ROW,COL MAX. CHANGE LAYER,ROW,COL MAX. CHANGE LAYER,ROW,COL MAX. CHANGE LAYER,ROW,COL MAX. CHANGE LAYER,ROW,COL
 ------------------------------------------------------------------------------------------------------------------------------------
   0.4050E-02 (  1, 26, 19)  0.4422E-05 (  1, 26, 18)  0.1844E-08 (  1, 27, 41)  0.2534E-11 (  1, 27, 41)
  MAXIMUM CONCENTRATION CHANGES FOR EACH ITERATION:
  MAX. CHANGE LAYER,ROW,COL MAX. CHANGE LAYER,ROW,COL MAX. CHANGE LAYER,ROW,COL MAX. CHANGE LAYER,ROW,COL MAX. CHANGE LAYER,ROW,COL
 ------------------------------------------------------------------------------------------------------------------------------------
   0.4813E-02 (  1, 30, 22)  0.4304E-05 (  1, 17, 25)  0.6629E-08 (  1, 27, 41)  0.8816E-11 (  1, 27, 41)
  MAXIMUM CONCENTRATION CHANGES FOR EACH ITERATION:
  MAX. CHANGE LAYER,ROW,COL MAX. CHANGE LAYER,ROW,COL MAX. CHANGE LAYER,ROW,COL MAX. CHANGE LAYER,ROW,COL MAX. CHANGE LAYER,ROW,COL
 ------------------------------------------------------------------------------------------------------------------------------------
   0.9752E-02 (  1, 29, 19)  0.6552E-05 (  1, 26, 17)  0.4341E-08 (  1, 27, 21)  0.1901E-11 (  1, 30, 14)
  MAXIMUM CONCENTRATION CHANGES FOR EACH ITERATION:
  MAX. CHANGE LAYER,ROW,COL MAX. CHANGE LAYER,ROW,COL MAX. CHANGE LAYER,ROW,COL MAX. CHANGE LAYER,ROW,COL MAX. CHANGE LAYER,ROW,COL
 ------------------------------------------------------------------------------------------------------------------------------------
   0.1271E-01 (  1, 34, 27)  0.1115E-04 (  1, 33, 32)  0.8945E-08 (  1, 32, 39)  0.7271E-11 (  1, 31, 39)
  MAXIMUM CONCENTRATION CHANGES FOR EACH ITERATION:
  MAX. CHANGE LAYER,ROW,COL MAX. CHANGE LAYER,ROW,COL MAX. CHANGE LAYER,ROW,COL MAX. CHANGE LAYER,ROW,COL MAX. CHANGE LAYER,ROW,COL
 ------------------------------------------------------------------------------------------------------------------------------------
   0.3197E-01 (  1, 13, 22)  0.1403E-04 (  1, 35, 22)  0.8935E-08 (  1, 36, 21)  0.5995E-11 (  1, 31, 26)
  MAXIMUM CONCENTRATION CHANGES FOR EACH ITERATION:
  MAX. CHANGE LAYER,ROW,COL MAX. CHANGE LAYER,ROW,COL MAX. CHANGE LAYER,ROW,COL MAX. CHANGE LAYER,ROW,COL MAX. CHANGE LAYER,ROW,COL
 ------------------------------------------------------------------------------------------------------------------------------------
   0.1271E-01 (  1, 34, 27)  0.1115E-04 (  1, 33, 32)  0.8945E-08 (  1, 32, 39)  0.7271E-11 (  1, 31, 39)


                                          ================================================
                                                         TIME STEP NO.  026
                                          ================================================

 FROM TIME =   250.00     TO    260.00    















































  MAXIMUM CONCENTRATION CHANGES FOR EACH ITERATION:
  MAX. CHANGE LAYER,ROW,COL MAX. CHANGE LAYER,ROW,COL MAX. CHANGE LAYER,ROW,COL MAX. CHANGE LAYER,ROW,COL MAX. CHANGE LAYER,ROW,COL
 ------------------------------------------------------------------------------------------------------------------------------------
   0.2408E-02 (  1, 26, 18)  0.2406E-05 (  1, 26, 18)  0.2157E-08 (  1, 27, 41)  0.3081E-11 (  1, 27, 41)
  MAXIMUM CONCENTRATION CHANGES FOR EACH ITERATION:
  MAX. CHANGE LAYER,ROW,COL MAX. CHANGE LAYER,ROW,COL MAX. CHANGE LAYER,ROW,COL MAX. CHANGE LAYER,ROW,COL MAX. CHANGE LAYER,ROW,COL
 ------------------------------------------------------------------------------------------------------------------------------------
   0.5556E-03 (  1, 31, 31)  0.7268E-06 (  1, 26, 18)  0.3865E-09 (  1, 29, 40)  0.4242E-12 (  1, 28, 41)
  MAXIMUM CONCENTRATION CHANGES FOR EACH ITERATION:
  MAX. CHANGE LAYER,ROW,COL MAX. CHANGE LAYER,ROW,COL MAX. CHANGE LAYER,ROW,COL MAX. CHANGE LAYER,ROW,COL MAX. CHANGE LAYER,ROW,COL
 ------------------------------------------------------------------------------------------------------------------------------------
   0.2851E-06 (  1, 26, 27)  0.2760E-09 (  1, 28, 27)  0.1535E-12 (  1, 26, 26)
  MAXIMUM CONCENTRATION CHANGES FOR EACH ITERATION:
  MAX. CHANGE LAYER,ROW,COL MAX. CHANGE LAYER,ROW,COL MAX. CHANGE LAYER,ROW,COL MAX. CHANGE LAYER,ROW,COL MAX. CHANGE LAYER,ROW,COL
 ------------------------------------------------------------------------------------------------------------------------------------
   0.3029E-02 (  1, 26, 18)  0.2687E-05 (  1, 26, 18)  0.2518E-08 (  1, 27, 41)  0.3852E-11 (  1, 27, 41)
  MAXIMUM CONCENTRATION CHANGES FOR EACH ITERATION:
  MAX. CHANGE LAYER,ROW,COL MAX. CHANGE LAYER,ROW,COL MAX. CHANGE LAYER,ROW,COL MAX. CHANGE LAYER,ROW,COL MAX. CHANGE LAYER,ROW,COL
 ------------------------------------------------------------------------------------------------------------------------------------
   0.3760E-02 (  1, 26, 18)  0.3482E-05 (  1, 27, 17)  0.1494E-08 (  1, 17, 13)  0.1196E-11 (  1, 28, 16)
  MAXIMUM CONCENTRATION CHANGES FOR EACH ITERATION:
  MAX. CHANGE LAYER,ROW,COL MAX. CHANGE LAYER,ROW,COL MAX. CHANGE LAYER,ROW,COL MAX. CHANGE LAYER,ROW,COL MAX. CHANGE LAYER,ROW,COL
 ------------------------------------------------------------------------------------------------------------------------------------
    0.000     (  1,  1,  1)
  MAXIMUM CONCENTRATION CHANGES FOR EACH ITERATION:
  MAX. CHANGE LAYER,ROW,COL MAX. CHANGE LAYER,ROW,COL MAX. CHANGE LAYER,ROW,COL MAX. CHANGE LAYER,ROW,COL MAX. CHANGE LAYER,ROW,COL
 ------------------------------------------------------------------------------------------------------------------------------------
    0.000     (  1,  1,  1)
  MAXIMUM CONCENTRATION CHANGES FOR EACH ITERATION:
  MAX. CHANGE LAYER,ROW,COL MAX. CHANGE LAYER,ROW,COL MAX. CHANGE LAYER,ROW,COL MAX. CHANGE LAYER,ROW,COL MAX. CHANGE LAYER,ROW,COL
 ------------------------------------------------------------------------------------------------------------------------------------
   0.5090E-02 (  1, 34, 23)  0.4541E-05 (  1, 13, 13)  0.2708E-08 (  1, 13, 13)  0.2242E-11 (  1, 32, 36)
  MAXIMUM CONCENTRATION CHANGES FOR EACH ITERATION:
  MAX. CHANGE LAYER,ROW,COL MAX. CHANGE LAYER,ROW,COL MAX. CHANGE LAYER,ROW,COL MAX. CHANGE LAYER,ROW,COL MAX. CHANGE LAYER,ROW,COL
 ------------------------------------------------------------------------------------------------------------------------------------
   0.2881E-02 (  1, 31, 31)  0.2396E-05 (  1, 17, 26)  0.2325E-08 (  1, 28, 41)  0.2757E-11 (  1, 27, 41)
  MAXIMUM CONCENTRATION CHANGES FOR EACH ITERATION:
  MAX. CHANGE LAYER,ROW,COL MAX. CHANGE LAYER,ROW,COL MAX. CHANGE LAYER,ROW,COL MAX. CHANGE LAYER,ROW,COL MAX. CHANGE LAYER,ROW,COL
 ------------------------------------------------------------------------------------------------------------------------------------
    0.000     (  1,  1,  1)
  MAXIMUM CONCENTRATION CHANGES FOR EACH ITERATION:
  MAX. CHANGE LAYER,ROW,COL MAX. CHANGE LAYER,ROW,COL MAX. CHANGE LAYER,ROW,COL MAX. CHANGE LAYER,ROW,COL MAX. CHANGE LAYER,ROW,COL
 ------------------------------------------------------------------------------------------------------------------------------------
    0.000     (  1,  1,  1)
  MAXIMUM CONCENTRATION CHANGES FOR EACH ITERATION:
  MAX. CHANGE LAYER,ROW,COL MAX. CHANGE LAYER,ROW,COL MAX. CHANGE LAYER,ROW,COL MAX. CHANGE LAYER,ROW,COL MAX. CHANGE LAYER,ROW,COL
 ------------------------------------------------------------------------------------------------------------------------------------
    0.000     (  1,  1,  1)
  MAXIMUM CONCENTRATION CHANGES FOR EACH ITERATION:
  MAX. CHANGE LAYER,ROW,COL MAX. CHANGE LAYER,ROW,COL MAX. CHANGE LAYER,ROW,COL MAX. CHANGE LAYER,ROW,COL MAX. CHANGE LAYER,ROW,COL
 ------------------------------------------------------------------------------------------------------------------------------------
   0.6470E-02 (  1, 26, 19)  0.5720E-05 (  1, 26, 19)  0.5839E-08 (  1, 27, 41)  0.8329E-11 (  1, 27, 41)
  MAXIMUM CONCENTRATION CHANGES FOR EACH ITERATION:
  MAX. CHANGE LAYER,ROW,COL MAX. CHANGE LAYER,ROW,COL MAX. CHANGE LAYER,ROW,COL MAX. CHANGE LAYER,ROW,COL MAX. CHANGE LAYER,ROW,COL
 ------------------------------------------------------------------------------------------------------------------------------------
   0.1032E-01 (  1, 30, 20)  0.9523E-05 (  1, 28, 17)  0.5251E-08 (  1, 28, 22)  0.3606E-11 (  1, 27, 23)
  MAXIMUM CONCENTRATION CHANGES FOR EACH ITERATION:
  MAX. CHANGE LAYER,ROW,COL MAX. CHANGE LAYER,ROW,COL MAX. CHANGE LAYER,ROW,COL MAX. CHANGE LAYER,ROW,COL MAX. CHANGE LAYER,ROW,COL
 ------------------------------------------------------------------------------------------------------------------------------------
    0.000     (  1,  1,  1)
  MAXIMUM CONCENTRATION CHANGES FOR EACH ITERATION:
  MAX. CHANGE LAYER,ROW,COL MAX. CHANGE LAYER,ROW,COL MAX. CHANGE LAYER,ROW,COL MAX. CHANGE LAYER,ROW,COL MAX. CHANGE LAYER,ROW,COL
 ------------------------------------------------------------------------------------------------------------------------------------
    0.000     (  1,  1,  1)
  MAXIMUM CONCENTRATION CHANGES FOR EACH ITERATION:
  MAX. CHANGE LAYER,ROW,COL MAX. CHANGE LAYER,ROW,COL MAX. CHANGE LAYER,ROW,COL MAX. CHANGE LAYER,ROW,COL MAX. CHANGE LAYER,ROW,COL
 ------------------------------------------------------------------------------------------------------------------------------------
   0.1225E-02 (  1, 26, 20)  0.1260E-05 (  1, 26, 20)  0.1407E-08 (  1, 27, 41)  0.1936E-11 (  1, 27, 41)
  MAXIMUM CONCENTRATION CHANGES FOR EACH ITERATION:
  MAX. CHANGE LAYER,ROW,COL MAX. CHANGE LAYER,ROW,COL MAX. CHANGE LAYER,ROW,COL MAX. CHANGE LAYER,ROW,COL MAX. CHANGE LAYER,ROW,COL
 ------------------------------------------------------------------------------------------------------------------------------------
   0.3983E-02 (  1, 26, 19)  0.4349E-05 (  1, 26, 19)  0.2490E-08 (  1, 27, 41)  0.3271E-11 (  1, 27, 41)
  MAXIMUM CONCENTRATION CHANGES FOR EACH ITERATION:
  MAX. CHANGE LAYER,ROW,COL MAX. CHANGE LAYER,ROW,COL MAX. CHANGE LAYER,ROW,COL MAX. CHANGE LAYER,ROW,COL MAX. CHANGE LAYER,ROW,COL
 ------------------------------------------------------------------------------------------------------------------------------------
   0.5014E-02 (  1, 31, 31)  0.4201E-05 (  1, 17, 26)  0.4674E-08 (  1, 27, 41)  0.7716E-11 (  1, 27, 41)
  MAXIMUM CONCENTRATION CHANGES FOR EACH ITERATION:
  MAX. CHANGE LAYER,ROW,COL MAX. CHANGE LAYER,ROW,COL MAX. CHANGE LAYER,ROW,COL MAX. CHANGE LAYER,ROW,COL MAX. CHANGE LAYER,ROW,COL
 ------------------------------------------------------------------------------------------------------------------------------------
   0.8898E-02 (  1, 29, 19)  0.6611E-05 (  1, 28, 18)  0.4140E-08 (  1, 27, 21)  0.2086E-11 (  1, 30, 15)
  MAXIMUM CONCENTRATION CHANGES FOR EACH ITERATION:
  MAX. CHANGE LAYER,ROW,COL MAX. CHANGE LAYER,ROW,COL MAX. CHANGE LAYER,ROW,COL MAX. CHANGE LAYER,ROW,COL MAX. CHANGE LAYER,ROW,COL
 ------------------------------------------------------------------------------------------------------------------------------------
   0.1270E-01 (  1, 34, 27)  0.1120E-04 (  1, 33, 32)  0.9002E-08 (  1, 32, 35)  0.7216E-11 (  1, 31, 37)
  MAXIMUM CONCENTRATION CHANGES FOR EACH ITERATION:
  MAX. CHANGE LAYER,ROW,COL MAX. CHANGE LAYER,ROW,COL MAX. CHANGE LAYER,ROW,COL MAX. CHANGE LAYER,ROW,COL MAX. CHANGE LAYER,ROW,COL
 ------------------------------------------------------------------------------------------------------------------------------------
   0.3210E-01 (  1, 13, 23)  0.1343E-04 (  1, 35, 22)  0.8328E-08 (  1, 36, 21)  0.5466E-11 (  1, 31, 26)
  MAXIMUM CONCENTRATION CHANGES FOR EACH ITERATION:
  MAX. CHANGE LAYER,ROW,COL MAX. CHANGE LAYER,ROW,COL MAX. CHANGE LAYER,ROW,COL MAX. CHANGE LAYER,ROW,COL MAX. CHANGE LAYER,ROW,COL
 ------------------------------------------------------------------------------------------------------------------------------------
   0.1270E-01 (  1, 34, 27)  0.1120E-04 (  1, 33, 32)  0.9002E-08 (  1, 32, 35)  0.7216E-11 (  1, 31, 37)


                                          ================================================
                                                         TIME STEP NO.  027
                                          ================================================

 FROM TIME =   260.00     TO    270.00    















































  MAXIMUM CONCENTRATION CHANGES FOR EACH ITERATION:
  MAX. CHANGE LAYER,ROW,COL MAX. CHANGE LAYER,ROW,COL MAX. CHANGE LAYER,ROW,COL MAX. CHANGE LAYER,ROW,COL MAX. CHANGE LAYER,ROW,COL
 ------------------------------------------------------------------------------------------------------------------------------------
   0.2418E-02 (  1, 26, 18)  0.2366E-05 (  1, 26, 18)  0.2061E-08 (  1, 27, 41)  0.2986E-11 (  1, 27, 41)
  MAXIMUM CONCENTRATION CHANGES FOR EACH ITERATION:
  MAX. CHANGE LAYER,ROW,COL MAX. CHANGE LAYER,ROW,COL MAX. CHANGE LAYER,ROW,COL MAX. CHANGE LAYER,ROW,COL MAX. CHANGE LAYER,ROW,COL
 ------------------------------------------------------------------------------------------------------------------------------------
   0.5774E-03 (  1, 31, 31)  0.7565E-06 (  1, 26, 18)  0.3759E-09 (  1, 29, 40)  0.3918E-12 (  1, 28, 41)
  MAXIMUM CONCENTRATION CHANGES FOR EACH ITERATION:
  MAX. CHANGE LAYER,ROW,COL MAX. CHANGE LAYER,ROW,COL MAX. CHANGE LAYER,ROW,COL MAX. CHANGE LAYER,ROW,COL MAX. CHANGE LAYER,ROW,COL
 ------------------------------------------------------------------------------------------------------------------------------------
   0.2541E-06 (  1, 26, 27)  0.2663E-09 (  1, 28, 27)  0.1514E-12 (  1, 26, 27)
  MAXIMUM CONCENTRATION CHANGES FOR EACH ITERATION:
  MAX. CHANGE LAYER,ROW,COL MAX. CHANGE LAYER,ROW,COL MAX. CHANGE LAYER,ROW,COL MAX. CHANGE LAYER,ROW,COL MAX. CHANGE LAYER,ROW,COL
 ------------------------------------------------------------------------------------------------------------------------------------
   0.3029E-02 (  1, 26, 18)  0.2665E-05 (  1, 26, 18)  0.2470E-08 (  1, 27, 41)  0.3785E-11 (  1, 27, 41)
  MAXIMUM CONCENTRATION CHANGES FOR EACH ITERATION:
  MAX. CHANGE LAYER,ROW,COL MAX. CHANGE LAYER,ROW,COL MAX. CHANGE LAYER,ROW,COL MAX. CHANGE LAYER,ROW,COL MAX. CHANGE LAYER,ROW,COL
 ------------------------------------------------------------------------------------------------------------------------------------
   0.3758E-02 (  1, 26, 18)  0.3483E-05 (  1, 27, 17)  0.1494E-08 (  1, 17, 13)  0.1195E-11 (  1, 28, 16)
  MAXIMUM CONCENTRATION CHANGES FOR EACH ITERATION:
  MAX. CHANGE LAYER,ROW,COL MAX. CHANGE LAYER,ROW,COL MAX. CHANGE LAYER,ROW,COL MAX. CHANGE LAYER,ROW,COL MAX. CHANGE LAYER,ROW,COL
 ------------------------------------------------------------------------------------------------------------------------------------
    0.000     (  1,  1,  1)
  MAXIMUM CONCENTRATION CHANGES FOR EACH ITERATION:
  MAX. CHANGE LAYER,ROW,COL MAX. CHANGE LAYER,ROW,COL MAX. CHANGE LAYER,ROW,COL MAX. CHANGE LAYER,ROW,COL MAX. CHANGE LAYER,ROW,COL
 ------------------------------------------------------------------------------------------------------------------------------------
    0.000     (  1,  1,  1)
  MAXIMUM CONCENTRATION CHANGES FOR EACH ITERATION:
  MAX. CHANGE LAYER,ROW,COL MAX. CHANGE LAYER,ROW,COL MAX. CHANGE LAYER,ROW,COL MAX. CHANGE LAYER,ROW,COL MAX. CHANGE LAYER,ROW,COL
 ------------------------------------------------------------------------------------------------------------------------------------
   0.5094E-02 (  1, 34, 23)  0.4508E-05 (  1, 13, 13)  0.2701E-08 (  1, 13, 13)  0.2248E-11 (  1, 32, 36)
  MAXIMUM CONCENTRATION CHANGES FOR EACH ITERATION:
  MAX. CHANGE LAYER,ROW,COL MAX. CHANGE LAYER,ROW,COL MAX. CHANGE LAYER,ROW,COL MAX. CHANGE LAYER,ROW,COL MAX. CHANGE LAYER,ROW,COL
 ------------------------------------------------------------------------------------------------------------------------------------
   0.3051E-02 (  1, 31, 31)  0.2386E-05 (  1, 16, 16)  0.2051E-08 (  1, 29, 40)  0.2070E-11 (  1, 28, 41)
  MAXIMUM CONCENTRATION CHANGES FOR EACH ITERATION:
  MAX. CHANGE LAYER,ROW,COL MAX. CHANGE LAYER,ROW,COL MAX. CHANGE LAYER,ROW,COL MAX. CHANGE LAYER,ROW,COL MAX. CHANGE LAYER,ROW,COL
 ------------------------------------------------------------------------------------------------------------------------------------
    0.000     (  1,  1,  1)
  MAXIMUM CONCENTRATION CHANGES FOR EACH ITERATION:
  MAX. CHANGE LAYER,ROW,COL MAX. CHANGE LAYER,ROW,COL MAX. CHANGE LAYER,ROW,COL MAX. CHANGE LAYER,ROW,COL MAX. CHANGE LAYER,ROW,COL
 ------------------------------------------------------------------------------------------------------------------------------------
    0.000     (  1,  1,  1)
  MAXIMUM CONCENTRATION CHANGES FOR EACH ITERATION:
  MAX. CHANGE LAYER,ROW,COL MAX. CHANGE LAYER,ROW,COL MAX. CHANGE LAYER,ROW,COL MAX. CHANGE LAYER,ROW,COL MAX. CHANGE LAYER,ROW,COL
 ------------------------------------------------------------------------------------------------------------------------------------
    0.000     (  1,  1,  1)
  MAXIMUM CONCENTRATION CHANGES FOR EACH ITERATION:
  MAX. CHANGE LAYER,ROW,COL MAX. CHANGE LAYER,ROW,COL MAX. CHANGE LAYER,ROW,COL MAX. CHANGE LAYER,ROW,COL MAX. CHANGE LAYER,ROW,COL
 ------------------------------------------------------------------------------------------------------------------------------------
   0.6735E-02 (  1, 26, 18)  0.5473E-05 (  1, 26, 19)  0.4958E-08 (  1, 27, 41)  0.7794E-11 (  1, 27, 41)
  MAXIMUM CONCENTRATION CHANGES FOR EACH ITERATION:
  MAX. CHANGE LAYER,ROW,COL MAX. CHANGE LAYER,ROW,COL MAX. CHANGE LAYER,ROW,COL MAX. CHANGE LAYER,ROW,COL MAX. CHANGE LAYER,ROW,COL
 ------------------------------------------------------------------------------------------------------------------------------------
   0.1239E-01 (  1, 30, 21)  0.8909E-05 (  1, 29, 19)  0.4941E-08 (  1, 28, 21)  0.3994E-11 (  1, 27, 24)
  MAXIMUM CONCENTRATION CHANGES FOR EACH ITERATION:
  MAX. CHANGE LAYER,ROW,COL MAX. CHANGE LAYER,ROW,COL MAX. CHANGE LAYER,ROW,COL MAX. CHANGE LAYER,ROW,COL MAX. CHANGE LAYER,ROW,COL
 ------------------------------------------------------------------------------------------------------------------------------------
    0.000     (  1,  1,  1)
  MAXIMUM CONCENTRATION CHANGES FOR EACH ITERATION:
  MAX. CHANGE LAYER,ROW,COL MAX. CHANGE LAYER,ROW,COL MAX. CHANGE LAYER,ROW,COL MAX. CHANGE LAYER,ROW,COL MAX. CHANGE LAYER,ROW,COL
 ------------------------------------------------------------------------------------------------------------------------------------
    0.000     (  1,  1,  1)
  MAXIMUM CONCENTRATION CHANGES FOR EACH ITERATION:
  MAX. CHANGE LAYER,ROW,COL MAX. CHANGE LAYER,ROW,COL MAX. CHANGE LAYER,ROW,COL MAX. CHANGE LAYER,ROW,COL MAX. CHANGE LAYER,ROW,COL
 ------------------------------------------------------------------------------------------------------------------------------------
   0.1216E-02 (  1, 26, 20)  0.1220E-05 (  1, 26, 20)  0.1353E-08 (  1, 27, 41)  0.1899E-11 (  1, 27, 41)
  MAXIMUM CONCENTRATION CHANGES FOR EACH ITERATION:
  MAX. CHANGE LAYER,ROW,COL MAX. CHANGE LAYER,ROW,COL MAX. CHANGE LAYER,ROW,COL MAX. CHANGE LAYER,ROW,COL MAX. CHANGE LAYER,ROW,COL
 ------------------------------------------------------------------------------------------------------------------------------------
   0.3921E-02 (  1, 26, 19)  0.4281E-05 (  1, 26, 19)  0.2769E-08 (  1, 27, 41)  0.3528E-11 (  1, 27, 41)
  MAXIMUM CONCENTRATION CHANGES FOR EACH ITERATION:
  MAX. CHANGE LAYER,ROW,COL MAX. CHANGE LAYER,ROW,COL MAX. CHANGE LAYER,ROW,COL MAX. CHANGE LAYER,ROW,COL MAX. CHANGE LAYER,ROW,COL
 ------------------------------------------------------------------------------------------------------------------------------------
   0.5219E-02 (  1, 31, 31)  0.4144E-05 (  1, 30, 35)  0.3936E-08 (  1, 28, 41)  0.6643E-11 (  1, 27, 41)
  MAXIMUM CONCENTRATION CHANGES FOR EACH ITERATION:
  MAX. CHANGE LAYER,ROW,COL MAX. CHANGE LAYER,ROW,COL MAX. CHANGE LAYER,ROW,COL MAX. CHANGE LAYER,ROW,COL MAX. CHANGE LAYER,ROW,COL
 ------------------------------------------------------------------------------------------------------------------------------------
   0.7713E-02 (  1, 29, 20)  0.7126E-05 (  1, 26, 18)  0.3816E-08 (  1, 27, 21)  0.2059E-11 (  1, 30, 15)
  MAXIMUM CONCENTRATION CHANGES FOR EACH ITERATION:
  MAX. CHANGE LAYER,ROW,COL MAX. CHANGE LAYER,ROW,COL MAX. CHANGE LAYER,ROW,COL MAX. CHANGE LAYER,ROW,COL MAX. CHANGE LAYER,ROW,COL
 ------------------------------------------------------------------------------------------------------------------------------------
   0.1269E-01 (  1, 34, 27)  0.1123E-04 (  1, 33, 32)  0.9094E-08 (  1, 32, 35)  0.7263E-11 (  1, 31, 37)
  MAXIMUM CONCENTRATION CHANGES FOR EACH ITERATION:
  MAX. CHANGE LAYER,ROW,COL MAX. CHANGE LAYER,ROW,COL MAX. CHANGE LAYER,ROW,COL MAX. CHANGE LAYER,ROW,COL MAX. CHANGE LAYER,ROW,COL
 ------------------------------------------------------------------------------------------------------------------------------------
   0.3224E-01 (  1, 13, 24)  0.1258E-04 (  1, 34, 23)  0.7962E-08 (  1, 36, 21)  0.5240E-11 (  1, 31, 26)
  MAXIMUM CONCENTRATION CHANGES FOR EACH ITERATION:
  MAX. CHANGE LAYER,ROW,COL MAX. CHANGE LAYER,ROW,COL MAX. CHANGE LAYER,ROW,COL MAX. CHANGE LAYER,ROW,COL MAX. CHANGE LAYER,ROW,COL
 ------------------------------------------------------------------------------------------------------------------------------------
   0.1269E-01 (  1, 34, 27)  0.1123E-04 (  1, 33, 32)  0.9094E-08 (  1, 32, 35)  0.7263E-11 (  1, 31, 37)


                                          ================================================
                                                         TIME STEP NO.  028
                                          ================================================

 FROM TIME =   270.00     TO    280.00    















































  MAXIMUM CONCENTRATION CHANGES FOR EACH ITERATION:
  MAX. CHANGE LAYER,ROW,COL MAX. CHANGE LAYER,ROW,COL MAX. CHANGE LAYER,ROW,COL MAX. CHANGE LAYER,ROW,COL MAX. CHANGE LAYER,ROW,COL
 ------------------------------------------------------------------------------------------------------------------------------------
   0.2424E-02 (  1, 26, 19)  0.2301E-05 (  1, 26, 19)  0.1970E-08 (  1, 27, 41)  0.2873E-11 (  1, 27, 41)
  MAXIMUM CONCENTRATION CHANGES FOR EACH ITERATION:
  MAX. CHANGE LAYER,ROW,COL MAX. CHANGE LAYER,ROW,COL MAX. CHANGE LAYER,ROW,COL MAX. CHANGE LAYER,ROW,COL MAX. CHANGE LAYER,ROW,COL
 ------------------------------------------------------------------------------------------------------------------------------------
   0.5879E-03 (  1, 31, 30)  0.7679E-06 (  1, 26, 18)  0.3711E-09 (  1, 29, 40)  0.3617E-12 (  1, 28, 41)
  MAXIMUM CONCENTRATION CHANGES FOR EACH ITERATION:
  MAX. CHANGE LAYER,ROW,COL MAX. CHANGE LAYER,ROW,COL MAX. CHANGE LAYER,ROW,COL MAX. CHANGE LAYER,ROW,COL MAX. CHANGE LAYER,ROW,COL
 ------------------------------------------------------------------------------------------------------------------------------------
   0.2265E-06 (  1, 26, 28)  0.2531E-09 (  1, 28, 28)  0.1490E-12 (  1, 26, 27)
  MAXIMUM CONCENTRATION CHANGES FOR EACH ITERATION:
  MAX. CHANGE LAYER,ROW,COL MAX. CHANGE LAYER,ROW,COL MAX. CHANGE LAYER,ROW,COL MAX. CHANGE LAYER,ROW,COL MAX. CHANGE LAYER,ROW,COL
 ------------------------------------------------------------------------------------------------------------------------------------
   0.3030E-02 (  1, 26, 18)  0.2640E-05 (  1, 26, 18)  0.2396E-08 (  1, 27, 41)  0.3688E-11 (  1, 27, 41)
  MAXIMUM CONCENTRATION CHANGES FOR EACH ITERATION:
  MAX. CHANGE LAYER,ROW,COL MAX. CHANGE LAYER,ROW,COL MAX. CHANGE LAYER,ROW,COL MAX. CHANGE LAYER,ROW,COL MAX. CHANGE LAYER,ROW,COL
 ------------------------------------------------------------------------------------------------------------------------------------
   0.3757E-02 (  1, 28, 16)  0.3485E-05 (  1, 27, 17)  0.1495E-08 (  1, 17, 13)  0.1195E-11 (  1, 28, 16)
  MAXIMUM CONCENTRATION CHANGES FOR EACH ITERATION:
  MAX. CHANGE LAYER,ROW,COL MAX. CHANGE LAYER,ROW,COL MAX. CHANGE LAYER,ROW,COL MAX. CHANGE LAYER,ROW,COL MAX. CHANGE LAYER,ROW,COL
 ------------------------------------------------------------------------------------------------------------------------------------
    0.000     (  1,  1,  1)
  MAXIMUM CONCENTRATION CHANGES FOR EACH ITERATION:
  MAX. CHANGE LAYER,ROW,COL MAX. CHANGE LAYER,ROW,COL MAX. CHANGE LAYER,ROW,COL MAX. CHANGE LAYER,ROW,COL MAX. CHANGE LAYER,ROW,COL
 ------------------------------------------------------------------------------------------------------------------------------------
    0.000     (  1,  1,  1)
  MAXIMUM CONCENTRATION CHANGES FOR EACH ITERATION:
  MAX. CHANGE LAYER,ROW,COL MAX. CHANGE LAYER,ROW,COL MAX. CHANGE LAYER,ROW,COL MAX. CHANGE LAYER,ROW,COL MAX. CHANGE LAYER,ROW,COL
 ------------------------------------------------------------------------------------------------------------------------------------
   0.5107E-02 (  1, 34, 23)  0.4494E-05 (  1, 13, 13)  0.2707E-08 (  1, 13, 13)  0.2243E-11 (  1, 32, 36)
  MAXIMUM CONCENTRATION CHANGES FOR EACH ITERATION:
  MAX. CHANGE LAYER,ROW,COL MAX. CHANGE LAYER,ROW,COL MAX. CHANGE LAYER,ROW,COL MAX. CHANGE LAYER,ROW,COL MAX. CHANGE LAYER,ROW,COL
 ------------------------------------------------------------------------------------------------------------------------------------
   0.3100E-02 (  1, 31, 31)  0.2433E-05 (  1, 16, 16)  0.2040E-08 (  1, 29, 40)  0.2035E-11 (  1, 28, 41)
  MAXIMUM CONCENTRATION CHANGES FOR EACH ITERATION:
  MAX. CHANGE LAYER,ROW,COL MAX. CHANGE LAYER,ROW,COL MAX. CHANGE LAYER,ROW,COL MAX. CHANGE LAYER,ROW,COL MAX. CHANGE LAYER,ROW,COL
 ------------------------------------------------------------------------------------------------------------------------------------
    0.000     (  1,  1,  1)
  MAXIMUM CONCENTRATION CHANGES FOR EACH ITERATION:
  MAX. CHANGE LAYER,ROW,COL MAX. CHANGE LAYER,ROW,COL MAX. CHANGE LAYER,ROW,COL MAX. CHANGE LAYER,ROW,COL MAX. CHANGE LAYER,ROW,COL
 ------------------------------------------------------------------------------------------------------------------------------------
    0.000     (  1,  1,  1)
  MAXIMUM CONCENTRATION CHANGES FOR EACH ITERATION:
  MAX. CHANGE LAYER,ROW,COL MAX. CHANGE LAYER,ROW,COL MAX. CHANGE LAYER,ROW,COL MAX. CHANGE LAYER,ROW,COL MAX. CHANGE LAYER,ROW,COL
 ------------------------------------------------------------------------------------------------------------------------------------
    0.000     (  1,  1,  1)
  MAXIMUM CONCENTRATION CHANGES FOR EACH ITERATION:
  MAX. CHANGE LAYER,ROW,COL MAX. CHANGE LAYER,ROW,COL MAX. CHANGE LAYER,ROW,COL MAX. CHANGE LAYER,ROW,COL MAX. CHANGE LAYER,ROW,COL
 ------------------------------------------------------------------------------------------------------------------------------------
   0.6785E-02 (  1, 26, 19)  0.5559E-05 (  1, 26, 20)  0.4392E-08 (  1, 27, 41)  0.7243E-11 (  1, 27, 41)
  MAXIMUM CONCENTRATION CHANGES FOR EACH ITERATION:
  MAX. CHANGE LAYER,ROW,COL MAX. CHANGE LAYER,ROW,COL MAX. CHANGE LAYER,ROW,COL MAX. CHANGE LAYER,ROW,COL MAX. CHANGE LAYER,ROW,COL
 ------------------------------------------------------------------------------------------------------------------------------------
   0.1140E-01 (  1, 30, 21)  0.1100E-04 (  1, 29, 20)  0.5212E-08 (  1, 28, 22)  0.3708E-11 (  1, 27, 24)
  MAXIMUM CONCENTRATION CHANGES FOR EACH ITERATION:
  MAX. CHANGE LAYER,ROW,COL MAX. CHANGE LAYER,ROW,COL MAX. CHANGE LAYER,ROW,COL MAX. CHANGE LAYER,ROW,COL MAX. CHANGE LAYER,ROW,COL
 ------------------------------------------------------------------------------------------------------------------------------------
    0.000     (  1,  1,  1)
  MAXIMUM CONCENTRATION CHANGES FOR EACH ITERATION:
  MAX. CHANGE LAYER,ROW,COL MAX. CHANGE LAYER,ROW,COL MAX. CHANGE LAYER,ROW,COL MAX. CHANGE LAYER,ROW,COL MAX. CHANGE LAYER,ROW,COL
 ------------------------------------------------------------------------------------------------------------------------------------
    0.000     (  1,  1,  1)
  MAXIMUM CONCENTRATION CHANGES FOR EACH ITERATION:
  MAX. CHANGE LAYER,ROW,COL MAX. CHANGE LAYER,ROW,COL MAX. CHANGE LAYER,ROW,COL MAX. CHANGE LAYER,ROW,COL MAX. CHANGE LAYER,ROW,COL
 ------------------------------------------------------------------------------------------------------------------------------------
   0.1170E-02 (  1, 26, 20)  0.1143E-05 (  1, 26, 19)  0.1299E-08 (  1, 27, 41)  0.1850E-11 (  1, 27, 41)
  MAXIMUM CONCENTRATION CHANGES FOR EACH ITERATION:
  MAX. CHANGE LAYER,ROW,COL MAX. CHANGE LAYER,ROW,COL MAX. CHANGE LAYER,ROW,COL MAX. CHANGE LAYER,ROW,COL MAX. CHANGE LAYER,ROW,COL
 ------------------------------------------------------------------------------------------------------------------------------------
   0.3871E-02 (  1, 26, 19)  0.4197E-05 (  1, 26, 19)  0.2821E-08 (  1, 27, 41)  0.3628E-11 (  1, 27, 41)
  MAXIMUM CONCENTRATION CHANGES FOR EACH ITERATION:
  MAX. CHANGE LAYER,ROW,COL MAX. CHANGE LAYER,ROW,COL MAX. CHANGE LAYER,ROW,COL MAX. CHANGE LAYER,ROW,COL MAX. CHANGE LAYER,ROW,COL
 ------------------------------------------------------------------------------------------------------------------------------------
   0.5259E-02 (  1, 31, 30)  0.4093E-05 (  1, 30, 36)  0.3913E-08 (  1, 29, 40)  0.5586E-11 (  1, 27, 41)
  MAXIMUM CONCENTRATION CHANGES FOR EACH ITERATION:
  MAX. CHANGE LAYER,ROW,COL MAX. CHANGE LAYER,ROW,COL MAX. CHANGE LAYER,ROW,COL MAX. CHANGE LAYER,ROW,COL MAX. CHANGE LAYER,ROW,COL
 ------------------------------------------------------------------------------------------------------------------------------------
   0.7556E-02 (  1, 26, 18)  0.7290E-05 (  1, 26, 18)  0.3709E-08 (  1, 27, 21)  0.2270E-11 (  1, 27, 18)
  MAXIMUM CONCENTRATION CHANGES FOR EACH ITERATION:
  MAX. CHANGE LAYER,ROW,COL MAX. CHANGE LAYER,ROW,COL MAX. CHANGE LAYER,ROW,COL MAX. CHANGE LAYER,ROW,COL MAX. CHANGE LAYER,ROW,COL
 ------------------------------------------------------------------------------------------------------------------------------------
   0.1268E-01 (  1, 34, 27)  0.1122E-04 (  1, 33, 32)  0.9147E-08 (  1, 32, 35)  0.7281E-11 (  1, 31, 37)
  MAXIMUM CONCENTRATION CHANGES FOR EACH ITERATION:
  MAX. CHANGE LAYER,ROW,COL MAX. CHANGE LAYER,ROW,COL MAX. CHANGE LAYER,ROW,COL MAX. CHANGE LAYER,ROW,COL MAX. CHANGE LAYER,ROW,COL
 ------------------------------------------------------------------------------------------------------------------------------------
   0.3241E-01 (  1, 13, 25)  0.1418E-04 (  1, 34, 23)  0.8224E-08 (  1, 33, 24)  0.4955E-11 (  1, 32, 25)
  MAXIMUM CONCENTRATION CHANGES FOR EACH ITERATION:
  MAX. CHANGE LAYER,ROW,COL MAX. CHANGE LAYER,ROW,COL MAX. CHANGE LAYER,ROW,COL MAX. CHANGE LAYER,ROW,COL MAX. CHANGE LAYER,ROW,COL
 ------------------------------------------------------------------------------------------------------------------------------------
   0.1268E-01 (  1, 34, 27)  0.1122E-04 (  1, 33, 32)  0.9147E-08 (  1, 32, 35)  0.7281E-11 (  1, 31, 37)


                                          ================================================
                                                         TIME STEP NO.  029
                                          ================================================

 FROM TIME =   280.00     TO    290.00    















































  MAXIMUM CONCENTRATION CHANGES FOR EACH ITERATION:
  MAX. CHANGE LAYER,ROW,COL MAX. CHANGE LAYER,ROW,COL MAX. CHANGE LAYER,ROW,COL MAX. CHANGE LAYER,ROW,COL MAX. CHANGE LAYER,ROW,COL
 ------------------------------------------------------------------------------------------------------------------------------------
   0.2431E-02 (  1, 26, 19)  0.2262E-05 (  1, 26, 19)  0.1871E-08 (  1, 27, 41)  0.2748E-11 (  1, 27, 41)
  MAXIMUM CONCENTRATION CHANGES FOR EACH ITERATION:
  MAX. CHANGE LAYER,ROW,COL MAX. CHANGE LAYER,ROW,COL MAX. CHANGE LAYER,ROW,COL MAX. CHANGE LAYER,ROW,COL MAX. CHANGE LAYER,ROW,COL
 ------------------------------------------------------------------------------------------------------------------------------------
   0.6111E-03 (  1, 30, 22)  0.7732E-06 (  1, 26, 19)  0.3728E-09 (  1, 29, 40)  0.3507E-12 (  1, 28, 41)
  MAXIMUM CONCENTRATION CHANGES FOR EACH ITERATION:
  MAX. CHANGE LAYER,ROW,COL MAX. CHANGE LAYER,ROW,COL MAX. CHANGE LAYER,ROW,COL MAX. CHANGE LAYER,ROW,COL MAX. CHANGE LAYER,ROW,COL
 ------------------------------------------------------------------------------------------------------------------------------------
   0.2118E-06 (  1, 27, 27)  0.2408E-09 (  1, 28, 28)  0.1654E-12 (  1, 27, 41)
  MAXIMUM CONCENTRATION CHANGES FOR EACH ITERATION:
  MAX. CHANGE LAYER,ROW,COL MAX. CHANGE LAYER,ROW,COL MAX. CHANGE LAYER,ROW,COL MAX. CHANGE LAYER,ROW,COL MAX. CHANGE LAYER,ROW,COL
 ------------------------------------------------------------------------------------------------------------------------------------
   0.3030E-02 (  1, 26, 18)  0.2614E-05 (  1, 26, 18)  0.2305E-08 (  1, 27, 41)  0.3566E-11 (  1, 27, 41)
  MAXIMUM CONCENTRATION CHANGES FOR EACH ITERATION:
  MAX. CHANGE LAYER,ROW,COL MAX. CHANGE LAYER,ROW,COL MAX. CHANGE LAYER,ROW,COL MAX. CHANGE LAYER,ROW,COL MAX. CHANGE LAYER,ROW,COL
 ------------------------------------------------------------------------------------------------------------------------------------
   0.3760E-02 (  1, 28, 16)  0.3486E-05 (  1, 27, 17)  0.1495E-08 (  1, 17, 13)  0.1194E-11 (  1, 28, 16)
  MAXIMUM CONCENTRATION CHANGES FOR EACH ITERATION:
  MAX. CHANGE LAYER,ROW,COL MAX. CHANGE LAYER,ROW,COL MAX. CHANGE LAYER,ROW,COL MAX. CHANGE LAYER,ROW,COL MAX. CHANGE LAYER,ROW,COL
 ------------------------------------------------------------------------------------------------------------------------------------
    0.000     (  1,  1,  1)
  MAXIMUM CONCENTRATION CHANGES FOR EACH ITERATION:
  MAX. CHANGE LAYER,ROW,COL MAX. CHANGE LAYER,ROW,COL MAX. CHANGE LAYER,ROW,COL MAX. CHANGE LAYER,ROW,COL MAX. CHANGE LAYER,ROW,COL
 ------------------------------------------------------------------------------------------------------------------------------------
    0.000     (  1,  1,  1)
  MAXIMUM CONCENTRATION CHANGES FOR EACH ITERATION:
  MAX. CHANGE LAYER,ROW,COL MAX. CHANGE LAYER,ROW,COL MAX. CHANGE LAYER,ROW,COL MAX. CHANGE LAYER,ROW,COL MAX. CHANGE LAYER,ROW,COL
 ------------------------------------------------------------------------------------------------------------------------------------
   0.5120E-02 (  1, 34, 23)  0.4487E-05 (  1, 13, 13)  0.2718E-08 (  1, 13, 13)  0.2237E-11 (  1, 32, 36)
  MAXIMUM CONCENTRATION CHANGES FOR EACH ITERATION:
  MAX. CHANGE LAYER,ROW,COL MAX. CHANGE LAYER,ROW,COL MAX. CHANGE LAYER,ROW,COL MAX. CHANGE LAYER,ROW,COL MAX. CHANGE LAYER,ROW,COL
 ------------------------------------------------------------------------------------------------------------------------------------
   0.3128E-02 (  1, 31, 30)  0.2401E-05 (  1, 16, 17)  0.2059E-08 (  1, 29, 40)  0.2041E-11 (  1, 28, 41)
  MAXIMUM CONCENTRATION CHANGES FOR EACH ITERATION:
  MAX. CHANGE LAYER,ROW,COL MAX. CHANGE LAYER,ROW,COL MAX. CHANGE LAYER,ROW,COL MAX. CHANGE LAYER,ROW,COL MAX. CHANGE LAYER,ROW,COL
 ------------------------------------------------------------------------------------------------------------------------------------
    0.000     (  1,  1,  1)
  MAXIMUM CONCENTRATION CHANGES FOR EACH ITERATION:
  MAX. CHANGE LAYER,ROW,COL MAX. CHANGE LAYER,ROW,COL MAX. CHANGE LAYER,ROW,COL MAX. CHANGE LAYER,ROW,COL MAX. CHANGE LAYER,ROW,COL
 ------------------------------------------------------------------------------------------------------------------------------------
    0.000     (  1,  1,  1)
  MAXIMUM CONCENTRATION CHANGES FOR EACH ITERATION:
  MAX. CHANGE LAYER,ROW,COL MAX. CHANGE LAYER,ROW,COL MAX. CHANGE LAYER,ROW,COL MAX. CHANGE LAYER,ROW,COL MAX. CHANGE LAYER,ROW,COL
 ------------------------------------------------------------------------------------------------------------------------------------
    0.000     (  1,  1,  1)
  MAXIMUM CONCENTRATION CHANGES FOR EACH ITERATION:
  MAX. CHANGE LAYER,ROW,COL MAX. CHANGE LAYER,ROW,COL MAX. CHANGE LAYER,ROW,COL MAX. CHANGE LAYER,ROW,COL MAX. CHANGE LAYER,ROW,COL
 ------------------------------------------------------------------------------------------------------------------------------------
   0.6652E-02 (  1, 26, 19)  0.5308E-05 (  1, 26, 20)  0.3887E-08 (  1, 27, 41)  0.6453E-11 (  1, 27, 41)
  MAXIMUM CONCENTRATION CHANGES FOR EACH ITERATION:
  MAX. CHANGE LAYER,ROW,COL MAX. CHANGE LAYER,ROW,COL MAX. CHANGE LAYER,ROW,COL MAX. CHANGE LAYER,ROW,COL MAX. CHANGE LAYER,ROW,COL
 ------------------------------------------------------------------------------------------------------------------------------------
   0.1229E-01 (  1, 30, 22)  0.1007E-04 (  1, 29, 20)  0.5062E-08 (  1, 28, 22)  0.4196E-11 (  1, 27, 25)
  MAXIMUM CONCENTRATION CHANGES FOR EACH ITERATION:
  MAX. CHANGE LAYER,ROW,COL MAX. CHANGE LAYER,ROW,COL MAX. CHANGE LAYER,ROW,COL MAX. CHANGE LAYER,ROW,COL MAX. CHANGE LAYER,ROW,COL
 ------------------------------------------------------------------------------------------------------------------------------------
    0.000     (  1,  1,  1)
  MAXIMUM CONCENTRATION CHANGES FOR EACH ITERATION:
  MAX. CHANGE LAYER,ROW,COL MAX. CHANGE LAYER,ROW,COL MAX. CHANGE LAYER,ROW,COL MAX. CHANGE LAYER,ROW,COL MAX. CHANGE LAYER,ROW,COL
 ------------------------------------------------------------------------------------------------------------------------------------
    0.000     (  1,  1,  1)
  MAXIMUM CONCENTRATION CHANGES FOR EACH ITERATION:
  MAX. CHANGE LAYER,ROW,COL MAX. CHANGE LAYER,ROW,COL MAX. CHANGE LAYER,ROW,COL MAX. CHANGE LAYER,ROW,COL MAX. CHANGE LAYER,ROW,COL
 ------------------------------------------------------------------------------------------------------------------------------------
   0.1146E-02 (  1, 26, 20)  0.1097E-05 (  1, 26, 17)  0.1240E-08 (  1, 27, 41)  0.1795E-11 (  1, 27, 41)
  MAXIMUM CONCENTRATION CHANGES FOR EACH ITERATION:
  MAX. CHANGE LAYER,ROW,COL MAX. CHANGE LAYER,ROW,COL MAX. CHANGE LAYER,ROW,COL MAX. CHANGE LAYER,ROW,COL MAX. CHANGE LAYER,ROW,COL
 ------------------------------------------------------------------------------------------------------------------------------------
   0.3808E-02 (  1, 26, 19)  0.4102E-05 (  1, 26, 19)  0.2727E-08 (  1, 27, 41)  0.3524E-11 (  1, 27, 41)
  MAXIMUM CONCENTRATION CHANGES FOR EACH ITERATION:
  MAX. CHANGE LAYER,ROW,COL MAX. CHANGE LAYER,ROW,COL MAX. CHANGE LAYER,ROW,COL MAX. CHANGE LAYER,ROW,COL MAX. CHANGE LAYER,ROW,COL
 ------------------------------------------------------------------------------------------------------------------------------------
   0.5295E-02 (  1, 31, 30)  0.4084E-05 (  1, 16, 20)  0.3976E-08 (  1, 29, 40)  0.5027E-11 (  1, 28, 40)
  MAXIMUM CONCENTRATION CHANGES FOR EACH ITERATION:
  MAX. CHANGE LAYER,ROW,COL MAX. CHANGE LAYER,ROW,COL MAX. CHANGE LAYER,ROW,COL MAX. CHANGE LAYER,ROW,COL MAX. CHANGE LAYER,ROW,COL
 ------------------------------------------------------------------------------------------------------------------------------------
   0.7593E-02 (  1, 30, 22)  0.7188E-05 (  1, 26, 19)  0.3689E-08 (  1, 27, 22)  0.2448E-11 (  1, 27, 24)
  MAXIMUM CONCENTRATION CHANGES FOR EACH ITERATION:
  MAX. CHANGE LAYER,ROW,COL MAX. CHANGE LAYER,ROW,COL MAX. CHANGE LAYER,ROW,COL MAX. CHANGE LAYER,ROW,COL MAX. CHANGE LAYER,ROW,COL
 ------------------------------------------------------------------------------------------------------------------------------------
   0.1267E-01 (  1, 34, 27)  0.1127E-04 (  1, 33, 32)  0.9213E-08 (  1, 32, 35)  0.7325E-11 (  1, 31, 37)
  MAXIMUM CONCENTRATION CHANGES FOR EACH ITERATION:
  MAX. CHANGE LAYER,ROW,COL MAX. CHANGE LAYER,ROW,COL MAX. CHANGE LAYER,ROW,COL MAX. CHANGE LAYER,ROW,COL MAX. CHANGE LAYER,ROW,COL
 ------------------------------------------------------------------------------------------------------------------------------------
   0.3862E-01 (  1, 27, 58)  0.1524E-04 (  1, 28, 57)  0.1024E-07 (  1, 29, 55)  0.5543E-11 (  1, 32, 25)
  MAXIMUM CONCENTRATION CHANGES FOR EACH ITERATION:
  MAX. CHANGE LAYER,ROW,COL MAX. CHANGE LAYER,ROW,COL MAX. CHANGE LAYER,ROW,COL MAX. CHANGE LAYER,ROW,COL MAX. CHANGE LAYER,ROW,COL
 ------------------------------------------------------------------------------------------------------------------------------------
   0.1267E-01 (  1, 34, 27)  0.1127E-04 (  1, 33, 32)  0.9213E-08 (  1, 32, 35)  0.7325E-11 (  1, 31, 37)


                                          ================================================
                                                         TIME STEP NO.  030
                                          ================================================

 FROM TIME =   290.00     TO    300.00    















































  MAXIMUM CONCENTRATION CHANGES FOR EACH ITERATION:
  MAX. CHANGE LAYER,ROW,COL MAX. CHANGE LAYER,ROW,COL MAX. CHANGE LAYER,ROW,COL MAX. CHANGE LAYER,ROW,COL MAX. CHANGE LAYER,ROW,COL
 ------------------------------------------------------------------------------------------------------------------------------------
   0.2435E-02 (  1, 26, 19)  0.2211E-05 (  1, 26, 19)  0.1768E-08 (  1, 27, 41)  0.2622E-11 (  1, 27, 41)
  MAXIMUM CONCENTRATION CHANGES FOR EACH ITERATION:
  MAX. CHANGE LAYER,ROW,COL MAX. CHANGE LAYER,ROW,COL MAX. CHANGE LAYER,ROW,COL MAX. CHANGE LAYER,ROW,COL MAX. CHANGE LAYER,ROW,COL
 ------------------------------------------------------------------------------------------------------------------------------------
   0.6405E-03 (  1, 30, 22)  0.7971E-06 (  1, 26, 19)  0.3764E-09 (  1, 29, 40)  0.3493E-12 (  1, 28, 41)
  MAXIMUM CONCENTRATION CHANGES FOR EACH ITERATION:
  MAX. CHANGE LAYER,ROW,COL MAX. CHANGE LAYER,ROW,COL MAX. CHANGE LAYER,ROW,COL MAX. CHANGE LAYER,ROW,COL MAX. CHANGE LAYER,ROW,COL
 ------------------------------------------------------------------------------------------------------------------------------------
   0.2030E-06 (  1, 27, 28)  0.2268E-09 (  1, 28, 29)  0.2010E-12 (  1, 27, 41)
  MAXIMUM CONCENTRATION CHANGES FOR EACH ITERATION:
  MAX. CHANGE LAYER,ROW,COL MAX. CHANGE LAYER,ROW,COL MAX. CHANGE LAYER,ROW,COL MAX. CHANGE LAYER,ROW,COL MAX. CHANGE LAYER,ROW,COL
 ------------------------------------------------------------------------------------------------------------------------------------
   0.3031E-02 (  1, 26, 18)  0.2588E-05 (  1, 26, 18)  0.2199E-08 (  1, 27, 41)  0.3424E-11 (  1, 27, 41)
  MAXIMUM CONCENTRATION CHANGES FOR EACH ITERATION:
  MAX. CHANGE LAYER,ROW,COL MAX. CHANGE LAYER,ROW,COL MAX. CHANGE LAYER,ROW,COL MAX. CHANGE LAYER,ROW,COL MAX. CHANGE LAYER,ROW,COL
 ------------------------------------------------------------------------------------------------------------------------------------
   0.3763E-02 (  1, 28, 16)  0.3488E-05 (  1, 27, 17)  0.1496E-08 (  1, 17, 13)  0.1193E-11 (  1, 28, 16)
  MAXIMUM CONCENTRATION CHANGES FOR EACH ITERATION:
  MAX. CHANGE LAYER,ROW,COL MAX. CHANGE LAYER,ROW,COL MAX. CHANGE LAYER,ROW,COL MAX. CHANGE LAYER,ROW,COL MAX. CHANGE LAYER,ROW,COL
 ------------------------------------------------------------------------------------------------------------------------------------
    0.000     (  1,  1,  1)
  MAXIMUM CONCENTRATION CHANGES FOR EACH ITERATION:
  MAX. CHANGE LAYER,ROW,COL MAX. CHANGE LAYER,ROW,COL MAX. CHANGE LAYER,ROW,COL MAX. CHANGE LAYER,ROW,COL MAX. CHANGE LAYER,ROW,COL
 ------------------------------------------------------------------------------------------------------------------------------------
    0.000     (  1,  1,  1)
  MAXIMUM CONCENTRATION CHANGES FOR EACH ITERATION:
  MAX. CHANGE LAYER,ROW,COL MAX. CHANGE LAYER,ROW,COL MAX. CHANGE LAYER,ROW,COL MAX. CHANGE LAYER,ROW,COL MAX. CHANGE LAYER,ROW,COL
 ------------------------------------------------------------------------------------------------------------------------------------
   0.5133E-02 (  1, 34, 23)  0.4487E-05 (  1, 13, 13)  0.2735E-08 (  1, 13, 13)  0.2229E-11 (  1, 32, 36)
  MAXIMUM CONCENTRATION CHANGES FOR EACH ITERATION:
  MAX. CHANGE LAYER,ROW,COL MAX. CHANGE LAYER,ROW,COL MAX. CHANGE LAYER,ROW,COL MAX. CHANGE LAYER,ROW,COL MAX. CHANGE LAYER,ROW,COL
 ------------------------------------------------------------------------------------------------------------------------------------
   0.3171E-02 (  1, 31, 30)  0.2525E-05 (  1, 16, 17)  0.2092E-08 (  1, 29, 40)  0.2081E-11 (  1, 28, 41)
  MAXIMUM CONCENTRATION CHANGES FOR EACH ITERATION:
  MAX. CHANGE LAYER,ROW,COL MAX. CHANGE LAYER,ROW,COL MAX. CHANGE LAYER,ROW,COL MAX. CHANGE LAYER,ROW,COL MAX. CHANGE LAYER,ROW,COL
 ------------------------------------------------------------------------------------------------------------------------------------
    0.000     (  1,  1,  1)
  MAXIMUM CONCENTRATION CHANGES FOR EACH ITERATION:
  MAX. CHANGE LAYER,ROW,COL MAX. CHANGE LAYER,ROW,COL MAX. CHANGE LAYER,ROW,COL MAX. CHANGE LAYER,ROW,COL MAX. CHANGE LAYER,ROW,COL
 ------------------------------------------------------------------------------------------------------------------------------------
    0.000     (  1,  1,  1)
  MAXIMUM CONCENTRATION CHANGES FOR EACH ITERATION:
  MAX. CHANGE LAYER,ROW,COL MAX. CHANGE LAYER,ROW,COL MAX. CHANGE LAYER,ROW,COL MAX. CHANGE LAYER,ROW,COL MAX. CHANGE LAYER,ROW,COL
 ------------------------------------------------------------------------------------------------------------------------------------
    0.000     (  1,  1,  1)
  MAXIMUM CONCENTRATION CHANGES FOR EACH ITERATION:
  MAX. CHANGE LAYER,ROW,COL MAX. CHANGE LAYER,ROW,COL MAX. CHANGE LAYER,ROW,COL MAX. CHANGE LAYER,ROW,COL MAX. CHANGE LAYER,ROW,COL
 ------------------------------------------------------------------------------------------------------------------------------------
   0.7133E-02 (  1, 26, 20)  0.5440E-05 (  1, 26, 21)  0.3581E-08 (  1, 27, 41)  0.6002E-11 (  1, 27, 41)
  MAXIMUM CONCENTRATION CHANGES FOR EACH ITERATION:
  MAX. CHANGE LAYER,ROW,COL MAX. CHANGE LAYER,ROW,COL MAX. CHANGE LAYER,ROW,COL MAX. CHANGE LAYER,ROW,COL MAX. CHANGE LAYER,ROW,COL
 ------------------------------------------------------------------------------------------------------------------------------------
   0.1148E-01 (  1, 30, 22)  0.1167E-04 (  1, 29, 21)  0.5151E-08 (  1, 28, 23)  0.3854E-11 (  1, 27, 25)
  MAXIMUM CONCENTRATION CHANGES FOR EACH ITERATION:
  MAX. CHANGE LAYER,ROW,COL MAX. CHANGE LAYER,ROW,COL MAX. CHANGE LAYER,ROW,COL MAX. CHANGE LAYER,ROW,COL MAX. CHANGE LAYER,ROW,COL
 ------------------------------------------------------------------------------------------------------------------------------------
    0.000     (  1,  1,  1)
  MAXIMUM CONCENTRATION CHANGES FOR EACH ITERATION:
  MAX. CHANGE LAYER,ROW,COL MAX. CHANGE LAYER,ROW,COL MAX. CHANGE LAYER,ROW,COL MAX. CHANGE LAYER,ROW,COL MAX. CHANGE LAYER,ROW,COL
 ------------------------------------------------------------------------------------------------------------------------------------
    0.000     (  1,  1,  1)
  MAXIMUM CONCENTRATION CHANGES FOR EACH ITERATION:
  MAX. CHANGE LAYER,ROW,COL MAX. CHANGE LAYER,ROW,COL MAX. CHANGE LAYER,ROW,COL MAX. CHANGE LAYER,ROW,COL MAX. CHANGE LAYER,ROW,COL
 ------------------------------------------------------------------------------------------------------------------------------------
   0.1152E-02 (  1, 26, 17)  0.1098E-05 (  1, 26, 17)  0.1174E-08 (  1, 27, 41)  0.1729E-11 (  1, 27, 41)
  MAXIMUM CONCENTRATION CHANGES FOR EACH ITERATION:
  MAX. CHANGE LAYER,ROW,COL MAX. CHANGE LAYER,ROW,COL MAX. CHANGE LAYER,ROW,COL MAX. CHANGE LAYER,ROW,COL MAX. CHANGE LAYER,ROW,COL
 ------------------------------------------------------------------------------------------------------------------------------------
   0.3756E-02 (  1, 26, 19)  0.4010E-05 (  1, 26, 19)  0.2573E-08 (  1, 27, 41)  0.3319E-11 (  1, 27, 41)
  MAXIMUM CONCENTRATION CHANGES FOR EACH ITERATION:
  MAX. CHANGE LAYER,ROW,COL MAX. CHANGE LAYER,ROW,COL MAX. CHANGE LAYER,ROW,COL MAX. CHANGE LAYER,ROW,COL MAX. CHANGE LAYER,ROW,COL
 ------------------------------------------------------------------------------------------------------------------------------------
   0.5310E-02 (  1, 31, 30)  0.4200E-05 (  1, 16, 21)  0.4007E-08 (  1, 29, 40)  0.4883E-11 (  1, 28, 40)
  MAXIMUM CONCENTRATION CHANGES FOR EACH ITERATION:
  MAX. CHANGE LAYER,ROW,COL MAX. CHANGE LAYER,ROW,COL MAX. CHANGE LAYER,ROW,COL MAX. CHANGE LAYER,ROW,COL MAX. CHANGE LAYER,ROW,COL
 ------------------------------------------------------------------------------------------------------------------------------------
   0.9170E-02 (  1, 30, 22)  0.7602E-05 (  1, 26, 19)  0.3926E-08 (  1, 27, 22)  0.2965E-11 (  1, 27, 25)
  MAXIMUM CONCENTRATION CHANGES FOR EACH ITERATION:
  MAX. CHANGE LAYER,ROW,COL MAX. CHANGE LAYER,ROW,COL MAX. CHANGE LAYER,ROW,COL MAX. CHANGE LAYER,ROW,COL MAX. CHANGE LAYER,ROW,COL
 ------------------------------------------------------------------------------------------------------------------------------------
   0.1269E-01 (  1, 34, 26)  0.1129E-04 (  1, 33, 32)  0.9263E-08 (  1, 32, 35)  0.7360E-11 (  1, 31, 37)
  MAXIMUM CONCENTRATION CHANGES FOR EACH ITERATION:
  MAX. CHANGE LAYER,ROW,COL MAX. CHANGE LAYER,ROW,COL MAX. CHANGE LAYER,ROW,COL MAX. CHANGE LAYER,ROW,COL MAX. CHANGE LAYER,ROW,COL
 ------------------------------------------------------------------------------------------------------------------------------------
   0.3342E-01 (  1, 14, 33)  0.1147E-04 (  1, 24, 61)  0.6871E-08 (  1, 34, 23)  0.4784E-11 (  1, 34, 23)
  MAXIMUM CONCENTRATION CHANGES FOR EACH ITERATION:
  MAX. CHANGE LAYER,ROW,COL MAX. CHANGE LAYER,ROW,COL MAX. CHANGE LAYER,ROW,COL MAX. CHANGE LAYER,ROW,COL MAX. CHANGE LAYER,ROW,COL
 ------------------------------------------------------------------------------------------------------------------------------------
   0.1269E-01 (  1, 34, 26)  0.1129E-04 (  1, 33, 32)  0.9263E-08 (  1, 32, 35)  0.7360E-11 (  1, 31, 37)


                                          ================================================
                                                         TIME STEP NO.  031
                                          ================================================

 FROM TIME =   300.00     TO    310.00    















































  MAXIMUM CONCENTRATION CHANGES FOR EACH ITERATION:
  MAX. CHANGE LAYER,ROW,COL MAX. CHANGE LAYER,ROW,COL MAX. CHANGE LAYER,ROW,COL MAX. CHANGE LAYER,ROW,COL MAX. CHANGE LAYER,ROW,COL
 ------------------------------------------------------------------------------------------------------------------------------------
   0.2382E-02 (  1, 26, 19)  0.2111E-05 (  1, 26, 19)  0.1656E-08 (  1, 27, 41)  0.2481E-11 (  1, 27, 41)
  MAXIMUM CONCENTRATION CHANGES FOR EACH ITERATION:
  MAX. CHANGE LAYER,ROW,COL MAX. CHANGE LAYER,ROW,COL MAX. CHANGE LAYER,ROW,COL MAX. CHANGE LAYER,ROW,COL MAX. CHANGE LAYER,ROW,COL
 ------------------------------------------------------------------------------------------------------------------------------------
   0.6353E-03 (  1, 30, 23)  0.7762E-06 (  1, 26, 19)  0.3773E-09 (  1, 29, 40)  0.3506E-12 (  1, 28, 41)
  MAXIMUM CONCENTRATION CHANGES FOR EACH ITERATION:
  MAX. CHANGE LAYER,ROW,COL MAX. CHANGE LAYER,ROW,COL MAX. CHANGE LAYER,ROW,COL MAX. CHANGE LAYER,ROW,COL MAX. CHANGE LAYER,ROW,COL
 ------------------------------------------------------------------------------------------------------------------------------------
   0.1918E-06 (  1, 27, 28)  0.2138E-09 (  1, 28, 29)  0.2265E-12 (  1, 27, 41)
  MAXIMUM CONCENTRATION CHANGES FOR EACH ITERATION:
  MAX. CHANGE LAYER,ROW,COL MAX. CHANGE LAYER,ROW,COL MAX. CHANGE LAYER,ROW,COL MAX. CHANGE LAYER,ROW,COL MAX. CHANGE LAYER,ROW,COL
 ------------------------------------------------------------------------------------------------------------------------------------
   0.3032E-02 (  1, 26, 18)  0.2562E-05 (  1, 26, 18)  0.2085E-08 (  1, 27, 41)  0.3268E-11 (  1, 27, 41)
  MAXIMUM CONCENTRATION CHANGES FOR EACH ITERATION:
  MAX. CHANGE LAYER,ROW,COL MAX. CHANGE LAYER,ROW,COL MAX. CHANGE LAYER,ROW,COL MAX. CHANGE LAYER,ROW,COL MAX. CHANGE LAYER,ROW,COL
 ------------------------------------------------------------------------------------------------------------------------------------
   0.3766E-02 (  1, 28, 16)  0.3489E-05 (  1, 27, 17)  0.1496E-08 (  1, 17, 13)  0.1193E-11 (  1, 28, 16)
  MAXIMUM CONCENTRATION CHANGES FOR EACH ITERATION:
  MAX. CHANGE LAYER,ROW,COL MAX. CHANGE LAYER,ROW,COL MAX. CHANGE LAYER,ROW,COL MAX. CHANGE LAYER,ROW,COL MAX. CHANGE LAYER,ROW,COL
 ------------------------------------------------------------------------------------------------------------------------------------
    0.000     (  1,  1,  1)
  MAXIMUM CONCENTRATION CHANGES FOR EACH ITERATION:
  MAX. CHANGE LAYER,ROW,COL MAX. CHANGE LAYER,ROW,COL MAX. CHANGE LAYER,ROW,COL MAX. CHANGE LAYER,ROW,COL MAX. CHANGE LAYER,ROW,COL
 ------------------------------------------------------------------------------------------------------------------------------------
    0.000     (  1,  1,  1)
  MAXIMUM CONCENTRATION CHANGES FOR EACH ITERATION:
  MAX. CHANGE LAYER,ROW,COL MAX. CHANGE LAYER,ROW,COL MAX. CHANGE LAYER,ROW,COL MAX. CHANGE LAYER,ROW,COL MAX. CHANGE LAYER,ROW,COL
 ------------------------------------------------------------------------------------------------------------------------------------
   0.5146E-02 (  1, 34, 23)  0.4492E-05 (  1, 13, 13)  0.2755E-08 (  1, 13, 13)  0.2222E-11 (  1, 32, 36)
  MAXIMUM CONCENTRATION CHANGES FOR EACH ITERATION:
  MAX. CHANGE LAYER,ROW,COL MAX. CHANGE LAYER,ROW,COL MAX. CHANGE LAYER,ROW,COL MAX. CHANGE LAYER,ROW,COL MAX. CHANGE LAYER,ROW,COL
 ------------------------------------------------------------------------------------------------------------------------------------
   0.3175E-02 (  1, 31, 30)  0.2507E-05 (  1, 16, 22)  0.2090E-08 (  1, 29, 40)  0.2092E-11 (  1, 28, 41)
  MAXIMUM CONCENTRATION CHANGES FOR EACH ITERATION:
  MAX. CHANGE LAYER,ROW,COL MAX. CHANGE LAYER,ROW,COL MAX. CHANGE LAYER,ROW,COL MAX. CHANGE LAYER,ROW,COL MAX. CHANGE LAYER,ROW,COL
 ------------------------------------------------------------------------------------------------------------------------------------
    0.000     (  1,  1,  1)
  MAXIMUM CONCENTRATION CHANGES FOR EACH ITERATION:
  MAX. CHANGE LAYER,ROW,COL MAX. CHANGE LAYER,ROW,COL MAX. CHANGE LAYER,ROW,COL MAX. CHANGE LAYER,ROW,COL MAX. CHANGE LAYER,ROW,COL
 ------------------------------------------------------------------------------------------------------------------------------------
    0.000     (  1,  1,  1)
  MAXIMUM CONCENTRATION CHANGES FOR EACH ITERATION:
  MAX. CHANGE LAYER,ROW,COL MAX. CHANGE LAYER,ROW,COL MAX. CHANGE LAYER,ROW,COL MAX. CHANGE LAYER,ROW,COL MAX. CHANGE LAYER,ROW,COL
 ------------------------------------------------------------------------------------------------------------------------------------
    0.000     (  1,  1,  1)
  MAXIMUM CONCENTRATION CHANGES FOR EACH ITERATION:
  MAX. CHANGE LAYER,ROW,COL MAX. CHANGE LAYER,ROW,COL MAX. CHANGE LAYER,ROW,COL MAX. CHANGE LAYER,ROW,COL MAX. CHANGE LAYER,ROW,COL
 ------------------------------------------------------------------------------------------------------------------------------------
   0.6912E-02 (  1, 26, 20)  0.5279E-05 (  1, 26, 21)  0.3347E-08 (  1, 27, 41)  0.5575E-11 (  1, 27, 41)
  MAXIMUM CONCENTRATION CHANGES FOR EACH ITERATION:
  MAX. CHANGE LAYER,ROW,COL MAX. CHANGE LAYER,ROW,COL MAX. CHANGE LAYER,ROW,COL MAX. CHANGE LAYER,ROW,COL MAX. CHANGE LAYER,ROW,COL
 ------------------------------------------------------------------------------------------------------------------------------------
   0.1226E-01 (  1, 30, 23)  0.1025E-04 (  1, 29, 21)  0.5196E-08 (  1, 28, 23)  0.4408E-11 (  1, 27, 26)
  MAXIMUM CONCENTRATION CHANGES FOR EACH ITERATION:
  MAX. CHANGE LAYER,ROW,COL MAX. CHANGE LAYER,ROW,COL MAX. CHANGE LAYER,ROW,COL MAX. CHANGE LAYER,ROW,COL MAX. CHANGE LAYER,ROW,COL
 ------------------------------------------------------------------------------------------------------------------------------------
    0.000     (  1,  1,  1)
  MAXIMUM CONCENTRATION CHANGES FOR EACH ITERATION:
  MAX. CHANGE LAYER,ROW,COL MAX. CHANGE LAYER,ROW,COL MAX. CHANGE LAYER,ROW,COL MAX. CHANGE LAYER,ROW,COL MAX. CHANGE LAYER,ROW,COL
 ------------------------------------------------------------------------------------------------------------------------------------
    0.000     (  1,  1,  1)
  MAXIMUM CONCENTRATION CHANGES FOR EACH ITERATION:
  MAX. CHANGE LAYER,ROW,COL MAX. CHANGE LAYER,ROW,COL MAX. CHANGE LAYER,ROW,COL MAX. CHANGE LAYER,ROW,COL MAX. CHANGE LAYER,ROW,COL
 ------------------------------------------------------------------------------------------------------------------------------------
   0.1240E-02 (  1, 26, 18)  0.1154E-05 (  1, 26, 18)  0.1100E-08 (  1, 27, 41)  0.1649E-11 (  1, 27, 41)
  MAXIMUM CONCENTRATION CHANGES FOR EACH ITERATION:
  MAX. CHANGE LAYER,ROW,COL MAX. CHANGE LAYER,ROW,COL MAX. CHANGE LAYER,ROW,COL MAX. CHANGE LAYER,ROW,COL MAX. CHANGE LAYER,ROW,COL
 ------------------------------------------------------------------------------------------------------------------------------------
   0.3699E-02 (  1, 26, 19)  0.3908E-05 (  1, 26, 19)  0.2390E-08 (  1, 27, 41)  0.3067E-11 (  1, 27, 41)
  MAXIMUM CONCENTRATION CHANGES FOR EACH ITERATION:
  MAX. CHANGE LAYER,ROW,COL MAX. CHANGE LAYER,ROW,COL MAX. CHANGE LAYER,ROW,COL MAX. CHANGE LAYER,ROW,COL MAX. CHANGE LAYER,ROW,COL
 ------------------------------------------------------------------------------------------------------------------------------------
   0.5289E-02 (  1, 31, 29)  0.4242E-05 (  1, 16, 23)  0.3986E-08 (  1, 29, 40)  0.4718E-11 (  1, 28, 40)
  MAXIMUM CONCENTRATION CHANGES FOR EACH ITERATION:
  MAX. CHANGE LAYER,ROW,COL MAX. CHANGE LAYER,ROW,COL MAX. CHANGE LAYER,ROW,COL MAX. CHANGE LAYER,ROW,COL MAX. CHANGE LAYER,ROW,COL
 ------------------------------------------------------------------------------------------------------------------------------------
   0.9271E-02 (  1, 30, 23)  0.7132E-05 (  1, 26, 19)  0.4268E-08 (  1, 28, 22)  0.3136E-11 (  1, 27, 25)
  MAXIMUM CONCENTRATION CHANGES FOR EACH ITERATION:
  MAX. CHANGE LAYER,ROW,COL MAX. CHANGE LAYER,ROW,COL MAX. CHANGE LAYER,ROW,COL MAX. CHANGE LAYER,ROW,COL MAX. CHANGE LAYER,ROW,COL
 ------------------------------------------------------------------------------------------------------------------------------------
   0.1275E-01 (  1, 34, 26)  0.1130E-04 (  1, 33, 32)  0.9309E-08 (  1, 32, 35)  0.7397E-11 (  1, 31, 37)
  MAXIMUM CONCENTRATION CHANGES FOR EACH ITERATION:
  MAX. CHANGE LAYER,ROW,COL MAX. CHANGE LAYER,ROW,COL MAX. CHANGE LAYER,ROW,COL MAX. CHANGE LAYER,ROW,COL MAX. CHANGE LAYER,ROW,COL
 ------------------------------------------------------------------------------------------------------------------------------------
   0.3335E-01 (  1, 18, 53)  0.1665E-04 (  1, 29, 59)  0.6391E-08 (  1, 35, 15)  0.3399E-11 (  1, 32, 19)
  MAXIMUM CONCENTRATION CHANGES FOR EACH ITERATION:
  MAX. CHANGE LAYER,ROW,COL MAX. CHANGE LAYER,ROW,COL MAX. CHANGE LAYER,ROW,COL MAX. CHANGE LAYER,ROW,COL MAX. CHANGE LAYER,ROW,COL
 ------------------------------------------------------------------------------------------------------------------------------------
   0.1275E-01 (  1, 34, 26)  0.1130E-04 (  1, 33, 32)  0.9309E-08 (  1, 32, 35)  0.7397E-11 (  1, 31, 37)


                                          ================================================
                                                         TIME STEP NO.  032
                                          ================================================

 FROM TIME =   310.00     TO    320.00    















































  MAXIMUM CONCENTRATION CHANGES FOR EACH ITERATION:
  MAX. CHANGE LAYER,ROW,COL MAX. CHANGE LAYER,ROW,COL MAX. CHANGE LAYER,ROW,COL MAX. CHANGE LAYER,ROW,COL MAX. CHANGE LAYER,ROW,COL
 ------------------------------------------------------------------------------------------------------------------------------------
   0.2354E-02 (  1, 26, 19)  0.2043E-05 (  1, 26, 19)  0.1534E-08 (  1, 27, 41)  0.2320E-11 (  1, 27, 41)
  MAXIMUM CONCENTRATION CHANGES FOR EACH ITERATION:
  MAX. CHANGE LAYER,ROW,COL MAX. CHANGE LAYER,ROW,COL MAX. CHANGE LAYER,ROW,COL MAX. CHANGE LAYER,ROW,COL MAX. CHANGE LAYER,ROW,COL
 ------------------------------------------------------------------------------------------------------------------------------------
   0.6539E-03 (  1, 30, 23)  0.7798E-06 (  1, 26, 20)  0.3799E-09 (  1, 29, 40)  0.3547E-12 (  1, 28, 41)
  MAXIMUM CONCENTRATION CHANGES FOR EACH ITERATION:
  MAX. CHANGE LAYER,ROW,COL MAX. CHANGE LAYER,ROW,COL MAX. CHANGE LAYER,ROW,COL MAX. CHANGE LAYER,ROW,COL MAX. CHANGE LAYER,ROW,COL
 ------------------------------------------------------------------------------------------------------------------------------------
   0.1817E-06 (  1, 27, 29)  0.1998E-09 (  1, 28, 30)  0.2448E-12 (  1, 27, 41)
  MAXIMUM CONCENTRATION CHANGES FOR EACH ITERATION:
  MAX. CHANGE LAYER,ROW,COL MAX. CHANGE LAYER,ROW,COL MAX. CHANGE LAYER,ROW,COL MAX. CHANGE LAYER,ROW,COL MAX. CHANGE LAYER,ROW,COL
 ------------------------------------------------------------------------------------------------------------------------------------
   0.3034E-02 (  1, 26, 18)  0.2537E-05 (  1, 26, 18)  0.1967E-08 (  1, 27, 41)  0.3101E-11 (  1, 27, 41)
  MAXIMUM CONCENTRATION CHANGES FOR EACH ITERATION:
  MAX. CHANGE LAYER,ROW,COL MAX. CHANGE LAYER,ROW,COL MAX. CHANGE LAYER,ROW,COL MAX. CHANGE LAYER,ROW,COL MAX. CHANGE LAYER,ROW,COL
 ------------------------------------------------------------------------------------------------------------------------------------
   0.3769E-02 (  1, 28, 16)  0.3491E-05 (  1, 27, 17)  0.1497E-08 (  1, 17, 13)  0.1192E-11 (  1, 28, 16)
  MAXIMUM CONCENTRATION CHANGES FOR EACH ITERATION:
  MAX. CHANGE LAYER,ROW,COL MAX. CHANGE LAYER,ROW,COL MAX. CHANGE LAYER,ROW,COL MAX. CHANGE LAYER,ROW,COL MAX. CHANGE LAYER,ROW,COL
 ------------------------------------------------------------------------------------------------------------------------------------
    0.000     (  1,  1,  1)
  MAXIMUM CONCENTRATION CHANGES FOR EACH ITERATION:
  MAX. CHANGE LAYER,ROW,COL MAX. CHANGE LAYER,ROW,COL MAX. CHANGE LAYER,ROW,COL MAX. CHANGE LAYER,ROW,COL MAX. CHANGE LAYER,ROW,COL
 ------------------------------------------------------------------------------------------------------------------------------------
    0.000     (  1,  1,  1)
  MAXIMUM CONCENTRATION CHANGES FOR EACH ITERATION:
  MAX. CHANGE LAYER,ROW,COL MAX. CHANGE LAYER,ROW,COL MAX. CHANGE LAYER,ROW,COL MAX. CHANGE LAYER,ROW,COL MAX. CHANGE LAYER,ROW,COL
 ------------------------------------------------------------------------------------------------------------------------------------
   0.5158E-02 (  1, 34, 23)  0.4500E-05 (  1, 13, 13)  0.2779E-08 (  1, 13, 13)  0.2214E-11 (  1, 32, 36)
  MAXIMUM CONCENTRATION CHANGES FOR EACH ITERATION:
  MAX. CHANGE LAYER,ROW,COL MAX. CHANGE LAYER,ROW,COL MAX. CHANGE LAYER,ROW,COL MAX. CHANGE LAYER,ROW,COL MAX. CHANGE LAYER,ROW,COL
 ------------------------------------------------------------------------------------------------------------------------------------
   0.3174E-02 (  1, 31, 30)  0.2510E-05 (  1, 16, 24)  0.2103E-08 (  1, 29, 40)  0.2112E-11 (  1, 28, 41)
  MAXIMUM CONCENTRATION CHANGES FOR EACH ITERATION:
  MAX. CHANGE LAYER,ROW,COL MAX. CHANGE LAYER,ROW,COL MAX. CHANGE LAYER,ROW,COL MAX. CHANGE LAYER,ROW,COL MAX. CHANGE LAYER,ROW,COL
 ------------------------------------------------------------------------------------------------------------------------------------
    0.000     (  1,  1,  1)
  MAXIMUM CONCENTRATION CHANGES FOR EACH ITERATION:
  MAX. CHANGE LAYER,ROW,COL MAX. CHANGE LAYER,ROW,COL MAX. CHANGE LAYER,ROW,COL MAX. CHANGE LAYER,ROW,COL MAX. CHANGE LAYER,ROW,COL
 ------------------------------------------------------------------------------------------------------------------------------------
    0.000     (  1,  1,  1)
  MAXIMUM CONCENTRATION CHANGES FOR EACH ITERATION:
  MAX. CHANGE LAYER,ROW,COL MAX. CHANGE LAYER,ROW,COL MAX. CHANGE LAYER,ROW,COL MAX. CHANGE LAYER,ROW,COL MAX. CHANGE LAYER,ROW,COL
 ------------------------------------------------------------------------------------------------------------------------------------
    0.000     (  1,  1,  1)
  MAXIMUM CONCENTRATION CHANGES FOR EACH ITERATION:
  MAX. CHANGE LAYER,ROW,COL MAX. CHANGE LAYER,ROW,COL MAX. CHANGE LAYER,ROW,COL MAX. CHANGE LAYER,ROW,COL MAX. CHANGE LAYER,ROW,COL
 ------------------------------------------------------------------------------------------------------------------------------------
   0.6808E-02 (  1, 26, 20)  0.5123E-05 (  1, 26, 21)  0.2908E-08 (  1, 27, 41)  0.5061E-11 (  1, 27, 41)
  MAXIMUM CONCENTRATION CHANGES FOR EACH ITERATION:
  MAX. CHANGE LAYER,ROW,COL MAX. CHANGE LAYER,ROW,COL MAX. CHANGE LAYER,ROW,COL MAX. CHANGE LAYER,ROW,COL MAX. CHANGE LAYER,ROW,COL
 ------------------------------------------------------------------------------------------------------------------------------------
   0.1197E-01 (  1, 30, 23)  0.1089E-04 (  1, 29, 21)  0.5425E-08 (  1, 28, 23)  0.4275E-11 (  1, 27, 26)
  MAXIMUM CONCENTRATION CHANGES FOR EACH ITERATION:
  MAX. CHANGE LAYER,ROW,COL MAX. CHANGE LAYER,ROW,COL MAX. CHANGE LAYER,ROW,COL MAX. CHANGE LAYER,ROW,COL MAX. CHANGE LAYER,ROW,COL
 ------------------------------------------------------------------------------------------------------------------------------------
    0.000     (  1,  1,  1)
  MAXIMUM CONCENTRATION CHANGES FOR EACH ITERATION:
  MAX. CHANGE LAYER,ROW,COL MAX. CHANGE LAYER,ROW,COL MAX. CHANGE LAYER,ROW,COL MAX. CHANGE LAYER,ROW,COL MAX. CHANGE LAYER,ROW,COL
 ------------------------------------------------------------------------------------------------------------------------------------
    0.000     (  1,  1,  1)
  MAXIMUM CONCENTRATION CHANGES FOR EACH ITERATION:
  MAX. CHANGE LAYER,ROW,COL MAX. CHANGE LAYER,ROW,COL MAX. CHANGE LAYER,ROW,COL MAX. CHANGE LAYER,ROW,COL MAX. CHANGE LAYER,ROW,COL
 ------------------------------------------------------------------------------------------------------------------------------------
   0.1278E-02 (  1, 26, 18)  0.1169E-05 (  1, 26, 18)  0.1024E-08 (  1, 27, 41)  0.1559E-11 (  1, 27, 41)
  MAXIMUM CONCENTRATION CHANGES FOR EACH ITERATION:
  MAX. CHANGE LAYER,ROW,COL MAX. CHANGE LAYER,ROW,COL MAX. CHANGE LAYER,ROW,COL MAX. CHANGE LAYER,ROW,COL MAX. CHANGE LAYER,ROW,COL
 ------------------------------------------------------------------------------------------------------------------------------------
   0.3635E-02 (  1, 26, 19)  0.3805E-05 (  1, 26, 19)  0.2178E-08 (  1, 27, 41)  0.2761E-11 (  1, 27, 41)
  MAXIMUM CONCENTRATION CHANGES FOR EACH ITERATION:
  MAX. CHANGE LAYER,ROW,COL MAX. CHANGE LAYER,ROW,COL MAX. CHANGE LAYER,ROW,COL MAX. CHANGE LAYER,ROW,COL MAX. CHANGE LAYER,ROW,COL
 ------------------------------------------------------------------------------------------------------------------------------------
   0.5306E-02 (  1, 31, 29)  0.4269E-05 (  1, 16, 25)  0.3954E-08 (  1, 29, 40)  0.4575E-11 (  1, 28, 40)
  MAXIMUM CONCENTRATION CHANGES FOR EACH ITERATION:
  MAX. CHANGE LAYER,ROW,COL MAX. CHANGE LAYER,ROW,COL MAX. CHANGE LAYER,ROW,COL MAX. CHANGE LAYER,ROW,COL MAX. CHANGE LAYER,ROW,COL
 ------------------------------------------------------------------------------------------------------------------------------------
   0.1023E-01 (  1, 30, 23)  0.7698E-05 (  1, 26, 20)  0.4498E-08 (  1, 28, 22)  0.3428E-11 (  1, 27, 26)
  MAXIMUM CONCENTRATION CHANGES FOR EACH ITERATION:
  MAX. CHANGE LAYER,ROW,COL MAX. CHANGE LAYER,ROW,COL MAX. CHANGE LAYER,ROW,COL MAX. CHANGE LAYER,ROW,COL MAX. CHANGE LAYER,ROW,COL
 ------------------------------------------------------------------------------------------------------------------------------------
   0.1277E-01 (  1, 34, 26)  0.1132E-04 (  1, 33, 32)  0.9357E-08 (  1, 32, 35)  0.7428E-11 (  1, 31, 37)
  MAXIMUM CONCENTRATION CHANGES FOR EACH ITERATION:
  MAX. CHANGE LAYER,ROW,COL MAX. CHANGE LAYER,ROW,COL MAX. CHANGE LAYER,ROW,COL MAX. CHANGE LAYER,ROW,COL MAX. CHANGE LAYER,ROW,COL
 ------------------------------------------------------------------------------------------------------------------------------------
   0.3306E-01 (  1, 13, 30)  0.1566E-04 (  1, 31, 57)  0.6515E-08 (  1, 29, 60)  0.2816E-11 (  1, 33, 56)
  MAXIMUM CONCENTRATION CHANGES FOR EACH ITERATION:
  MAX. CHANGE LAYER,ROW,COL MAX. CHANGE LAYER,ROW,COL MAX. CHANGE LAYER,ROW,COL MAX. CHANGE LAYER,ROW,COL MAX. CHANGE LAYER,ROW,COL
 ------------------------------------------------------------------------------------------------------------------------------------
   0.1277E-01 (  1, 34, 26)  0.1132E-04 (  1, 33, 32)  0.9357E-08 (  1, 32, 35)  0.7428E-11 (  1, 31, 37)


                                          ================================================
                                                         TIME STEP NO.  033
                                          ================================================

 FROM TIME =   320.00     TO    330.00    















































  MAXIMUM CONCENTRATION CHANGES FOR EACH ITERATION:
  MAX. CHANGE LAYER,ROW,COL MAX. CHANGE LAYER,ROW,COL MAX. CHANGE LAYER,ROW,COL MAX. CHANGE LAYER,ROW,COL MAX. CHANGE LAYER,ROW,COL
 ------------------------------------------------------------------------------------------------------------------------------------
   0.2372E-02 (  1, 26, 20)  0.1999E-05 (  1, 26, 20)  0.1413E-08 (  1, 27, 41)  0.2158E-11 (  1, 27, 41)
  MAXIMUM CONCENTRATION CHANGES FOR EACH ITERATION:
  MAX. CHANGE LAYER,ROW,COL MAX. CHANGE LAYER,ROW,COL MAX. CHANGE LAYER,ROW,COL MAX. CHANGE LAYER,ROW,COL MAX. CHANGE LAYER,ROW,COL
 ------------------------------------------------------------------------------------------------------------------------------------
   0.6391E-03 (  1, 30, 23)  0.8008E-06 (  1, 26, 20)  0.3809E-09 (  1, 29, 40)  0.3604E-12 (  1, 28, 41)
  MAXIMUM CONCENTRATION CHANGES FOR EACH ITERATION:
  MAX. CHANGE LAYER,ROW,COL MAX. CHANGE LAYER,ROW,COL MAX. CHANGE LAYER,ROW,COL MAX. CHANGE LAYER,ROW,COL MAX. CHANGE LAYER,ROW,COL
 ------------------------------------------------------------------------------------------------------------------------------------
   0.1703E-06 (  1, 27, 29)  0.1870E-09 (  1, 28, 30)  0.2576E-12 (  1, 27, 41)
  MAXIMUM CONCENTRATION CHANGES FOR EACH ITERATION:
  MAX. CHANGE LAYER,ROW,COL MAX. CHANGE LAYER,ROW,COL MAX. CHANGE LAYER,ROW,COL MAX. CHANGE LAYER,ROW,COL MAX. CHANGE LAYER,ROW,COL
 ------------------------------------------------------------------------------------------------------------------------------------
   0.3035E-02 (  1, 26, 18)  0.2513E-05 (  1, 26, 18)  0.1846E-08 (  1, 27, 41)  0.2926E-11 (  1, 27, 41)
  MAXIMUM CONCENTRATION CHANGES FOR EACH ITERATION:
  MAX. CHANGE LAYER,ROW,COL MAX. CHANGE LAYER,ROW,COL MAX. CHANGE LAYER,ROW,COL MAX. CHANGE LAYER,ROW,COL MAX. CHANGE LAYER,ROW,COL
 ------------------------------------------------------------------------------------------------------------------------------------
   0.3772E-02 (  1, 28, 16)  0.3492E-05 (  1, 27, 17)  0.1497E-08 (  1, 17, 13)  0.1192E-11 (  1, 28, 16)
  MAXIMUM CONCENTRATION CHANGES FOR EACH ITERATION:
  MAX. CHANGE LAYER,ROW,COL MAX. CHANGE LAYER,ROW,COL MAX. CHANGE LAYER,ROW,COL MAX. CHANGE LAYER,ROW,COL MAX. CHANGE LAYER,ROW,COL
 ------------------------------------------------------------------------------------------------------------------------------------
    0.000     (  1,  1,  1)
  MAXIMUM CONCENTRATION CHANGES FOR EACH ITERATION:
  MAX. CHANGE LAYER,ROW,COL MAX. CHANGE LAYER,ROW,COL MAX. CHANGE LAYER,ROW,COL MAX. CHANGE LAYER,ROW,COL MAX. CHANGE LAYER,ROW,COL
 ------------------------------------------------------------------------------------------------------------------------------------
    0.000     (  1,  1,  1)
  MAXIMUM CONCENTRATION CHANGES FOR EACH ITERATION:
  MAX. CHANGE LAYER,ROW,COL MAX. CHANGE LAYER,ROW,COL MAX. CHANGE LAYER,ROW,COL MAX. CHANGE LAYER,ROW,COL MAX. CHANGE LAYER,ROW,COL
 ------------------------------------------------------------------------------------------------------------------------------------
   0.5169E-02 (  1, 34, 23)  0.4508E-05 (  1, 13, 13)  0.2799E-08 (  1, 13, 13)  0.2209E-11 (  1, 32, 36)
  MAXIMUM CONCENTRATION CHANGES FOR EACH ITERATION:
  MAX. CHANGE LAYER,ROW,COL MAX. CHANGE LAYER,ROW,COL MAX. CHANGE LAYER,ROW,COL MAX. CHANGE LAYER,ROW,COL MAX. CHANGE LAYER,ROW,COL
 ------------------------------------------------------------------------------------------------------------------------------------
   0.3206E-02 (  1, 31, 29)  0.2529E-05 (  1, 16, 18)  0.2097E-08 (  1, 29, 40)  0.2130E-11 (  1, 28, 41)
  MAXIMUM CONCENTRATION CHANGES FOR EACH ITERATION:
  MAX. CHANGE LAYER,ROW,COL MAX. CHANGE LAYER,ROW,COL MAX. CHANGE LAYER,ROW,COL MAX. CHANGE LAYER,ROW,COL MAX. CHANGE LAYER,ROW,COL
 ------------------------------------------------------------------------------------------------------------------------------------
    0.000     (  1,  1,  1)
  MAXIMUM CONCENTRATION CHANGES FOR EACH ITERATION:
  MAX. CHANGE LAYER,ROW,COL MAX. CHANGE LAYER,ROW,COL MAX. CHANGE LAYER,ROW,COL MAX. CHANGE LAYER,ROW,COL MAX. CHANGE LAYER,ROW,COL
 ------------------------------------------------------------------------------------------------------------------------------------
    0.000     (  1,  1,  1)
  MAXIMUM CONCENTRATION CHANGES FOR EACH ITERATION:
  MAX. CHANGE LAYER,ROW,COL MAX. CHANGE LAYER,ROW,COL MAX. CHANGE LAYER,ROW,COL MAX. CHANGE LAYER,ROW,COL MAX. CHANGE LAYER,ROW,COL
 ------------------------------------------------------------------------------------------------------------------------------------
    0.000     (  1,  1,  1)
  MAXIMUM CONCENTRATION CHANGES FOR EACH ITERATION:
  MAX. CHANGE LAYER,ROW,COL MAX. CHANGE LAYER,ROW,COL MAX. CHANGE LAYER,ROW,COL MAX. CHANGE LAYER,ROW,COL MAX. CHANGE LAYER,ROW,COL
 ------------------------------------------------------------------------------------------------------------------------------------
   0.7430E-02 (  1, 26, 20)  0.5737E-05 (  1, 28, 21)  0.2902E-08 (  1, 29, 19)  0.4689E-11 (  1, 27, 41)
  MAXIMUM CONCENTRATION CHANGES FOR EACH ITERATION:
  MAX. CHANGE LAYER,ROW,COL MAX. CHANGE LAYER,ROW,COL MAX. CHANGE LAYER,ROW,COL MAX. CHANGE LAYER,ROW,COL MAX. CHANGE LAYER,ROW,COL
 ------------------------------------------------------------------------------------------------------------------------------------
   0.1223E-01 (  1, 30, 24)  0.1062E-04 (  1, 29, 22)  0.5372E-08 (  1, 28, 24)  0.4591E-11 (  1, 27, 27)
  MAXIMUM CONCENTRATION CHANGES FOR EACH ITERATION:
  MAX. CHANGE LAYER,ROW,COL MAX. CHANGE LAYER,ROW,COL MAX. CHANGE LAYER,ROW,COL MAX. CHANGE LAYER,ROW,COL MAX. CHANGE LAYER,ROW,COL
 ------------------------------------------------------------------------------------------------------------------------------------
    0.000     (  1,  1,  1)
  MAXIMUM CONCENTRATION CHANGES FOR EACH ITERATION:
  MAX. CHANGE LAYER,ROW,COL MAX. CHANGE LAYER,ROW,COL MAX. CHANGE LAYER,ROW,COL MAX. CHANGE LAYER,ROW,COL MAX. CHANGE LAYER,ROW,COL
 ------------------------------------------------------------------------------------------------------------------------------------
    0.000     (  1,  1,  1)
  MAXIMUM CONCENTRATION CHANGES FOR EACH ITERATION:
  MAX. CHANGE LAYER,ROW,COL MAX. CHANGE LAYER,ROW,COL MAX. CHANGE LAYER,ROW,COL MAX. CHANGE LAYER,ROW,COL MAX. CHANGE LAYER,ROW,COL
 ------------------------------------------------------------------------------------------------------------------------------------
   0.1298E-02 (  1, 26, 18)  0.1176E-05 (  1, 26, 18)  0.9417E-09 (  1, 27, 41)  0.1453E-11 (  1, 27, 41)
  MAXIMUM CONCENTRATION CHANGES FOR EACH ITERATION:
  MAX. CHANGE LAYER,ROW,COL MAX. CHANGE LAYER,ROW,COL MAX. CHANGE LAYER,ROW,COL MAX. CHANGE LAYER,ROW,COL MAX. CHANGE LAYER,ROW,COL
 ------------------------------------------------------------------------------------------------------------------------------------
   0.3584E-02 (  1, 26, 19)  0.3712E-05 (  1, 26, 19)  0.1959E-08 (  1, 27, 41)  0.2441E-11 (  1, 27, 41)
  MAXIMUM CONCENTRATION CHANGES FOR EACH ITERATION:
  MAX. CHANGE LAYER,ROW,COL MAX. CHANGE LAYER,ROW,COL MAX. CHANGE LAYER,ROW,COL MAX. CHANGE LAYER,ROW,COL MAX. CHANGE LAYER,ROW,COL
 ------------------------------------------------------------------------------------------------------------------------------------
   0.5321E-02 (  1, 31, 29)  0.4274E-05 (  1, 16, 26)  0.3896E-08 (  1, 29, 40)  0.4463E-11 (  1, 28, 40)
  MAXIMUM CONCENTRATION CHANGES FOR EACH ITERATION:
  MAX. CHANGE LAYER,ROW,COL MAX. CHANGE LAYER,ROW,COL MAX. CHANGE LAYER,ROW,COL MAX. CHANGE LAYER,ROW,COL MAX. CHANGE LAYER,ROW,COL
 ------------------------------------------------------------------------------------------------------------------------------------
   0.9894E-02 (  1, 30, 24)  0.8469E-05 (  1, 29, 21)  0.5173E-08 (  1, 28, 23)  0.3515E-11 (  1, 27, 26)
  MAXIMUM CONCENTRATION CHANGES FOR EACH ITERATION:
  MAX. CHANGE LAYER,ROW,COL MAX. CHANGE LAYER,ROW,COL MAX. CHANGE LAYER,ROW,COL MAX. CHANGE LAYER,ROW,COL MAX. CHANGE LAYER,ROW,COL
 ------------------------------------------------------------------------------------------------------------------------------------
   0.1277E-01 (  1, 34, 26)  0.1134E-04 (  1, 33, 32)  0.9388E-08 (  1, 32, 35)  0.7467E-11 (  1, 31, 37)
  MAXIMUM CONCENTRATION CHANGES FOR EACH ITERATION:
  MAX. CHANGE LAYER,ROW,COL MAX. CHANGE LAYER,ROW,COL MAX. CHANGE LAYER,ROW,COL MAX. CHANGE LAYER,ROW,COL MAX. CHANGE LAYER,ROW,COL
 ------------------------------------------------------------------------------------------------------------------------------------
   0.3681E-01 (  1, 19, 59)  0.1705E-04 (  1, 25, 64)  0.6337E-08 (  1, 17, 61)  0.3010E-11 (  1, 30, 56)
  MAXIMUM CONCENTRATION CHANGES FOR EACH ITERATION:
  MAX. CHANGE LAYER,ROW,COL MAX. CHANGE LAYER,ROW,COL MAX. CHANGE LAYER,ROW,COL MAX. CHANGE LAYER,ROW,COL MAX. CHANGE LAYER,ROW,COL
 ------------------------------------------------------------------------------------------------------------------------------------
   0.1277E-01 (  1, 34, 26)  0.1134E-04 (  1, 33, 32)  0.9388E-08 (  1, 32, 35)  0.7467E-11 (  1, 31, 37)


                                          ================================================
                                                         TIME STEP NO.  034
                                          ================================================

 FROM TIME =   330.00     TO    340.00    















































  MAXIMUM CONCENTRATION CHANGES FOR EACH ITERATION:
  MAX. CHANGE LAYER,ROW,COL MAX. CHANGE LAYER,ROW,COL MAX. CHANGE LAYER,ROW,COL MAX. CHANGE LAYER,ROW,COL MAX. CHANGE LAYER,ROW,COL
 ------------------------------------------------------------------------------------------------------------------------------------
   0.2355E-02 (  1, 26, 20)  0.1950E-05 (  1, 26, 20)  0.1287E-08 (  1, 27, 41)  0.1982E-11 (  1, 27, 41)
  MAXIMUM CONCENTRATION CHANGES FOR EACH ITERATION:
  MAX. CHANGE LAYER,ROW,COL MAX. CHANGE LAYER,ROW,COL MAX. CHANGE LAYER,ROW,COL MAX. CHANGE LAYER,ROW,COL MAX. CHANGE LAYER,ROW,COL
 ------------------------------------------------------------------------------------------------------------------------------------
   0.6641E-03 (  1, 26, 20)  0.8361E-06 (  1, 26, 20)  0.3844E-09 (  1, 26, 20)  0.3672E-12 (  1, 28, 41)
  MAXIMUM CONCENTRATION CHANGES FOR EACH ITERATION:
  MAX. CHANGE LAYER,ROW,COL MAX. CHANGE LAYER,ROW,COL MAX. CHANGE LAYER,ROW,COL MAX. CHANGE LAYER,ROW,COL MAX. CHANGE LAYER,ROW,COL
 ------------------------------------------------------------------------------------------------------------------------------------
   0.1596E-06 (  1, 27, 30)  0.1868E-09 (  1, 27, 41)  0.2662E-12 (  1, 27, 41)
  MAXIMUM CONCENTRATION CHANGES FOR EACH ITERATION:
  MAX. CHANGE LAYER,ROW,COL MAX. CHANGE LAYER,ROW,COL MAX. CHANGE LAYER,ROW,COL MAX. CHANGE LAYER,ROW,COL MAX. CHANGE LAYER,ROW,COL
 ------------------------------------------------------------------------------------------------------------------------------------
   0.3037E-02 (  1, 26, 18)  0.2491E-05 (  1, 26, 18)  0.1726E-08 (  1, 27, 41)  0.2749E-11 (  1, 27, 41)
  MAXIMUM CONCENTRATION CHANGES FOR EACH ITERATION:
  MAX. CHANGE LAYER,ROW,COL MAX. CHANGE LAYER,ROW,COL MAX. CHANGE LAYER,ROW,COL MAX. CHANGE LAYER,ROW,COL MAX. CHANGE LAYER,ROW,COL
 ------------------------------------------------------------------------------------------------------------------------------------
   0.3775E-02 (  1, 28, 16)  0.3494E-05 (  1, 27, 17)  0.1498E-08 (  1, 17, 13)  0.1191E-11 (  1, 28, 16)
  MAXIMUM CONCENTRATION CHANGES FOR EACH ITERATION:
  MAX. CHANGE LAYER,ROW,COL MAX. CHANGE LAYER,ROW,COL MAX. CHANGE LAYER,ROW,COL MAX. CHANGE LAYER,ROW,COL MAX. CHANGE LAYER,ROW,COL
 ------------------------------------------------------------------------------------------------------------------------------------
    0.000     (  1,  1,  1)
  MAXIMUM CONCENTRATION CHANGES FOR EACH ITERATION:
  MAX. CHANGE LAYER,ROW,COL MAX. CHANGE LAYER,ROW,COL MAX. CHANGE LAYER,ROW,COL MAX. CHANGE LAYER,ROW,COL MAX. CHANGE LAYER,ROW,COL
 ------------------------------------------------------------------------------------------------------------------------------------
    0.000     (  1,  1,  1)
  MAXIMUM CONCENTRATION CHANGES FOR EACH ITERATION:
  MAX. CHANGE LAYER,ROW,COL MAX. CHANGE LAYER,ROW,COL MAX. CHANGE LAYER,ROW,COL MAX. CHANGE LAYER,ROW,COL MAX. CHANGE LAYER,ROW,COL
 ------------------------------------------------------------------------------------------------------------------------------------
   0.5179E-02 (  1, 34, 23)  0.4512E-05 (  1, 13, 13)  0.2812E-08 (  1, 13, 13)  0.2207E-11 (  1, 32, 36)
  MAXIMUM CONCENTRATION CHANGES FOR EACH ITERATION:
  MAX. CHANGE LAYER,ROW,COL MAX. CHANGE LAYER,ROW,COL MAX. CHANGE LAYER,ROW,COL MAX. CHANGE LAYER,ROW,COL MAX. CHANGE LAYER,ROW,COL
 ------------------------------------------------------------------------------------------------------------------------------------
   0.3218E-02 (  1, 31, 29)  0.2458E-05 (  1, 16, 19)  0.2082E-08 (  1, 29, 40)  0.2129E-11 (  1, 28, 41)
  MAXIMUM CONCENTRATION CHANGES FOR EACH ITERATION:
  MAX. CHANGE LAYER,ROW,COL MAX. CHANGE LAYER,ROW,COL MAX. CHANGE LAYER,ROW,COL MAX. CHANGE LAYER,ROW,COL MAX. CHANGE LAYER,ROW,COL
 ------------------------------------------------------------------------------------------------------------------------------------
    0.000     (  1,  1,  1)
  MAXIMUM CONCENTRATION CHANGES FOR EACH ITERATION:
  MAX. CHANGE LAYER,ROW,COL MAX. CHANGE LAYER,ROW,COL MAX. CHANGE LAYER,ROW,COL MAX. CHANGE LAYER,ROW,COL MAX. CHANGE LAYER,ROW,COL
 ------------------------------------------------------------------------------------------------------------------------------------
    0.000     (  1,  1,  1)
  MAXIMUM CONCENTRATION CHANGES FOR EACH ITERATION:
  MAX. CHANGE LAYER,ROW,COL MAX. CHANGE LAYER,ROW,COL MAX. CHANGE LAYER,ROW,COL MAX. CHANGE LAYER,ROW,COL MAX. CHANGE LAYER,ROW,COL
 ------------------------------------------------------------------------------------------------------------------------------------
    0.000     (  1,  1,  1)
  MAXIMUM CONCENTRATION CHANGES FOR EACH ITERATION:
  MAX. CHANGE LAYER,ROW,COL MAX. CHANGE LAYER,ROW,COL MAX. CHANGE LAYER,ROW,COL MAX. CHANGE LAYER,ROW,COL MAX. CHANGE LAYER,ROW,COL
 ------------------------------------------------------------------------------------------------------------------------------------
   0.6989E-02 (  1, 26, 21)  0.5332E-05 (  1, 28, 21)  0.2753E-08 (  1, 29, 19)  0.4288E-11 (  1, 27, 41)
  MAXIMUM CONCENTRATION CHANGES FOR EACH ITERATION:
  MAX. CHANGE LAYER,ROW,COL MAX. CHANGE LAYER,ROW,COL MAX. CHANGE LAYER,ROW,COL MAX. CHANGE LAYER,ROW,COL MAX. CHANGE LAYER,ROW,COL
 ------------------------------------------------------------------------------------------------------------------------------------
   0.1216E-01 (  1, 30, 24)  0.1050E-04 (  1, 29, 22)  0.5369E-08 (  1, 28, 24)  0.4570E-11 (  1, 27, 27)
  MAXIMUM CONCENTRATION CHANGES FOR EACH ITERATION:
  MAX. CHANGE LAYER,ROW,COL MAX. CHANGE LAYER,ROW,COL MAX. CHANGE LAYER,ROW,COL MAX. CHANGE LAYER,ROW,COL MAX. CHANGE LAYER,ROW,COL
 ------------------------------------------------------------------------------------------------------------------------------------
    0.000     (  1,  1,  1)
  MAXIMUM CONCENTRATION CHANGES FOR EACH ITERATION:
  MAX. CHANGE LAYER,ROW,COL MAX. CHANGE LAYER,ROW,COL MAX. CHANGE LAYER,ROW,COL MAX. CHANGE LAYER,ROW,COL MAX. CHANGE LAYER,ROW,COL
 ------------------------------------------------------------------------------------------------------------------------------------
    0.000     (  1,  1,  1)
  MAXIMUM CONCENTRATION CHANGES FOR EACH ITERATION:
  MAX. CHANGE LAYER,ROW,COL MAX. CHANGE LAYER,ROW,COL MAX. CHANGE LAYER,ROW,COL MAX. CHANGE LAYER,ROW,COL MAX. CHANGE LAYER,ROW,COL
 ------------------------------------------------------------------------------------------------------------------------------------
   0.1296E-02 (  1, 26, 18)  0.1148E-05 (  1, 26, 18)  0.8583E-09 (  1, 27, 41)  0.1335E-11 (  1, 27, 41)
  MAXIMUM CONCENTRATION CHANGES FOR EACH ITERATION:
  MAX. CHANGE LAYER,ROW,COL MAX. CHANGE LAYER,ROW,COL MAX. CHANGE LAYER,ROW,COL MAX. CHANGE LAYER,ROW,COL MAX. CHANGE LAYER,ROW,COL
 ------------------------------------------------------------------------------------------------------------------------------------
   0.3560E-02 (  1, 26, 19)  0.3655E-05 (  1, 26, 19)  0.1736E-08 (  1, 27, 41)  0.2106E-11 (  1, 27, 41)
  MAXIMUM CONCENTRATION CHANGES FOR EACH ITERATION:
  MAX. CHANGE LAYER,ROW,COL MAX. CHANGE LAYER,ROW,COL MAX. CHANGE LAYER,ROW,COL MAX. CHANGE LAYER,ROW,COL MAX. CHANGE LAYER,ROW,COL
 ------------------------------------------------------------------------------------------------------------------------------------
   0.5334E-02 (  1, 31, 29)  0.4198E-05 (  1, 16, 28)  0.3840E-08 (  1, 29, 40)  0.4354E-11 (  1, 28, 40)
  MAXIMUM CONCENTRATION CHANGES FOR EACH ITERATION:
  MAX. CHANGE LAYER,ROW,COL MAX. CHANGE LAYER,ROW,COL MAX. CHANGE LAYER,ROW,COL MAX. CHANGE LAYER,ROW,COL MAX. CHANGE LAYER,ROW,COL
 ------------------------------------------------------------------------------------------------------------------------------------
   0.1034E-01 (  1, 30, 24)  0.8866E-05 (  1, 26, 20)  0.5379E-08 (  1, 28, 23)  0.3643E-11 (  1, 27, 27)
  MAXIMUM CONCENTRATION CHANGES FOR EACH ITERATION:
  MAX. CHANGE LAYER,ROW,COL MAX. CHANGE LAYER,ROW,COL MAX. CHANGE LAYER,ROW,COL MAX. CHANGE LAYER,ROW,COL MAX. CHANGE LAYER,ROW,COL
 ------------------------------------------------------------------------------------------------------------------------------------
   0.1277E-01 (  1, 34, 26)  0.1135E-04 (  1, 33, 32)  0.9426E-08 (  1, 32, 35)  0.7503E-11 (  1, 31, 37)
  MAXIMUM CONCENTRATION CHANGES FOR EACH ITERATION:
  MAX. CHANGE LAYER,ROW,COL MAX. CHANGE LAYER,ROW,COL MAX. CHANGE LAYER,ROW,COL MAX. CHANGE LAYER,ROW,COL MAX. CHANGE LAYER,ROW,COL
 ------------------------------------------------------------------------------------------------------------------------------------
   0.3891E-01 (  1, 34, 48)  0.1823E-04 (  1, 30, 61)  0.7597E-08 (  1, 32, 49)  0.3442E-11 (  1, 31, 50)
  MAXIMUM CONCENTRATION CHANGES FOR EACH ITERATION:
  MAX. CHANGE LAYER,ROW,COL MAX. CHANGE LAYER,ROW,COL MAX. CHANGE LAYER,ROW,COL MAX. CHANGE LAYER,ROW,COL MAX. CHANGE LAYER,ROW,COL
 ------------------------------------------------------------------------------------------------------------------------------------
   0.1277E-01 (  1, 34, 26)  0.1135E-04 (  1, 33, 32)  0.9426E-08 (  1, 32, 35)  0.7503E-11 (  1, 31, 37)


                                          ================================================
                                                         TIME STEP NO.  035
                                          ================================================

 FROM TIME =   340.00     TO    350.00    















































  MAXIMUM CONCENTRATION CHANGES FOR EACH ITERATION:
  MAX. CHANGE LAYER,ROW,COL MAX. CHANGE LAYER,ROW,COL MAX. CHANGE LAYER,ROW,COL MAX. CHANGE LAYER,ROW,COL MAX. CHANGE LAYER,ROW,COL
 ------------------------------------------------------------------------------------------------------------------------------------
   0.2286E-02 (  1, 26, 20)  0.1859E-05 (  1, 26, 20)  0.1156E-08 (  1, 27, 41)  0.1786E-11 (  1, 27, 41)
  MAXIMUM CONCENTRATION CHANGES FOR EACH ITERATION:
  MAX. CHANGE LAYER,ROW,COL MAX. CHANGE LAYER,ROW,COL MAX. CHANGE LAYER,ROW,COL MAX. CHANGE LAYER,ROW,COL MAX. CHANGE LAYER,ROW,COL
 ------------------------------------------------------------------------------------------------------------------------------------
   0.6174E-03 (  1, 26, 21)  0.7765E-06 (  1, 26, 21)  0.3830E-09 (  1, 29, 40)  0.3720E-12 (  1, 28, 41)
  MAXIMUM CONCENTRATION CHANGES FOR EACH ITERATION:
  MAX. CHANGE LAYER,ROW,COL MAX. CHANGE LAYER,ROW,COL MAX. CHANGE LAYER,ROW,COL MAX. CHANGE LAYER,ROW,COL MAX. CHANGE LAYER,ROW,COL
 ------------------------------------------------------------------------------------------------------------------------------------
   0.1486E-06 (  1, 27, 30)  0.1883E-09 (  1, 27, 41)  0.2719E-12 (  1, 27, 41)
  MAXIMUM CONCENTRATION CHANGES FOR EACH ITERATION:
  MAX. CHANGE LAYER,ROW,COL MAX. CHANGE LAYER,ROW,COL MAX. CHANGE LAYER,ROW,COL MAX. CHANGE LAYER,ROW,COL MAX. CHANGE LAYER,ROW,COL
 ------------------------------------------------------------------------------------------------------------------------------------
   0.3038E-02 (  1, 26, 18)  0.2471E-05 (  1, 26, 18)  0.1689E-08 (  1, 27, 17)  0.2571E-11 (  1, 27, 41)
  MAXIMUM CONCENTRATION CHANGES FOR EACH ITERATION:
  MAX. CHANGE LAYER,ROW,COL MAX. CHANGE LAYER,ROW,COL MAX. CHANGE LAYER,ROW,COL MAX. CHANGE LAYER,ROW,COL MAX. CHANGE LAYER,ROW,COL
 ------------------------------------------------------------------------------------------------------------------------------------
   0.3778E-02 (  1, 28, 16)  0.3495E-05 (  1, 27, 17)  0.1498E-08 (  1, 17, 13)  0.1191E-11 (  1, 28, 16)
  MAXIMUM CONCENTRATION CHANGES FOR EACH ITERATION:
  MAX. CHANGE LAYER,ROW,COL MAX. CHANGE LAYER,ROW,COL MAX. CHANGE LAYER,ROW,COL MAX. CHANGE LAYER,ROW,COL MAX. CHANGE LAYER,ROW,COL
 ------------------------------------------------------------------------------------------------------------------------------------
    0.000     (  1,  1,  1)
  MAXIMUM CONCENTRATION CHANGES FOR EACH ITERATION:
  MAX. CHANGE LAYER,ROW,COL MAX. CHANGE LAYER,ROW,COL MAX. CHANGE LAYER,ROW,COL MAX. CHANGE LAYER,ROW,COL MAX. CHANGE LAYER,ROW,COL
 ------------------------------------------------------------------------------------------------------------------------------------
    0.000     (  1,  1,  1)
  MAXIMUM CONCENTRATION CHANGES FOR EACH ITERATION:
  MAX. CHANGE LAYER,ROW,COL MAX. CHANGE LAYER,ROW,COL MAX. CHANGE LAYER,ROW,COL MAX. CHANGE LAYER,ROW,COL MAX. CHANGE LAYER,ROW,COL
 ------------------------------------------------------------------------------------------------------------------------------------
   0.5188E-02 (  1, 34, 23)  0.4514E-05 (  1, 13, 13)  0.2825E-08 (  1, 13, 13)  0.2207E-11 (  1, 32, 36)
  MAXIMUM CONCENTRATION CHANGES FOR EACH ITERATION:
  MAX. CHANGE LAYER,ROW,COL MAX. CHANGE LAYER,ROW,COL MAX. CHANGE LAYER,ROW,COL MAX. CHANGE LAYER,ROW,COL MAX. CHANGE LAYER,ROW,COL
 ------------------------------------------------------------------------------------------------------------------------------------
   0.3279E-02 (  1, 31, 29)  0.2461E-05 (  1, 30, 30)  0.2077E-08 (  1, 29, 40)  0.2133E-11 (  1, 28, 41)
  MAXIMUM CONCENTRATION CHANGES FOR EACH ITERATION:
  MAX. CHANGE LAYER,ROW,COL MAX. CHANGE LAYER,ROW,COL MAX. CHANGE LAYER,ROW,COL MAX. CHANGE LAYER,ROW,COL MAX. CHANGE LAYER,ROW,COL
 ------------------------------------------------------------------------------------------------------------------------------------
    0.000     (  1,  1,  1)
  MAXIMUM CONCENTRATION CHANGES FOR EACH ITERATION:
  MAX. CHANGE LAYER,ROW,COL MAX. CHANGE LAYER,ROW,COL MAX. CHANGE LAYER,ROW,COL MAX. CHANGE LAYER,ROW,COL MAX. CHANGE LAYER,ROW,COL
 ------------------------------------------------------------------------------------------------------------------------------------
    0.000     (  1,  1,  1)
  MAXIMUM CONCENTRATION CHANGES FOR EACH ITERATION:
  MAX. CHANGE LAYER,ROW,COL MAX. CHANGE LAYER,ROW,COL MAX. CHANGE LAYER,ROW,COL MAX. CHANGE LAYER,ROW,COL MAX. CHANGE LAYER,ROW,COL
 ------------------------------------------------------------------------------------------------------------------------------------
    0.000     (  1,  1,  1)
  MAXIMUM CONCENTRATION CHANGES FOR EACH ITERATION:
  MAX. CHANGE LAYER,ROW,COL MAX. CHANGE LAYER,ROW,COL MAX. CHANGE LAYER,ROW,COL MAX. CHANGE LAYER,ROW,COL MAX. CHANGE LAYER,ROW,COL
 ------------------------------------------------------------------------------------------------------------------------------------
   0.7574E-02 (  1, 27, 22)  0.6111E-05 (  1, 28, 21)  0.3280E-08 (  1, 29, 20)  0.3898E-11 (  1, 27, 41)
  MAXIMUM CONCENTRATION CHANGES FOR EACH ITERATION:
  MAX. CHANGE LAYER,ROW,COL MAX. CHANGE LAYER,ROW,COL MAX. CHANGE LAYER,ROW,COL MAX. CHANGE LAYER,ROW,COL MAX. CHANGE LAYER,ROW,COL
 ------------------------------------------------------------------------------------------------------------------------------------
   0.9511E-02 (  1, 26, 21)  0.1245E-04 (  1, 30, 24)  0.4841E-08 (  1, 29, 25)  0.5641E-11 (  1, 28, 26)
  MAXIMUM CONCENTRATION CHANGES FOR EACH ITERATION:
  MAX. CHANGE LAYER,ROW,COL MAX. CHANGE LAYER,ROW,COL MAX. CHANGE LAYER,ROW,COL MAX. CHANGE LAYER,ROW,COL MAX. CHANGE LAYER,ROW,COL
 ------------------------------------------------------------------------------------------------------------------------------------
    0.000     (  1,  1,  1)
  MAXIMUM CONCENTRATION CHANGES FOR EACH ITERATION:
  MAX. CHANGE LAYER,ROW,COL MAX. CHANGE LAYER,ROW,COL MAX. CHANGE LAYER,ROW,COL MAX. CHANGE LAYER,ROW,COL MAX. CHANGE LAYER,ROW,COL
 ------------------------------------------------------------------------------------------------------------------------------------
    0.000     (  1,  1,  1)
  MAXIMUM CONCENTRATION CHANGES FOR EACH ITERATION:
  MAX. CHANGE LAYER,ROW,COL MAX. CHANGE LAYER,ROW,COL MAX. CHANGE LAYER,ROW,COL MAX. CHANGE LAYER,ROW,COL MAX. CHANGE LAYER,ROW,COL
 ------------------------------------------------------------------------------------------------------------------------------------
   0.1289E-02 (  1, 26, 18)  0.1128E-05 (  1, 26, 18)  0.7741E-09 (  1, 27, 41)  0.1216E-11 (  1, 27, 41)
  MAXIMUM CONCENTRATION CHANGES FOR EACH ITERATION:
  MAX. CHANGE LAYER,ROW,COL MAX. CHANGE LAYER,ROW,COL MAX. CHANGE LAYER,ROW,COL MAX. CHANGE LAYER,ROW,COL MAX. CHANGE LAYER,ROW,COL
 ------------------------------------------------------------------------------------------------------------------------------------
   0.3460E-02 (  1, 26, 19)  0.3523E-05 (  1, 26, 19)  0.1513E-08 (  1, 27, 41)  0.1765E-11 (  1, 27, 41)
  MAXIMUM CONCENTRATION CHANGES FOR EACH ITERATION:
  MAX. CHANGE LAYER,ROW,COL MAX. CHANGE LAYER,ROW,COL MAX. CHANGE LAYER,ROW,COL MAX. CHANGE LAYER,ROW,COL MAX. CHANGE LAYER,ROW,COL
 ------------------------------------------------------------------------------------------------------------------------------------
   0.5347E-02 (  1, 31, 29)  0.4088E-05 (  1, 30, 30)  0.3794E-08 (  1, 29, 40)  0.4265E-11 (  1, 28, 40)
  MAXIMUM CONCENTRATION CHANGES FOR EACH ITERATION:
  MAX. CHANGE LAYER,ROW,COL MAX. CHANGE LAYER,ROW,COL MAX. CHANGE LAYER,ROW,COL MAX. CHANGE LAYER,ROW,COL MAX. CHANGE LAYER,ROW,COL
 ------------------------------------------------------------------------------------------------------------------------------------
   0.9374E-02 (  1, 30, 25)  0.8568E-05 (  1, 29, 22)  0.5126E-08 (  1, 28, 24)  0.3407E-11 (  1, 27, 27)
  MAXIMUM CONCENTRATION CHANGES FOR EACH ITERATION:
  MAX. CHANGE LAYER,ROW,COL MAX. CHANGE LAYER,ROW,COL MAX. CHANGE LAYER,ROW,COL MAX. CHANGE LAYER,ROW,COL MAX. CHANGE LAYER,ROW,COL
 ------------------------------------------------------------------------------------------------------------------------------------
   0.1277E-01 (  1, 34, 26)  0.1135E-04 (  1, 33, 32)  0.9456E-08 (  1, 32, 35)  0.7536E-11 (  1, 31, 37)
  MAXIMUM CONCENTRATION CHANGES FOR EACH ITERATION:
  MAX. CHANGE LAYER,ROW,COL MAX. CHANGE LAYER,ROW,COL MAX. CHANGE LAYER,ROW,COL MAX. CHANGE LAYER,ROW,COL MAX. CHANGE LAYER,ROW,COL
 ------------------------------------------------------------------------------------------------------------------------------------
   0.3453E-01 (  1, 19, 62)  0.1310E-04 (  1, 33, 50)  0.6119E-08 (  1, 32, 51)  0.2805E-11 (  1, 37, 46)
  MAXIMUM CONCENTRATION CHANGES FOR EACH ITERATION:
  MAX. CHANGE LAYER,ROW,COL MAX. CHANGE LAYER,ROW,COL MAX. CHANGE LAYER,ROW,COL MAX. CHANGE LAYER,ROW,COL MAX. CHANGE LAYER,ROW,COL
 ------------------------------------------------------------------------------------------------------------------------------------
   0.1277E-01 (  1, 34, 26)  0.1135E-04 (  1, 33, 32)  0.9456E-08 (  1, 32, 35)  0.7536E-11 (  1, 31, 37)


                                          ================================================
                                                         TIME STEP NO.  036
                                          ================================================

 FROM TIME =   350.00     TO    360.00    















































  MAXIMUM CONCENTRATION CHANGES FOR EACH ITERATION:
  MAX. CHANGE LAYER,ROW,COL MAX. CHANGE LAYER,ROW,COL MAX. CHANGE LAYER,ROW,COL MAX. CHANGE LAYER,ROW,COL MAX. CHANGE LAYER,ROW,COL
 ------------------------------------------------------------------------------------------------------------------------------------
   0.2259E-02 (  1, 26, 20)  0.1809E-05 (  1, 26, 20)  0.1027E-08 (  1, 27, 41)  0.1592E-11 (  1, 27, 41)
  MAXIMUM CONCENTRATION CHANGES FOR EACH ITERATION:
  MAX. CHANGE LAYER,ROW,COL MAX. CHANGE LAYER,ROW,COL MAX. CHANGE LAYER,ROW,COL MAX. CHANGE LAYER,ROW,COL MAX. CHANGE LAYER,ROW,COL
 ------------------------------------------------------------------------------------------------------------------------------------
   0.6370E-03 (  1, 26, 21)  0.8021E-06 (  1, 26, 21)  0.3842E-09 (  1, 29, 40)  0.3781E-12 (  1, 28, 41)
  MAXIMUM CONCENTRATION CHANGES FOR EACH ITERATION:
  MAX. CHANGE LAYER,ROW,COL MAX. CHANGE LAYER,ROW,COL MAX. CHANGE LAYER,ROW,COL MAX. CHANGE LAYER,ROW,COL MAX. CHANGE LAYER,ROW,COL
 ------------------------------------------------------------------------------------------------------------------------------------
   0.1503E-06 (  1, 22, 40)  0.1874E-09 (  1, 27, 41)  0.2750E-12 (  1, 27, 41)
  MAXIMUM CONCENTRATION CHANGES FOR EACH ITERATION:
  MAX. CHANGE LAYER,ROW,COL MAX. CHANGE LAYER,ROW,COL MAX. CHANGE LAYER,ROW,COL MAX. CHANGE LAYER,ROW,COL MAX. CHANGE LAYER,ROW,COL
 ------------------------------------------------------------------------------------------------------------------------------------
   0.3040E-02 (  1, 26, 18)  0.2453E-05 (  1, 26, 18)  0.1683E-08 (  1, 27, 17)  0.2395E-11 (  1, 27, 41)
  MAXIMUM CONCENTRATION CHANGES FOR EACH ITERATION:
  MAX. CHANGE LAYER,ROW,COL MAX. CHANGE LAYER,ROW,COL MAX. CHANGE LAYER,ROW,COL MAX. CHANGE LAYER,ROW,COL MAX. CHANGE LAYER,ROW,COL
 ------------------------------------------------------------------------------------------------------------------------------------
   0.3780E-02 (  1, 28, 16)  0.3497E-05 (  1, 27, 17)  0.1499E-08 (  1, 17, 13)  0.1190E-11 (  1, 28, 16)
  MAXIMUM CONCENTRATION CHANGES FOR EACH ITERATION:
  MAX. CHANGE LAYER,ROW,COL MAX. CHANGE LAYER,ROW,COL MAX. CHANGE LAYER,ROW,COL MAX. CHANGE LAYER,ROW,COL MAX. CHANGE LAYER,ROW,COL
 ------------------------------------------------------------------------------------------------------------------------------------
    0.000     (  1,  1,  1)
  MAXIMUM CONCENTRATION CHANGES FOR EACH ITERATION:
  MAX. CHANGE LAYER,ROW,COL MAX. CHANGE LAYER,ROW,COL MAX. CHANGE LAYER,ROW,COL MAX. CHANGE LAYER,ROW,COL MAX. CHANGE LAYER,ROW,COL
 ------------------------------------------------------------------------------------------------------------------------------------
    0.000     (  1,  1,  1)
  MAXIMUM CONCENTRATION CHANGES FOR EACH ITERATION:
  MAX. CHANGE LAYER,ROW,COL MAX. CHANGE LAYER,ROW,COL MAX. CHANGE LAYER,ROW,COL MAX. CHANGE LAYER,ROW,COL MAX. CHANGE LAYER,ROW,COL
 ------------------------------------------------------------------------------------------------------------------------------------
   0.5259E-02 (  1, 34, 23)  0.4516E-05 (  1, 13, 13)  0.2830E-08 (  1, 13, 13)  0.2209E-11 (  1, 32, 36)
  MAXIMUM CONCENTRATION CHANGES FOR EACH ITERATION:
  MAX. CHANGE LAYER,ROW,COL MAX. CHANGE LAYER,ROW,COL MAX. CHANGE LAYER,ROW,COL MAX. CHANGE LAYER,ROW,COL MAX. CHANGE LAYER,ROW,COL
 ------------------------------------------------------------------------------------------------------------------------------------
   0.3309E-02 (  1, 31, 29)  0.2489E-05 (  1, 30, 30)  0.2049E-08 (  1, 29, 40)  0.2117E-11 (  1, 28, 41)
  MAXIMUM CONCENTRATION CHANGES FOR EACH ITERATION:
  MAX. CHANGE LAYER,ROW,COL MAX. CHANGE LAYER,ROW,COL MAX. CHANGE LAYER,ROW,COL MAX. CHANGE LAYER,ROW,COL MAX. CHANGE LAYER,ROW,COL
 ------------------------------------------------------------------------------------------------------------------------------------
    0.000     (  1,  1,  1)
  MAXIMUM CONCENTRATION CHANGES FOR EACH ITERATION:
  MAX. CHANGE LAYER,ROW,COL MAX. CHANGE LAYER,ROW,COL MAX. CHANGE LAYER,ROW,COL MAX. CHANGE LAYER,ROW,COL MAX. CHANGE LAYER,ROW,COL
 ------------------------------------------------------------------------------------------------------------------------------------
    0.000     (  1,  1,  1)
  MAXIMUM CONCENTRATION CHANGES FOR EACH ITERATION:
  MAX. CHANGE LAYER,ROW,COL MAX. CHANGE LAYER,ROW,COL MAX. CHANGE LAYER,ROW,COL MAX. CHANGE LAYER,ROW,COL MAX. CHANGE LAYER,ROW,COL
 ------------------------------------------------------------------------------------------------------------------------------------
    0.000     (  1,  1,  1)
  MAXIMUM CONCENTRATION CHANGES FOR EACH ITERATION:
  MAX. CHANGE LAYER,ROW,COL MAX. CHANGE LAYER,ROW,COL MAX. CHANGE LAYER,ROW,COL MAX. CHANGE LAYER,ROW,COL MAX. CHANGE LAYER,ROW,COL
 ------------------------------------------------------------------------------------------------------------------------------------
   0.7497E-02 (  1, 27, 22)  0.6047E-05 (  1, 28, 21)  0.3284E-08 (  1, 29, 20)  0.3403E-11 (  1, 27, 41)
  MAXIMUM CONCENTRATION CHANGES FOR EACH ITERATION:
  MAX. CHANGE LAYER,ROW,COL MAX. CHANGE LAYER,ROW,COL MAX. CHANGE LAYER,ROW,COL MAX. CHANGE LAYER,ROW,COL MAX. CHANGE LAYER,ROW,COL
 ------------------------------------------------------------------------------------------------------------------------------------
   0.1055E-01 (  1, 31, 25)  0.1077E-04 (  1, 30, 24)  0.5529E-08 (  1, 29, 27)  0.5139E-11 (  1, 28, 26)
  MAXIMUM CONCENTRATION CHANGES FOR EACH ITERATION:
  MAX. CHANGE LAYER,ROW,COL MAX. CHANGE LAYER,ROW,COL MAX. CHANGE LAYER,ROW,COL MAX. CHANGE LAYER,ROW,COL MAX. CHANGE LAYER,ROW,COL
 ------------------------------------------------------------------------------------------------------------------------------------
    0.000     (  1,  1,  1)
  MAXIMUM CONCENTRATION CHANGES FOR EACH ITERATION:
  MAX. CHANGE LAYER,ROW,COL MAX. CHANGE LAYER,ROW,COL MAX. CHANGE LAYER,ROW,COL MAX. CHANGE LAYER,ROW,COL MAX. CHANGE LAYER,ROW,COL
 ------------------------------------------------------------------------------------------------------------------------------------
    0.000     (  1,  1,  1)
  MAXIMUM CONCENTRATION CHANGES FOR EACH ITERATION:
  MAX. CHANGE LAYER,ROW,COL MAX. CHANGE LAYER,ROW,COL MAX. CHANGE LAYER,ROW,COL MAX. CHANGE LAYER,ROW,COL MAX. CHANGE LAYER,ROW,COL
 ------------------------------------------------------------------------------------------------------------------------------------
   0.1323E-02 (  1, 26, 19)  0.1144E-05 (  1, 26, 19)  0.6899E-09 (  1, 27, 41)  0.1086E-11 (  1, 27, 41)
  MAXIMUM CONCENTRATION CHANGES FOR EACH ITERATION:
  MAX. CHANGE LAYER,ROW,COL MAX. CHANGE LAYER,ROW,COL MAX. CHANGE LAYER,ROW,COL MAX. CHANGE LAYER,ROW,COL MAX. CHANGE LAYER,ROW,COL
 ------------------------------------------------------------------------------------------------------------------------------------
   0.3397E-02 (  1, 26, 19)  0.3431E-05 (  1, 26, 19)  0.1451E-08 (  1, 26, 19)  0.1429E-11 (  1, 27, 41)
  MAXIMUM CONCENTRATION CHANGES FOR EACH ITERATION:
  MAX. CHANGE LAYER,ROW,COL MAX. CHANGE LAYER,ROW,COL MAX. CHANGE LAYER,ROW,COL MAX. CHANGE LAYER,ROW,COL MAX. CHANGE LAYER,ROW,COL
 ------------------------------------------------------------------------------------------------------------------------------------
   0.5359E-02 (  1, 31, 29)  0.4098E-05 (  1, 30, 30)  0.3734E-08 (  1, 29, 40)  0.4193E-11 (  1, 28, 40)
  MAXIMUM CONCENTRATION CHANGES FOR EACH ITERATION:
  MAX. CHANGE LAYER,ROW,COL MAX. CHANGE LAYER,ROW,COL MAX. CHANGE LAYER,ROW,COL MAX. CHANGE LAYER,ROW,COL MAX. CHANGE LAYER,ROW,COL
 ------------------------------------------------------------------------------------------------------------------------------------
   0.8576E-02 (  1, 26, 21)  0.9482E-05 (  1, 26, 21)  0.4605E-08 (  1, 28, 24)  0.3171E-11 (  1, 27, 28)
  MAXIMUM CONCENTRATION CHANGES FOR EACH ITERATION:
  MAX. CHANGE LAYER,ROW,COL MAX. CHANGE LAYER,ROW,COL MAX. CHANGE LAYER,ROW,COL MAX. CHANGE LAYER,ROW,COL MAX. CHANGE LAYER,ROW,COL
 ------------------------------------------------------------------------------------------------------------------------------------
   0.1277E-01 (  1, 34, 26)  0.1137E-04 (  1, 33, 32)  0.9486E-08 (  1, 32, 35)  0.7593E-11 (  1, 31, 37)
  MAXIMUM CONCENTRATION CHANGES FOR EACH ITERATION:
  MAX. CHANGE LAYER,ROW,COL MAX. CHANGE LAYER,ROW,COL MAX. CHANGE LAYER,ROW,COL MAX. CHANGE LAYER,ROW,COL MAX. CHANGE LAYER,ROW,COL
 ------------------------------------------------------------------------------------------------------------------------------------
   0.3990E-01 (  1, 34, 51)  0.2017E-04 (  1, 30, 64)  0.8406E-08 (  1, 27, 68)  0.4003E-11 (  1, 26, 69)
  MAXIMUM CONCENTRATION CHANGES FOR EACH ITERATION:
  MAX. CHANGE LAYER,ROW,COL MAX. CHANGE LAYER,ROW,COL MAX. CHANGE LAYER,ROW,COL MAX. CHANGE LAYER,ROW,COL MAX. CHANGE LAYER,ROW,COL
 ------------------------------------------------------------------------------------------------------------------------------------
   0.1277E-01 (  1, 34, 26)  0.1137E-04 (  1, 33, 32)  0.9486E-08 (  1, 32, 35)  0.7593E-11 (  1, 31, 37)


                                          ================================================
                                                         TIME STEP NO.  037
                                          ================================================

 FROM TIME =   360.00     TO    370.00    















































  MAXIMUM CONCENTRATION CHANGES FOR EACH ITERATION:
  MAX. CHANGE LAYER,ROW,COL MAX. CHANGE LAYER,ROW,COL MAX. CHANGE LAYER,ROW,COL MAX. CHANGE LAYER,ROW,COL MAX. CHANGE LAYER,ROW,COL
 ------------------------------------------------------------------------------------------------------------------------------------
   0.2252E-02 (  1, 26, 21)  0.1771E-05 (  1, 26, 21)  0.9016E-09 (  1, 27, 41)  0.1398E-11 (  1, 27, 41)
  MAXIMUM CONCENTRATION CHANGES FOR EACH ITERATION:
  MAX. CHANGE LAYER,ROW,COL MAX. CHANGE LAYER,ROW,COL MAX. CHANGE LAYER,ROW,COL MAX. CHANGE LAYER,ROW,COL MAX. CHANGE LAYER,ROW,COL
 ------------------------------------------------------------------------------------------------------------------------------------
   0.6523E-03 (  1, 26, 21)  0.8219E-06 (  1, 26, 21)  0.4012E-09 (  1, 26, 21)  0.3858E-12 (  1, 28, 41)
  MAXIMUM CONCENTRATION CHANGES FOR EACH ITERATION:
  MAX. CHANGE LAYER,ROW,COL MAX. CHANGE LAYER,ROW,COL MAX. CHANGE LAYER,ROW,COL MAX. CHANGE LAYER,ROW,COL MAX. CHANGE LAYER,ROW,COL
 ------------------------------------------------------------------------------------------------------------------------------------
   0.1543E-06 (  1, 22, 40)  0.1846E-09 (  1, 27, 41)  0.2761E-12 (  1, 27, 41)
  MAXIMUM CONCENTRATION CHANGES FOR EACH ITERATION:
  MAX. CHANGE LAYER,ROW,COL MAX. CHANGE LAYER,ROW,COL MAX. CHANGE LAYER,ROW,COL MAX. CHANGE LAYER,ROW,COL MAX. CHANGE LAYER,ROW,COL
 ------------------------------------------------------------------------------------------------------------------------------------
   0.3042E-02 (  1, 26, 18)  0.2437E-05 (  1, 26, 18)  0.1677E-08 (  1, 27, 17)  0.2224E-11 (  1, 27, 41)
  MAXIMUM CONCENTRATION CHANGES FOR EACH ITERATION:
  MAX. CHANGE LAYER,ROW,COL MAX. CHANGE LAYER,ROW,COL MAX. CHANGE LAYER,ROW,COL MAX. CHANGE LAYER,ROW,COL MAX. CHANGE LAYER,ROW,COL
 ------------------------------------------------------------------------------------------------------------------------------------
   0.3783E-02 (  1, 28, 16)  0.3498E-05 (  1, 27, 17)  0.1500E-08 (  1, 17, 13)  0.1190E-11 (  1, 28, 16)
  MAXIMUM CONCENTRATION CHANGES FOR EACH ITERATION:
  MAX. CHANGE LAYER,ROW,COL MAX. CHANGE LAYER,ROW,COL MAX. CHANGE LAYER,ROW,COL MAX. CHANGE LAYER,ROW,COL MAX. CHANGE LAYER,ROW,COL
 ------------------------------------------------------------------------------------------------------------------------------------
    0.000     (  1,  1,  1)
  MAXIMUM CONCENTRATION CHANGES FOR EACH ITERATION:
  MAX. CHANGE LAYER,ROW,COL MAX. CHANGE LAYER,ROW,COL MAX. CHANGE LAYER,ROW,COL MAX. CHANGE LAYER,ROW,COL MAX. CHANGE LAYER,ROW,COL
 ------------------------------------------------------------------------------------------------------------------------------------
    0.000     (  1,  1,  1)
  MAXIMUM CONCENTRATION CHANGES FOR EACH ITERATION:
  MAX. CHANGE LAYER,ROW,COL MAX. CHANGE LAYER,ROW,COL MAX. CHANGE LAYER,ROW,COL MAX. CHANGE LAYER,ROW,COL MAX. CHANGE LAYER,ROW,COL
 ------------------------------------------------------------------------------------------------------------------------------------
   0.5334E-02 (  1, 34, 23)  0.4505E-05 (  1, 13, 13)  0.2819E-08 (  1, 13, 13)  0.2219E-11 (  1, 32, 36)
  MAXIMUM CONCENTRATION CHANGES FOR EACH ITERATION:
  MAX. CHANGE LAYER,ROW,COL MAX. CHANGE LAYER,ROW,COL MAX. CHANGE LAYER,ROW,COL MAX. CHANGE LAYER,ROW,COL MAX. CHANGE LAYER,ROW,COL
 ------------------------------------------------------------------------------------------------------------------------------------
   0.3206E-02 (  1, 31, 30)  0.2440E-05 (  1, 30, 31)  0.2019E-08 (  1, 29, 40)  0.2096E-11 (  1, 28, 41)
  MAXIMUM CONCENTRATION CHANGES FOR EACH ITERATION:
  MAX. CHANGE LAYER,ROW,COL MAX. CHANGE LAYER,ROW,COL MAX. CHANGE LAYER,ROW,COL MAX. CHANGE LAYER,ROW,COL MAX. CHANGE LAYER,ROW,COL
 ------------------------------------------------------------------------------------------------------------------------------------
    0.000     (  1,  1,  1)
  MAXIMUM CONCENTRATION CHANGES FOR EACH ITERATION:
  MAX. CHANGE LAYER,ROW,COL MAX. CHANGE LAYER,ROW,COL MAX. CHANGE LAYER,ROW,COL MAX. CHANGE LAYER,ROW,COL MAX. CHANGE LAYER,ROW,COL
 ------------------------------------------------------------------------------------------------------------------------------------
    0.000     (  1,  1,  1)
  MAXIMUM CONCENTRATION CHANGES FOR EACH ITERATION:
  MAX. CHANGE LAYER,ROW,COL MAX. CHANGE LAYER,ROW,COL MAX. CHANGE LAYER,ROW,COL MAX. CHANGE LAYER,ROW,COL MAX. CHANGE LAYER,ROW,COL
 ------------------------------------------------------------------------------------------------------------------------------------
    0.000     (  1,  1,  1)
  MAXIMUM CONCENTRATION CHANGES FOR EACH ITERATION:
  MAX. CHANGE LAYER,ROW,COL MAX. CHANGE LAYER,ROW,COL MAX. CHANGE LAYER,ROW,COL MAX. CHANGE LAYER,ROW,COL MAX. CHANGE LAYER,ROW,COL
 ------------------------------------------------------------------------------------------------------------------------------------
   0.7970E-02 (  1, 27, 23)  0.6633E-05 (  1, 28, 22)  0.3781E-08 (  1, 29, 21)  0.2975E-11 (  1, 27, 41)
  MAXIMUM CONCENTRATION CHANGES FOR EACH ITERATION:
  MAX. CHANGE LAYER,ROW,COL MAX. CHANGE LAYER,ROW,COL MAX. CHANGE LAYER,ROW,COL MAX. CHANGE LAYER,ROW,COL MAX. CHANGE LAYER,ROW,COL
 ------------------------------------------------------------------------------------------------------------------------------------
   0.1213E-01 (  1, 31, 27)  0.1083E-04 (  1, 30, 25)  0.8118E-08 (  1, 29, 22)  0.5327E-11 (  1, 28, 26)
  MAXIMUM CONCENTRATION CHANGES FOR EACH ITERATION:
  MAX. CHANGE LAYER,ROW,COL MAX. CHANGE LAYER,ROW,COL MAX. CHANGE LAYER,ROW,COL MAX. CHANGE LAYER,ROW,COL MAX. CHANGE LAYER,ROW,COL
 ------------------------------------------------------------------------------------------------------------------------------------
    0.000     (  1,  1,  1)
  MAXIMUM CONCENTRATION CHANGES FOR EACH ITERATION:
  MAX. CHANGE LAYER,ROW,COL MAX. CHANGE LAYER,ROW,COL MAX. CHANGE LAYER,ROW,COL MAX. CHANGE LAYER,ROW,COL MAX. CHANGE LAYER,ROW,COL
 ------------------------------------------------------------------------------------------------------------------------------------
    0.000     (  1,  1,  1)
  MAXIMUM CONCENTRATION CHANGES FOR EACH ITERATION:
  MAX. CHANGE LAYER,ROW,COL MAX. CHANGE LAYER,ROW,COL MAX. CHANGE LAYER,ROW,COL MAX. CHANGE LAYER,ROW,COL MAX. CHANGE LAYER,ROW,COL
 ------------------------------------------------------------------------------------------------------------------------------------
   0.1333E-02 (  1, 26, 19)  0.1137E-05 (  1, 26, 19)  0.6931E-09 (  1, 26, 19)  0.9562E-12 (  1, 27, 41)
  MAXIMUM CONCENTRATION CHANGES FOR EACH ITERATION:
  MAX. CHANGE LAYER,ROW,COL MAX. CHANGE LAYER,ROW,COL MAX. CHANGE LAYER,ROW,COL MAX. CHANGE LAYER,ROW,COL MAX. CHANGE LAYER,ROW,COL
 ------------------------------------------------------------------------------------------------------------------------------------
   0.3351E-02 (  1, 26, 20)  0.3349E-05 (  1, 26, 19)  0.1451E-08 (  1, 26, 19)  0.1359E-11 (  1, 27, 19)
  MAXIMUM CONCENTRATION CHANGES FOR EACH ITERATION:
  MAX. CHANGE LAYER,ROW,COL MAX. CHANGE LAYER,ROW,COL MAX. CHANGE LAYER,ROW,COL MAX. CHANGE LAYER,ROW,COL MAX. CHANGE LAYER,ROW,COL
 ------------------------------------------------------------------------------------------------------------------------------------
   0.5239E-02 (  1, 31, 29)  0.4040E-05 (  1, 30, 31)  0.3673E-08 (  1, 29, 40)  0.4115E-11 (  1, 28, 40)
  MAXIMUM CONCENTRATION CHANGES FOR EACH ITERATION:
  MAX. CHANGE LAYER,ROW,COL MAX. CHANGE LAYER,ROW,COL MAX. CHANGE LAYER,ROW,COL MAX. CHANGE LAYER,ROW,COL MAX. CHANGE LAYER,ROW,COL
 ------------------------------------------------------------------------------------------------------------------------------------
   0.8929E-02 (  1, 26, 21)  0.9792E-05 (  1, 26, 21)  0.4512E-08 (  1, 28, 24)  0.2991E-11 (  1, 27, 28)
  MAXIMUM CONCENTRATION CHANGES FOR EACH ITERATION:
  MAX. CHANGE LAYER,ROW,COL MAX. CHANGE LAYER,ROW,COL MAX. CHANGE LAYER,ROW,COL MAX. CHANGE LAYER,ROW,COL MAX. CHANGE LAYER,ROW,COL
 ------------------------------------------------------------------------------------------------------------------------------------
   0.1275E-01 (  1, 34, 26)  0.1137E-04 (  1, 33, 32)  0.9508E-08 (  1, 32, 35)  0.7619E-11 (  1, 31, 37)
  MAXIMUM CONCENTRATION CHANGES FOR EACH ITERATION:
  MAX. CHANGE LAYER,ROW,COL MAX. CHANGE LAYER,ROW,COL MAX. CHANGE LAYER,ROW,COL MAX. CHANGE LAYER,ROW,COL MAX. CHANGE LAYER,ROW,COL
 ------------------------------------------------------------------------------------------------------------------------------------
   0.4019E-01 (  1, 34, 53)  0.1559E-04 (  1, 35, 21)  0.1049E-07 (  1, 34, 22)  0.6212E-11 (  1, 33, 23)
  MAXIMUM CONCENTRATION CHANGES FOR EACH ITERATION:
  MAX. CHANGE LAYER,ROW,COL MAX. CHANGE LAYER,ROW,COL MAX. CHANGE LAYER,ROW,COL MAX. CHANGE LAYER,ROW,COL MAX. CHANGE LAYER,ROW,COL
 ------------------------------------------------------------------------------------------------------------------------------------
   0.1275E-01 (  1, 34, 26)  0.1137E-04 (  1, 33, 32)  0.9508E-08 (  1, 32, 35)  0.7619E-11 (  1, 31, 37)


                                          ================================================
                                                         TIME STEP NO.  038
                                          ================================================

 FROM TIME =   370.00     TO    380.00    















































  MAXIMUM CONCENTRATION CHANGES FOR EACH ITERATION:
  MAX. CHANGE LAYER,ROW,COL MAX. CHANGE LAYER,ROW,COL MAX. CHANGE LAYER,ROW,COL MAX. CHANGE LAYER,ROW,COL MAX. CHANGE LAYER,ROW,COL
 ------------------------------------------------------------------------------------------------------------------------------------
   0.2175E-02 (  1, 26, 21)  0.1688E-05 (  1, 26, 21)  0.8262E-09 (  1, 26, 21)  0.1203E-11 (  1, 27, 41)
  MAXIMUM CONCENTRATION CHANGES FOR EACH ITERATION:
  MAX. CHANGE LAYER,ROW,COL MAX. CHANGE LAYER,ROW,COL MAX. CHANGE LAYER,ROW,COL MAX. CHANGE LAYER,ROW,COL MAX. CHANGE LAYER,ROW,COL
 ------------------------------------------------------------------------------------------------------------------------------------
   0.6249E-03 (  1, 31, 29)  0.7751E-06 (  1, 26, 22)  0.3885E-09 (  1, 29, 40)  0.3927E-12 (  1, 28, 41)
  MAXIMUM CONCENTRATION CHANGES FOR EACH ITERATION:
  MAX. CHANGE LAYER,ROW,COL MAX. CHANGE LAYER,ROW,COL MAX. CHANGE LAYER,ROW,COL MAX. CHANGE LAYER,ROW,COL MAX. CHANGE LAYER,ROW,COL
 ------------------------------------------------------------------------------------------------------------------------------------
   0.1557E-06 (  1, 22, 40)  0.1801E-09 (  1, 27, 41)  0.2753E-12 (  1, 27, 41)
  MAXIMUM CONCENTRATION CHANGES FOR EACH ITERATION:
  MAX. CHANGE LAYER,ROW,COL MAX. CHANGE LAYER,ROW,COL MAX. CHANGE LAYER,ROW,COL MAX. CHANGE LAYER,ROW,COL MAX. CHANGE LAYER,ROW,COL
 ------------------------------------------------------------------------------------------------------------------------------------
   0.3043E-02 (  1, 26, 18)  0.2422E-05 (  1, 26, 18)  0.1671E-08 (  1, 27, 17)  0.2058E-11 (  1, 27, 41)
  MAXIMUM CONCENTRATION CHANGES FOR EACH ITERATION:
  MAX. CHANGE LAYER,ROW,COL MAX. CHANGE LAYER,ROW,COL MAX. CHANGE LAYER,ROW,COL MAX. CHANGE LAYER,ROW,COL MAX. CHANGE LAYER,ROW,COL
 ------------------------------------------------------------------------------------------------------------------------------------
   0.3786E-02 (  1, 28, 16)  0.3499E-05 (  1, 27, 17)  0.1500E-08 (  1, 17, 13)  0.1190E-11 (  1, 28, 16)
  MAXIMUM CONCENTRATION CHANGES FOR EACH ITERATION:
  MAX. CHANGE LAYER,ROW,COL MAX. CHANGE LAYER,ROW,COL MAX. CHANGE LAYER,ROW,COL MAX. CHANGE LAYER,ROW,COL MAX. CHANGE LAYER,ROW,COL
 ------------------------------------------------------------------------------------------------------------------------------------
    0.000     (  1,  1,  1)
  MAXIMUM CONCENTRATION CHANGES FOR EACH ITERATION:
  MAX. CHANGE LAYER,ROW,COL MAX. CHANGE LAYER,ROW,COL MAX. CHANGE LAYER,ROW,COL MAX. CHANGE LAYER,ROW,COL MAX. CHANGE LAYER,ROW,COL
 ------------------------------------------------------------------------------------------------------------------------------------
    0.000     (  1,  1,  1)
  MAXIMUM CONCENTRATION CHANGES FOR EACH ITERATION:
  MAX. CHANGE LAYER,ROW,COL MAX. CHANGE LAYER,ROW,COL MAX. CHANGE LAYER,ROW,COL MAX. CHANGE LAYER,ROW,COL MAX. CHANGE LAYER,ROW,COL
 ------------------------------------------------------------------------------------------------------------------------------------
   0.5329E-02 (  1, 34, 23)  0.4504E-05 (  1, 13, 13)  0.2809E-08 (  1, 13, 13)  0.2226E-11 (  1, 32, 36)
  MAXIMUM CONCENTRATION CHANGES FOR EACH ITERATION:
  MAX. CHANGE LAYER,ROW,COL MAX. CHANGE LAYER,ROW,COL MAX. CHANGE LAYER,ROW,COL MAX. CHANGE LAYER,ROW,COL MAX. CHANGE LAYER,ROW,COL
 ------------------------------------------------------------------------------------------------------------------------------------
   0.2890E-02 (  1, 31, 31)  0.2397E-05 (  1, 16, 20)  0.2001E-08 (  1, 29, 40)  0.2093E-11 (  1, 28, 41)
  MAXIMUM CONCENTRATION CHANGES FOR EACH ITERATION:
  MAX. CHANGE LAYER,ROW,COL MAX. CHANGE LAYER,ROW,COL MAX. CHANGE LAYER,ROW,COL MAX. CHANGE LAYER,ROW,COL MAX. CHANGE LAYER,ROW,COL
 ------------------------------------------------------------------------------------------------------------------------------------
    0.000     (  1,  1,  1)
  MAXIMUM CONCENTRATION CHANGES FOR EACH ITERATION:
  MAX. CHANGE LAYER,ROW,COL MAX. CHANGE LAYER,ROW,COL MAX. CHANGE LAYER,ROW,COL MAX. CHANGE LAYER,ROW,COL MAX. CHANGE LAYER,ROW,COL
 ------------------------------------------------------------------------------------------------------------------------------------
    0.000     (  1,  1,  1)
  MAXIMUM CONCENTRATION CHANGES FOR EACH ITERATION:
  MAX. CHANGE LAYER,ROW,COL MAX. CHANGE LAYER,ROW,COL MAX. CHANGE LAYER,ROW,COL MAX. CHANGE LAYER,ROW,COL MAX. CHANGE LAYER,ROW,COL
 ------------------------------------------------------------------------------------------------------------------------------------
    0.000     (  1,  1,  1)
  MAXIMUM CONCENTRATION CHANGES FOR EACH ITERATION:
  MAX. CHANGE LAYER,ROW,COL MAX. CHANGE LAYER,ROW,COL MAX. CHANGE LAYER,ROW,COL MAX. CHANGE LAYER,ROW,COL MAX. CHANGE LAYER,ROW,COL
 ------------------------------------------------------------------------------------------------------------------------------------
   0.7827E-02 (  1, 27, 23)  0.6367E-05 (  1, 28, 22)  0.3703E-08 (  1, 29, 21)  0.2680E-11 (  1, 25, 24)
  MAXIMUM CONCENTRATION CHANGES FOR EACH ITERATION:
  MAX. CHANGE LAYER,ROW,COL MAX. CHANGE LAYER,ROW,COL MAX. CHANGE LAYER,ROW,COL MAX. CHANGE LAYER,ROW,COL MAX. CHANGE LAYER,ROW,COL
 ------------------------------------------------------------------------------------------------------------------------------------
   0.1381E-01 (  1, 31, 28)  0.1079E-04 (  1, 30, 25)  0.8205E-08 (  1, 29, 22)  0.5374E-11 (  1, 28, 26)
  MAXIMUM CONCENTRATION CHANGES FOR EACH ITERATION:
  MAX. CHANGE LAYER,ROW,COL MAX. CHANGE LAYER,ROW,COL MAX. CHANGE LAYER,ROW,COL MAX. CHANGE LAYER,ROW,COL MAX. CHANGE LAYER,ROW,COL
 ------------------------------------------------------------------------------------------------------------------------------------
    0.000     (  1,  1,  1)
  MAXIMUM CONCENTRATION CHANGES FOR EACH ITERATION:
  MAX. CHANGE LAYER,ROW,COL MAX. CHANGE LAYER,ROW,COL MAX. CHANGE LAYER,ROW,COL MAX. CHANGE LAYER,ROW,COL MAX. CHANGE LAYER,ROW,COL
 ------------------------------------------------------------------------------------------------------------------------------------
    0.000     (  1,  1,  1)
  MAXIMUM CONCENTRATION CHANGES FOR EACH ITERATION:
  MAX. CHANGE LAYER,ROW,COL MAX. CHANGE LAYER,ROW,COL MAX. CHANGE LAYER,ROW,COL MAX. CHANGE LAYER,ROW,COL MAX. CHANGE LAYER,ROW,COL
 ------------------------------------------------------------------------------------------------------------------------------------
   0.1314E-02 (  1, 26, 19)  0.1098E-05 (  1, 26, 19)  0.6790E-09 (  1, 26, 19)  0.8297E-12 (  1, 27, 41)
  MAXIMUM CONCENTRATION CHANGES FOR EACH ITERATION:
  MAX. CHANGE LAYER,ROW,COL MAX. CHANGE LAYER,ROW,COL MAX. CHANGE LAYER,ROW,COL MAX. CHANGE LAYER,ROW,COL MAX. CHANGE LAYER,ROW,COL
 ------------------------------------------------------------------------------------------------------------------------------------
   0.3299E-02 (  1, 26, 19)  0.3294E-05 (  1, 26, 19)  0.1471E-08 (  1, 26, 19)  0.1345E-11 (  1, 27, 19)
  MAXIMUM CONCENTRATION CHANGES FOR EACH ITERATION:
  MAX. CHANGE LAYER,ROW,COL MAX. CHANGE LAYER,ROW,COL MAX. CHANGE LAYER,ROW,COL MAX. CHANGE LAYER,ROW,COL MAX. CHANGE LAYER,ROW,COL
 ------------------------------------------------------------------------------------------------------------------------------------
   0.4952E-02 (  1, 31, 30)  0.3865E-05 (  1, 30, 32)  0.3616E-08 (  1, 29, 40)  0.4041E-11 (  1, 28, 40)
  MAXIMUM CONCENTRATION CHANGES FOR EACH ITERATION:
  MAX. CHANGE LAYER,ROW,COL MAX. CHANGE LAYER,ROW,COL MAX. CHANGE LAYER,ROW,COL MAX. CHANGE LAYER,ROW,COL MAX. CHANGE LAYER,ROW,COL
 ------------------------------------------------------------------------------------------------------------------------------------
   0.8383E-02 (  1, 26, 22)  0.9199E-05 (  1, 26, 22)  0.4532E-08 (  1, 28, 25)  0.2970E-11 (  1, 27, 29)
  MAXIMUM CONCENTRATION CHANGES FOR EACH ITERATION:
  MAX. CHANGE LAYER,ROW,COL MAX. CHANGE LAYER,ROW,COL MAX. CHANGE LAYER,ROW,COL MAX. CHANGE LAYER,ROW,COL MAX. CHANGE LAYER,ROW,COL
 ------------------------------------------------------------------------------------------------------------------------------------
   0.1269E-01 (  1, 34, 26)  0.1138E-04 (  1, 33, 32)  0.9522E-08 (  1, 32, 35)  0.7684E-11 (  1, 31, 37)
  MAXIMUM CONCENTRATION CHANGES FOR EACH ITERATION:
  MAX. CHANGE LAYER,ROW,COL MAX. CHANGE LAYER,ROW,COL MAX. CHANGE LAYER,ROW,COL MAX. CHANGE LAYER,ROW,COL MAX. CHANGE LAYER,ROW,COL
 ------------------------------------------------------------------------------------------------------------------------------------
   0.4059E-01 (  1, 34, 55)  0.1620E-04 (  1, 29, 69)  0.7853E-08 (  1, 36, 53)  0.5665E-11 (  1, 33, 23)
  MAXIMUM CONCENTRATION CHANGES FOR EACH ITERATION:
  MAX. CHANGE LAYER,ROW,COL MAX. CHANGE LAYER,ROW,COL MAX. CHANGE LAYER,ROW,COL MAX. CHANGE LAYER,ROW,COL MAX. CHANGE LAYER,ROW,COL
 ------------------------------------------------------------------------------------------------------------------------------------
   0.1269E-01 (  1, 34, 26)  0.1138E-04 (  1, 33, 32)  0.9522E-08 (  1, 32, 35)  0.7684E-11 (  1, 31, 37)


                                          ================================================
                                                         TIME STEP NO.  039
                                          ================================================

 FROM TIME =   380.00     TO    390.00    















































  MAXIMUM CONCENTRATION CHANGES FOR EACH ITERATION:
  MAX. CHANGE LAYER,ROW,COL MAX. CHANGE LAYER,ROW,COL MAX. CHANGE LAYER,ROW,COL MAX. CHANGE LAYER,ROW,COL MAX. CHANGE LAYER,ROW,COL
 ------------------------------------------------------------------------------------------------------------------------------------
   0.2145E-02 (  1, 26, 21)  0.1648E-05 (  1, 26, 21)  0.8114E-09 (  1, 26, 21)  0.1012E-11 (  1, 27, 41)
  MAXIMUM CONCENTRATION CHANGES FOR EACH ITERATION:
  MAX. CHANGE LAYER,ROW,COL MAX. CHANGE LAYER,ROW,COL MAX. CHANGE LAYER,ROW,COL MAX. CHANGE LAYER,ROW,COL MAX. CHANGE LAYER,ROW,COL
 ------------------------------------------------------------------------------------------------------------------------------------
   0.6646E-03 (  1, 31, 29)  0.7970E-06 (  1, 26, 22)  0.4065E-09 (  1, 26, 22)  0.4003E-12 (  1, 28, 41)
  MAXIMUM CONCENTRATION CHANGES FOR EACH ITERATION:
  MAX. CHANGE LAYER,ROW,COL MAX. CHANGE LAYER,ROW,COL MAX. CHANGE LAYER,ROW,COL MAX. CHANGE LAYER,ROW,COL MAX. CHANGE LAYER,ROW,COL
 ------------------------------------------------------------------------------------------------------------------------------------
   0.1555E-06 (  1, 21, 40)  0.1743E-09 (  1, 27, 41)  0.2732E-12 (  1, 27, 41)
  MAXIMUM CONCENTRATION CHANGES FOR EACH ITERATION:
  MAX. CHANGE LAYER,ROW,COL MAX. CHANGE LAYER,ROW,COL MAX. CHANGE LAYER,ROW,COL MAX. CHANGE LAYER,ROW,COL MAX. CHANGE LAYER,ROW,COL
 ------------------------------------------------------------------------------------------------------------------------------------
   0.3045E-02 (  1, 26, 18)  0.2410E-05 (  1, 26, 18)  0.1666E-08 (  1, 27, 17)  0.1901E-11 (  1, 27, 41)
  MAXIMUM CONCENTRATION CHANGES FOR EACH ITERATION:
  MAX. CHANGE LAYER,ROW,COL MAX. CHANGE LAYER,ROW,COL MAX. CHANGE LAYER,ROW,COL MAX. CHANGE LAYER,ROW,COL MAX. CHANGE LAYER,ROW,COL
 ------------------------------------------------------------------------------------------------------------------------------------
   0.3789E-02 (  1, 28, 16)  0.3501E-05 (  1, 27, 17)  0.1501E-08 (  1, 17, 13)  0.1190E-11 (  1, 28, 16)
  MAXIMUM CONCENTRATION CHANGES FOR EACH ITERATION:
  MAX. CHANGE LAYER,ROW,COL MAX. CHANGE LAYER,ROW,COL MAX. CHANGE LAYER,ROW,COL MAX. CHANGE LAYER,ROW,COL MAX. CHANGE LAYER,ROW,COL
 ------------------------------------------------------------------------------------------------------------------------------------
    0.000     (  1,  1,  1)
  MAXIMUM CONCENTRATION CHANGES FOR EACH ITERATION:
  MAX. CHANGE LAYER,ROW,COL MAX. CHANGE LAYER,ROW,COL MAX. CHANGE LAYER,ROW,COL MAX. CHANGE LAYER,ROW,COL MAX. CHANGE LAYER,ROW,COL
 ------------------------------------------------------------------------------------------------------------------------------------
    0.000     (  1,  1,  1)
  MAXIMUM CONCENTRATION CHANGES FOR EACH ITERATION:
  MAX. CHANGE LAYER,ROW,COL MAX. CHANGE LAYER,ROW,COL MAX. CHANGE LAYER,ROW,COL MAX. CHANGE LAYER,ROW,COL MAX. CHANGE LAYER,ROW,COL
 ------------------------------------------------------------------------------------------------------------------------------------
   0.5365E-02 (  1, 34, 22)  0.4478E-05 (  1, 13, 13)  0.2765E-08 (  1, 13, 13)  0.2245E-11 (  1, 32, 36)
  MAXIMUM CONCENTRATION CHANGES FOR EACH ITERATION:
  MAX. CHANGE LAYER,ROW,COL MAX. CHANGE LAYER,ROW,COL MAX. CHANGE LAYER,ROW,COL MAX. CHANGE LAYER,ROW,COL MAX. CHANGE LAYER,ROW,COL
 ------------------------------------------------------------------------------------------------------------------------------------
   0.2737E-02 (  1, 31, 32)  0.2272E-05 (  1, 16, 21)  0.1989E-08 (  1, 29, 40)  0.2090E-11 (  1, 28, 41)
  MAXIMUM CONCENTRATION CHANGES FOR EACH ITERATION:
  MAX. CHANGE LAYER,ROW,COL MAX. CHANGE LAYER,ROW,COL MAX. CHANGE LAYER,ROW,COL MAX. CHANGE LAYER,ROW,COL MAX. CHANGE LAYER,ROW,COL
 ------------------------------------------------------------------------------------------------------------------------------------
    0.000     (  1,  1,  1)
  MAXIMUM CONCENTRATION CHANGES FOR EACH ITERATION:
  MAX. CHANGE LAYER,ROW,COL MAX. CHANGE LAYER,ROW,COL MAX. CHANGE LAYER,ROW,COL MAX. CHANGE LAYER,ROW,COL MAX. CHANGE LAYER,ROW,COL
 ------------------------------------------------------------------------------------------------------------------------------------
    0.000     (  1,  1,  1)
  MAXIMUM CONCENTRATION CHANGES FOR EACH ITERATION:
  MAX. CHANGE LAYER,ROW,COL MAX. CHANGE LAYER,ROW,COL MAX. CHANGE LAYER,ROW,COL MAX. CHANGE LAYER,ROW,COL MAX. CHANGE LAYER,ROW,COL
 ------------------------------------------------------------------------------------------------------------------------------------
    0.000     (  1,  1,  1)
  MAXIMUM CONCENTRATION CHANGES FOR EACH ITERATION:
  MAX. CHANGE LAYER,ROW,COL MAX. CHANGE LAYER,ROW,COL MAX. CHANGE LAYER,ROW,COL MAX. CHANGE LAYER,ROW,COL MAX. CHANGE LAYER,ROW,COL
 ------------------------------------------------------------------------------------------------------------------------------------
   0.7584E-02 (  1, 27, 24)  0.6743E-05 (  1, 28, 23)  0.3882E-08 (  1, 29, 22)  0.2657E-11 (  1, 25, 24)
  MAXIMUM CONCENTRATION CHANGES FOR EACH ITERATION:
  MAX. CHANGE LAYER,ROW,COL MAX. CHANGE LAYER,ROW,COL MAX. CHANGE LAYER,ROW,COL MAX. CHANGE LAYER,ROW,COL MAX. CHANGE LAYER,ROW,COL
 ------------------------------------------------------------------------------------------------------------------------------------
   0.1356E-01 (  1, 31, 29)  0.1121E-04 (  1, 30, 26)  0.8528E-08 (  1, 29, 22)  0.5757E-11 (  1, 28, 27)
  MAXIMUM CONCENTRATION CHANGES FOR EACH ITERATION:
  MAX. CHANGE LAYER,ROW,COL MAX. CHANGE LAYER,ROW,COL MAX. CHANGE LAYER,ROW,COL MAX. CHANGE LAYER,ROW,COL MAX. CHANGE LAYER,ROW,COL
 ------------------------------------------------------------------------------------------------------------------------------------
    0.000     (  1,  1,  1)
  MAXIMUM CONCENTRATION CHANGES FOR EACH ITERATION:
  MAX. CHANGE LAYER,ROW,COL MAX. CHANGE LAYER,ROW,COL MAX. CHANGE LAYER,ROW,COL MAX. CHANGE LAYER,ROW,COL MAX. CHANGE LAYER,ROW,COL
 ------------------------------------------------------------------------------------------------------------------------------------
    0.000     (  1,  1,  1)
  MAXIMUM CONCENTRATION CHANGES FOR EACH ITERATION:
  MAX. CHANGE LAYER,ROW,COL MAX. CHANGE LAYER,ROW,COL MAX. CHANGE LAYER,ROW,COL MAX. CHANGE LAYER,ROW,COL MAX. CHANGE LAYER,ROW,COL
 ------------------------------------------------------------------------------------------------------------------------------------
   0.1317E-02 (  1, 26, 19)  0.1088E-05 (  1, 26, 19)  0.6867E-09 (  1, 26, 19)  0.7038E-12 (  1, 27, 41)
  MAXIMUM CONCENTRATION CHANGES FOR EACH ITERATION:
  MAX. CHANGE LAYER,ROW,COL MAX. CHANGE LAYER,ROW,COL MAX. CHANGE LAYER,ROW,COL MAX. CHANGE LAYER,ROW,COL MAX. CHANGE LAYER,ROW,COL
 ------------------------------------------------------------------------------------------------------------------------------------
   0.3264E-02 (  1, 26, 19)  0.3245E-05 (  1, 26, 19)  0.1493E-08 (  1, 26, 18)  0.1336E-11 (  1, 27, 19)
  MAXIMUM CONCENTRATION CHANGES FOR EACH ITERATION:
  MAX. CHANGE LAYER,ROW,COL MAX. CHANGE LAYER,ROW,COL MAX. CHANGE LAYER,ROW,COL MAX. CHANGE LAYER,ROW,COL MAX. CHANGE LAYER,ROW,COL
 ------------------------------------------------------------------------------------------------------------------------------------
   0.4758E-02 (  1, 31, 31)  0.3799E-05 (  1, 16, 21)  0.3571E-08 (  1, 29, 40)  0.3980E-11 (  1, 28, 40)
  MAXIMUM CONCENTRATION CHANGES FOR EACH ITERATION:
  MAX. CHANGE LAYER,ROW,COL MAX. CHANGE LAYER,ROW,COL MAX. CHANGE LAYER,ROW,COL MAX. CHANGE LAYER,ROW,COL MAX. CHANGE LAYER,ROW,COL
 ------------------------------------------------------------------------------------------------------------------------------------
   0.8728E-02 (  1, 26, 22)  0.9422E-05 (  1, 26, 22)  0.4685E-08 (  1, 28, 25)  0.3235E-11 (  1, 28, 26)
  MAXIMUM CONCENTRATION CHANGES FOR EACH ITERATION:
  MAX. CHANGE LAYER,ROW,COL MAX. CHANGE LAYER,ROW,COL MAX. CHANGE LAYER,ROW,COL MAX. CHANGE LAYER,ROW,COL MAX. CHANGE LAYER,ROW,COL
 ------------------------------------------------------------------------------------------------------------------------------------
   0.1265E-01 (  1, 34, 26)  0.1140E-04 (  1, 33, 32)  0.9540E-08 (  1, 32, 35)  0.7714E-11 (  1, 31, 37)
  MAXIMUM CONCENTRATION CHANGES FOR EACH ITERATION:
  MAX. CHANGE LAYER,ROW,COL MAX. CHANGE LAYER,ROW,COL MAX. CHANGE LAYER,ROW,COL MAX. CHANGE LAYER,ROW,COL MAX. CHANGE LAYER,ROW,COL
 ------------------------------------------------------------------------------------------------------------------------------------
   0.4070E-01 (  1, 34, 57)  0.1816E-04 (  1, 31, 67)  0.1008E-07 (  1, 29, 70)  0.4677E-11 (  1, 27, 72)
  MAXIMUM CONCENTRATION CHANGES FOR EACH ITERATION:
  MAX. CHANGE LAYER,ROW,COL MAX. CHANGE LAYER,ROW,COL MAX. CHANGE LAYER,ROW,COL MAX. CHANGE LAYER,ROW,COL MAX. CHANGE LAYER,ROW,COL
 ------------------------------------------------------------------------------------------------------------------------------------
   0.1265E-01 (  1, 34, 26)  0.1140E-04 (  1, 33, 32)  0.9540E-08 (  1, 32, 35)  0.7714E-11 (  1, 31, 37)


                                          ================================================
                                                         TIME STEP NO.  040
                                          ================================================

 FROM TIME =   390.00     TO    400.00    















































  MAXIMUM CONCENTRATION CHANGES FOR EACH ITERATION:
  MAX. CHANGE LAYER,ROW,COL MAX. CHANGE LAYER,ROW,COL MAX. CHANGE LAYER,ROW,COL MAX. CHANGE LAYER,ROW,COL MAX. CHANGE LAYER,ROW,COL
 ------------------------------------------------------------------------------------------------------------------------------------
   0.2134E-02 (  1, 26, 22)  0.1611E-05 (  1, 26, 22)  0.8071E-09 (  1, 26, 18)  0.8284E-12 (  1, 27, 41)
  MAXIMUM CONCENTRATION CHANGES FOR EACH ITERATION:
  MAX. CHANGE LAYER,ROW,COL MAX. CHANGE LAYER,ROW,COL MAX. CHANGE LAYER,ROW,COL MAX. CHANGE LAYER,ROW,COL MAX. CHANGE LAYER,ROW,COL
 ------------------------------------------------------------------------------------------------------------------------------------
   0.6875E-03 (  1, 31, 29)  0.8123E-06 (  1, 26, 22)  0.4168E-09 (  1, 26, 22)  0.4104E-12 (  1, 28, 41)
  MAXIMUM CONCENTRATION CHANGES FOR EACH ITERATION:
  MAX. CHANGE LAYER,ROW,COL MAX. CHANGE LAYER,ROW,COL MAX. CHANGE LAYER,ROW,COL MAX. CHANGE LAYER,ROW,COL MAX. CHANGE LAYER,ROW,COL
 ------------------------------------------------------------------------------------------------------------------------------------
   0.1569E-06 (  1, 21, 40)  0.1672E-09 (  1, 27, 41)  0.2697E-12 (  1, 27, 41)
  MAXIMUM CONCENTRATION CHANGES FOR EACH ITERATION:
  MAX. CHANGE LAYER,ROW,COL MAX. CHANGE LAYER,ROW,COL MAX. CHANGE LAYER,ROW,COL MAX. CHANGE LAYER,ROW,COL MAX. CHANGE LAYER,ROW,COL
 ------------------------------------------------------------------------------------------------------------------------------------
   0.3047E-02 (  1, 26, 18)  0.2399E-05 (  1, 26, 18)  0.1661E-08 (  1, 27, 17)  0.1751E-11 (  1, 27, 41)
  MAXIMUM CONCENTRATION CHANGES FOR EACH ITERATION:
  MAX. CHANGE LAYER,ROW,COL MAX. CHANGE LAYER,ROW,COL MAX. CHANGE LAYER,ROW,COL MAX. CHANGE LAYER,ROW,COL MAX. CHANGE LAYER,ROW,COL
 ------------------------------------------------------------------------------------------------------------------------------------
   0.3792E-02 (  1, 28, 16)  0.3502E-05 (  1, 27, 17)  0.1501E-08 (  1, 17, 13)  0.1189E-11 (  1, 28, 16)
  MAXIMUM CONCENTRATION CHANGES FOR EACH ITERATION:
  MAX. CHANGE LAYER,ROW,COL MAX. CHANGE LAYER,ROW,COL MAX. CHANGE LAYER,ROW,COL MAX. CHANGE LAYER,ROW,COL MAX. CHANGE LAYER,ROW,COL
 ------------------------------------------------------------------------------------------------------------------------------------
    0.000     (  1,  1,  1)
  MAXIMUM CONCENTRATION CHANGES FOR EACH ITERATION:
  MAX. CHANGE LAYER,ROW,COL MAX. CHANGE LAYER,ROW,COL MAX. CHANGE LAYER,ROW,COL MAX. CHANGE LAYER,ROW,COL MAX. CHANGE LAYER,ROW,COL
 ------------------------------------------------------------------------------------------------------------------------------------
    0.000     (  1,  1,  1)
  MAXIMUM CONCENTRATION CHANGES FOR EACH ITERATION:
  MAX. CHANGE LAYER,ROW,COL MAX. CHANGE LAYER,ROW,COL MAX. CHANGE LAYER,ROW,COL MAX. CHANGE LAYER,ROW,COL MAX. CHANGE LAYER,ROW,COL
 ------------------------------------------------------------------------------------------------------------------------------------
   0.5413E-02 (  1, 34, 22)  0.4453E-05 (  1, 13, 13)  0.2749E-08 (  1, 33, 35)  0.2266E-11 (  1, 32, 36)
  MAXIMUM CONCENTRATION CHANGES FOR EACH ITERATION:
  MAX. CHANGE LAYER,ROW,COL MAX. CHANGE LAYER,ROW,COL MAX. CHANGE LAYER,ROW,COL MAX. CHANGE LAYER,ROW,COL MAX. CHANGE LAYER,ROW,COL
 ------------------------------------------------------------------------------------------------------------------------------------
   0.2605E-02 (  1, 31, 33)  0.2212E-05 (  1, 16, 21)  0.1990E-08 (  1, 29, 40)  0.2100E-11 (  1, 28, 41)
  MAXIMUM CONCENTRATION CHANGES FOR EACH ITERATION:
  MAX. CHANGE LAYER,ROW,COL MAX. CHANGE LAYER,ROW,COL MAX. CHANGE LAYER,ROW,COL MAX. CHANGE LAYER,ROW,COL MAX. CHANGE LAYER,ROW,COL
 ------------------------------------------------------------------------------------------------------------------------------------
    0.000     (  1,  1,  1)
  MAXIMUM CONCENTRATION CHANGES FOR EACH ITERATION:
  MAX. CHANGE LAYER,ROW,COL MAX. CHANGE LAYER,ROW,COL MAX. CHANGE LAYER,ROW,COL MAX. CHANGE LAYER,ROW,COL MAX. CHANGE LAYER,ROW,COL
 ------------------------------------------------------------------------------------------------------------------------------------
    0.000     (  1,  1,  1)
  MAXIMUM CONCENTRATION CHANGES FOR EACH ITERATION:
  MAX. CHANGE LAYER,ROW,COL MAX. CHANGE LAYER,ROW,COL MAX. CHANGE LAYER,ROW,COL MAX. CHANGE LAYER,ROW,COL MAX. CHANGE LAYER,ROW,COL
 ------------------------------------------------------------------------------------------------------------------------------------
    0.000     (  1,  1,  1)
  MAXIMUM CONCENTRATION CHANGES FOR EACH ITERATION:
  MAX. CHANGE LAYER,ROW,COL MAX. CHANGE LAYER,ROW,COL MAX. CHANGE LAYER,ROW,COL MAX. CHANGE LAYER,ROW,COL MAX. CHANGE LAYER,ROW,COL
 ------------------------------------------------------------------------------------------------------------------------------------
   0.8231E-02 (  1, 27, 24)  0.6996E-05 (  1, 28, 23)  0.4132E-08 (  1, 29, 22)  0.2633E-11 (  1, 25, 24)
  MAXIMUM CONCENTRATION CHANGES FOR EACH ITERATION:
  MAX. CHANGE LAYER,ROW,COL MAX. CHANGE LAYER,ROW,COL MAX. CHANGE LAYER,ROW,COL MAX. CHANGE LAYER,ROW,COL MAX. CHANGE LAYER,ROW,COL
 ------------------------------------------------------------------------------------------------------------------------------------
   0.1494E-01 (  1, 31, 30)  0.1105E-04 (  1, 30, 26)  0.8917E-08 (  1, 29, 22)  0.5681E-11 (  1, 28, 27)
  MAXIMUM CONCENTRATION CHANGES FOR EACH ITERATION:
  MAX. CHANGE LAYER,ROW,COL MAX. CHANGE LAYER,ROW,COL MAX. CHANGE LAYER,ROW,COL MAX. CHANGE LAYER,ROW,COL MAX. CHANGE LAYER,ROW,COL
 ------------------------------------------------------------------------------------------------------------------------------------
    0.000     (  1,  1,  1)
  MAXIMUM CONCENTRATION CHANGES FOR EACH ITERATION:
  MAX. CHANGE LAYER,ROW,COL MAX. CHANGE LAYER,ROW,COL MAX. CHANGE LAYER,ROW,COL MAX. CHANGE LAYER,ROW,COL MAX. CHANGE LAYER,ROW,COL
 ------------------------------------------------------------------------------------------------------------------------------------
    0.000     (  1,  1,  1)
  MAXIMUM CONCENTRATION CHANGES FOR EACH ITERATION:
  MAX. CHANGE LAYER,ROW,COL MAX. CHANGE LAYER,ROW,COL MAX. CHANGE LAYER,ROW,COL MAX. CHANGE LAYER,ROW,COL MAX. CHANGE LAYER,ROW,COL
 ------------------------------------------------------------------------------------------------------------------------------------
   0.1321E-02 (  1, 26, 19)  0.1084E-05 (  1, 26, 19)  0.6961E-09 (  1, 26, 19)  0.5786E-12 (  1, 27, 41)
  MAXIMUM CONCENTRATION CHANGES FOR EACH ITERATION:
  MAX. CHANGE LAYER,ROW,COL MAX. CHANGE LAYER,ROW,COL MAX. CHANGE LAYER,ROW,COL MAX. CHANGE LAYER,ROW,COL MAX. CHANGE LAYER,ROW,COL
 ------------------------------------------------------------------------------------------------------------------------------------
   0.3226E-02 (  1, 26, 19)  0.3191E-05 (  1, 26, 19)  0.1511E-08 (  1, 26, 18)  0.1327E-11 (  1, 27, 19)
  MAXIMUM CONCENTRATION CHANGES FOR EACH ITERATION:
  MAX. CHANGE LAYER,ROW,COL MAX. CHANGE LAYER,ROW,COL MAX. CHANGE LAYER,ROW,COL MAX. CHANGE LAYER,ROW,COL MAX. CHANGE LAYER,ROW,COL
 ------------------------------------------------------------------------------------------------------------------------------------
   0.4613E-02 (  1, 31, 31)  0.3782E-05 (  1, 16, 21)  0.3536E-08 (  1, 29, 40)  0.3930E-11 (  1, 28, 40)
  MAXIMUM CONCENTRATION CHANGES FOR EACH ITERATION:
  MAX. CHANGE LAYER,ROW,COL MAX. CHANGE LAYER,ROW,COL MAX. CHANGE LAYER,ROW,COL MAX. CHANGE LAYER,ROW,COL MAX. CHANGE LAYER,ROW,COL
 ------------------------------------------------------------------------------------------------------------------------------------
   0.9052E-02 (  1, 26, 22)  0.9503E-05 (  1, 26, 22)  0.4539E-08 (  1, 28, 26)  0.3684E-11 (  1, 28, 27)
  MAXIMUM CONCENTRATION CHANGES FOR EACH ITERATION:
  MAX. CHANGE LAYER,ROW,COL MAX. CHANGE LAYER,ROW,COL MAX. CHANGE LAYER,ROW,COL MAX. CHANGE LAYER,ROW,COL MAX. CHANGE LAYER,ROW,COL
 ------------------------------------------------------------------------------------------------------------------------------------
   0.1302E-01 (  1, 33, 62)  0.1140E-04 (  1, 33, 32)  0.9541E-08 (  1, 32, 35)  0.7781E-11 (  1, 31, 37)
  MAXIMUM CONCENTRATION CHANGES FOR EACH ITERATION:
  MAX. CHANGE LAYER,ROW,COL MAX. CHANGE LAYER,ROW,COL MAX. CHANGE LAYER,ROW,COL MAX. CHANGE LAYER,ROW,COL MAX. CHANGE LAYER,ROW,COL
 ------------------------------------------------------------------------------------------------------------------------------------
   0.3874E-01 (  1, 20, 71)  0.2059E-04 (  1, 25, 75)  0.1036E-07 (  1, 24, 76)  0.5705E-11 (  1, 23, 77)
  MAXIMUM CONCENTRATION CHANGES FOR EACH ITERATION:
  MAX. CHANGE LAYER,ROW,COL MAX. CHANGE LAYER,ROW,COL MAX. CHANGE LAYER,ROW,COL MAX. CHANGE LAYER,ROW,COL MAX. CHANGE LAYER,ROW,COL
 ------------------------------------------------------------------------------------------------------------------------------------
   0.1302E-01 (  1, 33, 62)  0.1140E-04 (  1, 33, 32)  0.9541E-08 (  1, 32, 35)  0.7781E-11 (  1, 31, 37)


                                          ================================================
                                                         TIME STEP NO.  041
                                          ================================================

 FROM TIME =   400.00     TO    410.00    















































  MAXIMUM CONCENTRATION CHANGES FOR EACH ITERATION:
  MAX. CHANGE LAYER,ROW,COL MAX. CHANGE LAYER,ROW,COL MAX. CHANGE LAYER,ROW,COL MAX. CHANGE LAYER,ROW,COL MAX. CHANGE LAYER,ROW,COL
 ------------------------------------------------------------------------------------------------------------------------------------
   0.2046E-02 (  1, 26, 22)  0.1537E-05 (  1, 26, 22)  0.8165E-09 (  1, 26, 18)  0.7091E-12 (  1, 25, 19)
  MAXIMUM CONCENTRATION CHANGES FOR EACH ITERATION:
  MAX. CHANGE LAYER,ROW,COL MAX. CHANGE LAYER,ROW,COL MAX. CHANGE LAYER,ROW,COL MAX. CHANGE LAYER,ROW,COL MAX. CHANGE LAYER,ROW,COL
 ------------------------------------------------------------------------------------------------------------------------------------
   0.6982E-03 (  1, 31, 30)  0.7647E-06 (  1, 26, 23)  0.3980E-09 (  1, 26, 23)  0.4161E-12 (  1, 28, 41)
  MAXIMUM CONCENTRATION CHANGES FOR EACH ITERATION:
  MAX. CHANGE LAYER,ROW,COL MAX. CHANGE LAYER,ROW,COL MAX. CHANGE LAYER,ROW,COL MAX. CHANGE LAYER,ROW,COL MAX. CHANGE LAYER,ROW,COL
 ------------------------------------------------------------------------------------------------------------------------------------
   0.1558E-06 (  1, 21, 40)  0.1591E-09 (  1, 27, 41)  0.2653E-12 (  1, 27, 41)
  MAXIMUM CONCENTRATION CHANGES FOR EACH ITERATION:
  MAX. CHANGE LAYER,ROW,COL MAX. CHANGE LAYER,ROW,COL MAX. CHANGE LAYER,ROW,COL MAX. CHANGE LAYER,ROW,COL MAX. CHANGE LAYER,ROW,COL
 ------------------------------------------------------------------------------------------------------------------------------------
   0.3049E-02 (  1, 26, 18)  0.2390E-05 (  1, 26, 18)  0.1657E-08 (  1, 27, 17)  0.1612E-11 (  1, 27, 41)
  MAXIMUM CONCENTRATION CHANGES FOR EACH ITERATION:
  MAX. CHANGE LAYER,ROW,COL MAX. CHANGE LAYER,ROW,COL MAX. CHANGE LAYER,ROW,COL MAX. CHANGE LAYER,ROW,COL MAX. CHANGE LAYER,ROW,COL
 ------------------------------------------------------------------------------------------------------------------------------------
   0.3795E-02 (  1, 28, 16)  0.3504E-05 (  1, 27, 17)  0.1502E-08 (  1, 17, 13)  0.1189E-11 (  1, 28, 16)
  MAXIMUM CONCENTRATION CHANGES FOR EACH ITERATION:
  MAX. CHANGE LAYER,ROW,COL MAX. CHANGE LAYER,ROW,COL MAX. CHANGE LAYER,ROW,COL MAX. CHANGE LAYER,ROW,COL MAX. CHANGE LAYER,ROW,COL
 ------------------------------------------------------------------------------------------------------------------------------------
    0.000     (  1,  1,  1)
  MAXIMUM CONCENTRATION CHANGES FOR EACH ITERATION:
  MAX. CHANGE LAYER,ROW,COL MAX. CHANGE LAYER,ROW,COL MAX. CHANGE LAYER,ROW,COL MAX. CHANGE LAYER,ROW,COL MAX. CHANGE LAYER,ROW,COL
 ------------------------------------------------------------------------------------------------------------------------------------
    0.000     (  1,  1,  1)
  MAXIMUM CONCENTRATION CHANGES FOR EACH ITERATION:
  MAX. CHANGE LAYER,ROW,COL MAX. CHANGE LAYER,ROW,COL MAX. CHANGE LAYER,ROW,COL MAX. CHANGE LAYER,ROW,COL MAX. CHANGE LAYER,ROW,COL
 ------------------------------------------------------------------------------------------------------------------------------------
   0.5459E-02 (  1, 34, 22)  0.4432E-05 (  1, 13, 13)  0.2769E-08 (  1, 33, 35)  0.2283E-11 (  1, 32, 36)
  MAXIMUM CONCENTRATION CHANGES FOR EACH ITERATION:
  MAX. CHANGE LAYER,ROW,COL MAX. CHANGE LAYER,ROW,COL MAX. CHANGE LAYER,ROW,COL MAX. CHANGE LAYER,ROW,COL MAX. CHANGE LAYER,ROW,COL
 ------------------------------------------------------------------------------------------------------------------------------------
   0.2512E-02 (  1, 31, 34)  0.2249E-05 (  1, 16, 21)  0.2003E-08 (  1, 29, 40)  0.2126E-11 (  1, 28, 41)
  MAXIMUM CONCENTRATION CHANGES FOR EACH ITERATION:
  MAX. CHANGE LAYER,ROW,COL MAX. CHANGE LAYER,ROW,COL MAX. CHANGE LAYER,ROW,COL MAX. CHANGE LAYER,ROW,COL MAX. CHANGE LAYER,ROW,COL
 ------------------------------------------------------------------------------------------------------------------------------------
    0.000     (  1,  1,  1)
  MAXIMUM CONCENTRATION CHANGES FOR EACH ITERATION:
  MAX. CHANGE LAYER,ROW,COL MAX. CHANGE LAYER,ROW,COL MAX. CHANGE LAYER,ROW,COL MAX. CHANGE LAYER,ROW,COL MAX. CHANGE LAYER,ROW,COL
 ------------------------------------------------------------------------------------------------------------------------------------
    0.000     (  1,  1,  1)
  MAXIMUM CONCENTRATION CHANGES FOR EACH ITERATION:
  MAX. CHANGE LAYER,ROW,COL MAX. CHANGE LAYER,ROW,COL MAX. CHANGE LAYER,ROW,COL MAX. CHANGE LAYER,ROW,COL MAX. CHANGE LAYER,ROW,COL
 ------------------------------------------------------------------------------------------------------------------------------------
    0.000     (  1,  1,  1)
  MAXIMUM CONCENTRATION CHANGES FOR EACH ITERATION:
  MAX. CHANGE LAYER,ROW,COL MAX. CHANGE LAYER,ROW,COL MAX. CHANGE LAYER,ROW,COL MAX. CHANGE LAYER,ROW,COL MAX. CHANGE LAYER,ROW,COL
 ------------------------------------------------------------------------------------------------------------------------------------
   0.7900E-02 (  1, 27, 24)  0.6455E-05 (  1, 28, 23)  0.3852E-08 (  1, 29, 22)  0.2600E-11 (  1, 25, 25)
  MAXIMUM CONCENTRATION CHANGES FOR EACH ITERATION:
  MAX. CHANGE LAYER,ROW,COL MAX. CHANGE LAYER,ROW,COL MAX. CHANGE LAYER,ROW,COL MAX. CHANGE LAYER,ROW,COL MAX. CHANGE LAYER,ROW,COL
 ------------------------------------------------------------------------------------------------------------------------------------
   0.1463E-01 (  1, 31, 31)  0.1161E-04 (  1, 30, 27)  0.8337E-08 (  1, 29, 22)  0.6201E-11 (  1, 28, 28)
  MAXIMUM CONCENTRATION CHANGES FOR EACH ITERATION:
  MAX. CHANGE LAYER,ROW,COL MAX. CHANGE LAYER,ROW,COL MAX. CHANGE LAYER,ROW,COL MAX. CHANGE LAYER,ROW,COL MAX. CHANGE LAYER,ROW,COL
 ------------------------------------------------------------------------------------------------------------------------------------
    0.000     (  1,  1,  1)
  MAXIMUM CONCENTRATION CHANGES FOR EACH ITERATION:
  MAX. CHANGE LAYER,ROW,COL MAX. CHANGE LAYER,ROW,COL MAX. CHANGE LAYER,ROW,COL MAX. CHANGE LAYER,ROW,COL MAX. CHANGE LAYER,ROW,COL
 ------------------------------------------------------------------------------------------------------------------------------------
    0.000     (  1,  1,  1)
  MAXIMUM CONCENTRATION CHANGES FOR EACH ITERATION:
  MAX. CHANGE LAYER,ROW,COL MAX. CHANGE LAYER,ROW,COL MAX. CHANGE LAYER,ROW,COL MAX. CHANGE LAYER,ROW,COL MAX. CHANGE LAYER,ROW,COL
 ------------------------------------------------------------------------------------------------------------------------------------
   0.1314E-02 (  1, 26, 19)  0.1056E-05 (  1, 26, 19)  0.6675E-09 (  1, 26, 19)  0.4585E-12 (  1, 27, 41)
  MAXIMUM CONCENTRATION CHANGES FOR EACH ITERATION:
  MAX. CHANGE LAYER,ROW,COL MAX. CHANGE LAYER,ROW,COL MAX. CHANGE LAYER,ROW,COL MAX. CHANGE LAYER,ROW,COL MAX. CHANGE LAYER,ROW,COL
 ------------------------------------------------------------------------------------------------------------------------------------
   0.3195E-02 (  1, 26, 19)  0.3146E-05 (  1, 26, 19)  0.1530E-08 (  1, 26, 18)  0.1383E-11 (  1, 28, 41)
  MAXIMUM CONCENTRATION CHANGES FOR EACH ITERATION:
  MAX. CHANGE LAYER,ROW,COL MAX. CHANGE LAYER,ROW,COL MAX. CHANGE LAYER,ROW,COL MAX. CHANGE LAYER,ROW,COL MAX. CHANGE LAYER,ROW,COL
 ------------------------------------------------------------------------------------------------------------------------------------
   0.4488E-02 (  1, 31, 31)  0.3751E-05 (  1, 16, 21)  0.3529E-08 (  1, 29, 40)  0.3918E-11 (  1, 28, 40)
  MAXIMUM CONCENTRATION CHANGES FOR EACH ITERATION:
  MAX. CHANGE LAYER,ROW,COL MAX. CHANGE LAYER,ROW,COL MAX. CHANGE LAYER,ROW,COL MAX. CHANGE LAYER,ROW,COL MAX. CHANGE LAYER,ROW,COL
 ------------------------------------------------------------------------------------------------------------------------------------
   0.8922E-02 (  1, 31, 30)  0.9216E-05 (  1, 26, 23)  0.4715E-08 (  1, 28, 26)  0.3872E-11 (  1, 28, 27)
  MAXIMUM CONCENTRATION CHANGES FOR EACH ITERATION:
  MAX. CHANGE LAYER,ROW,COL MAX. CHANGE LAYER,ROW,COL MAX. CHANGE LAYER,ROW,COL MAX. CHANGE LAYER,ROW,COL MAX. CHANGE LAYER,ROW,COL
 ------------------------------------------------------------------------------------------------------------------------------------
   0.1265E-01 (  1, 34, 26)  0.1132E-04 (  1, 33, 32)  0.9488E-08 (  1, 32, 35)  0.7757E-11 (  1, 31, 37)
  MAXIMUM CONCENTRATION CHANGES FOR EACH ITERATION:
  MAX. CHANGE LAYER,ROW,COL MAX. CHANGE LAYER,ROW,COL MAX. CHANGE LAYER,ROW,COL MAX. CHANGE LAYER,ROW,COL MAX. CHANGE LAYER,ROW,COL
 ------------------------------------------------------------------------------------------------------------------------------------
   0.2616E-01 (  1, 12, 39)  0.1008E-04 (  1, 31, 70)  0.6360E-08 (  1, 29, 73)  0.2491E-11 (  1, 27, 75)
  MAXIMUM CONCENTRATION CHANGES FOR EACH ITERATION:
  MAX. CHANGE LAYER,ROW,COL MAX. CHANGE LAYER,ROW,COL MAX. CHANGE LAYER,ROW,COL MAX. CHANGE LAYER,ROW,COL MAX. CHANGE LAYER,ROW,COL
 ------------------------------------------------------------------------------------------------------------------------------------
   0.1265E-01 (  1, 34, 26)  0.1132E-04 (  1, 33, 32)  0.9488E-08 (  1, 32, 35)  0.7757E-11 (  1, 31, 37)


                                          ================================================
                                                         TIME STEP NO.  042
                                          ================================================

 FROM TIME =   410.00     TO    420.00    















































  MAXIMUM CONCENTRATION CHANGES FOR EACH ITERATION:
  MAX. CHANGE LAYER,ROW,COL MAX. CHANGE LAYER,ROW,COL MAX. CHANGE LAYER,ROW,COL MAX. CHANGE LAYER,ROW,COL MAX. CHANGE LAYER,ROW,COL
 ------------------------------------------------------------------------------------------------------------------------------------
   0.2019E-02 (  1, 26, 22)  0.1498E-05 (  1, 26, 22)  0.8170E-09 (  1, 26, 19)  0.6978E-12 (  1, 25, 20)
  MAXIMUM CONCENTRATION CHANGES FOR EACH ITERATION:
  MAX. CHANGE LAYER,ROW,COL MAX. CHANGE LAYER,ROW,COL MAX. CHANGE LAYER,ROW,COL MAX. CHANGE LAYER,ROW,COL MAX. CHANGE LAYER,ROW,COL
 ------------------------------------------------------------------------------------------------------------------------------------
   0.7041E-03 (  1, 31, 30)  0.7745E-06 (  1, 26, 23)  0.4049E-09 (  1, 26, 23)  0.4282E-12 (  1, 28, 41)
  MAXIMUM CONCENTRATION CHANGES FOR EACH ITERATION:
  MAX. CHANGE LAYER,ROW,COL MAX. CHANGE LAYER,ROW,COL MAX. CHANGE LAYER,ROW,COL MAX. CHANGE LAYER,ROW,COL MAX. CHANGE LAYER,ROW,COL
 ------------------------------------------------------------------------------------------------------------------------------------
   0.1525E-06 (  1, 21, 40)  0.1500E-09 (  1, 27, 41)  0.2580E-12 (  1, 27, 41)
  MAXIMUM CONCENTRATION CHANGES FOR EACH ITERATION:
  MAX. CHANGE LAYER,ROW,COL MAX. CHANGE LAYER,ROW,COL MAX. CHANGE LAYER,ROW,COL MAX. CHANGE LAYER,ROW,COL MAX. CHANGE LAYER,ROW,COL
 ------------------------------------------------------------------------------------------------------------------------------------
   0.3051E-02 (  1, 26, 18)  0.2382E-05 (  1, 26, 18)  0.1653E-08 (  1, 27, 17)  0.1482E-11 (  1, 27, 41)
  MAXIMUM CONCENTRATION CHANGES FOR EACH ITERATION:
  MAX. CHANGE LAYER,ROW,COL MAX. CHANGE LAYER,ROW,COL MAX. CHANGE LAYER,ROW,COL MAX. CHANGE LAYER,ROW,COL MAX. CHANGE LAYER,ROW,COL
 ------------------------------------------------------------------------------------------------------------------------------------
   0.3798E-02 (  1, 28, 16)  0.3505E-05 (  1, 27, 17)  0.1503E-08 (  1, 17, 13)  0.1189E-11 (  1, 28, 16)
  MAXIMUM CONCENTRATION CHANGES FOR EACH ITERATION:
  MAX. CHANGE LAYER,ROW,COL MAX. CHANGE LAYER,ROW,COL MAX. CHANGE LAYER,ROW,COL MAX. CHANGE LAYER,ROW,COL MAX. CHANGE LAYER,ROW,COL
 ------------------------------------------------------------------------------------------------------------------------------------
    0.000     (  1,  1,  1)
  MAXIMUM CONCENTRATION CHANGES FOR EACH ITERATION:
  MAX. CHANGE LAYER,ROW,COL MAX. CHANGE LAYER,ROW,COL MAX. CHANGE LAYER,ROW,COL MAX. CHANGE LAYER,ROW,COL MAX. CHANGE LAYER,ROW,COL
 ------------------------------------------------------------------------------------------------------------------------------------
    0.000     (  1,  1,  1)
  MAXIMUM CONCENTRATION CHANGES FOR EACH ITERATION:
  MAX. CHANGE LAYER,ROW,COL MAX. CHANGE LAYER,ROW,COL MAX. CHANGE LAYER,ROW,COL MAX. CHANGE LAYER,ROW,COL MAX. CHANGE LAYER,ROW,COL
 ------------------------------------------------------------------------------------------------------------------------------------
   0.5489E-02 (  1, 34, 22)  0.4452E-05 (  1, 13, 13)  0.2775E-08 (  1, 33, 35)  0.2285E-11 (  1, 32, 36)
  MAXIMUM CONCENTRATION CHANGES FOR EACH ITERATION:
  MAX. CHANGE LAYER,ROW,COL MAX. CHANGE LAYER,ROW,COL MAX. CHANGE LAYER,ROW,COL MAX. CHANGE LAYER,ROW,COL MAX. CHANGE LAYER,ROW,COL
 ------------------------------------------------------------------------------------------------------------------------------------
   0.2418E-02 (  1, 31, 35)  0.2263E-05 (  1, 30, 39)  0.2048E-08 (  1, 29, 40)  0.2191E-11 (  1, 28, 41)
  MAXIMUM CONCENTRATION CHANGES FOR EACH ITERATION:
  MAX. CHANGE LAYER,ROW,COL MAX. CHANGE LAYER,ROW,COL MAX. CHANGE LAYER,ROW,COL MAX. CHANGE LAYER,ROW,COL MAX. CHANGE LAYER,ROW,COL
 ------------------------------------------------------------------------------------------------------------------------------------
    0.000     (  1,  1,  1)
  MAXIMUM CONCENTRATION CHANGES FOR EACH ITERATION:
  MAX. CHANGE LAYER,ROW,COL MAX. CHANGE LAYER,ROW,COL MAX. CHANGE LAYER,ROW,COL MAX. CHANGE LAYER,ROW,COL MAX. CHANGE LAYER,ROW,COL
 ------------------------------------------------------------------------------------------------------------------------------------
    0.000     (  1,  1,  1)
  MAXIMUM CONCENTRATION CHANGES FOR EACH ITERATION:
  MAX. CHANGE LAYER,ROW,COL MAX. CHANGE LAYER,ROW,COL MAX. CHANGE LAYER,ROW,COL MAX. CHANGE LAYER,ROW,COL MAX. CHANGE LAYER,ROW,COL
 ------------------------------------------------------------------------------------------------------------------------------------
    0.000     (  1,  1,  1)
  MAXIMUM CONCENTRATION CHANGES FOR EACH ITERATION:
  MAX. CHANGE LAYER,ROW,COL MAX. CHANGE LAYER,ROW,COL MAX. CHANGE LAYER,ROW,COL MAX. CHANGE LAYER,ROW,COL MAX. CHANGE LAYER,ROW,COL
 ------------------------------------------------------------------------------------------------------------------------------------
   0.8514E-02 (  1, 27, 25)  0.7325E-05 (  1, 28, 24)  0.4473E-08 (  1, 29, 23)  0.2734E-11 (  1, 25, 25)
  MAXIMUM CONCENTRATION CHANGES FOR EACH ITERATION:
  MAX. CHANGE LAYER,ROW,COL MAX. CHANGE LAYER,ROW,COL MAX. CHANGE LAYER,ROW,COL MAX. CHANGE LAYER,ROW,COL MAX. CHANGE LAYER,ROW,COL
 ------------------------------------------------------------------------------------------------------------------------------------
   0.1444E-01 (  1, 31, 32)  0.1060E-04 (  1, 30, 27)  0.9382E-08 (  1, 29, 23)  0.5778E-11 (  1, 28, 28)
  MAXIMUM CONCENTRATION CHANGES FOR EACH ITERATION:
  MAX. CHANGE LAYER,ROW,COL MAX. CHANGE LAYER,ROW,COL MAX. CHANGE LAYER,ROW,COL MAX. CHANGE LAYER,ROW,COL MAX. CHANGE LAYER,ROW,COL
 ------------------------------------------------------------------------------------------------------------------------------------
    0.000     (  1,  1,  1)
  MAXIMUM CONCENTRATION CHANGES FOR EACH ITERATION:
  MAX. CHANGE LAYER,ROW,COL MAX. CHANGE LAYER,ROW,COL MAX. CHANGE LAYER,ROW,COL MAX. CHANGE LAYER,ROW,COL MAX. CHANGE LAYER,ROW,COL
 ------------------------------------------------------------------------------------------------------------------------------------
    0.000     (  1,  1,  1)
  MAXIMUM CONCENTRATION CHANGES FOR EACH ITERATION:
  MAX. CHANGE LAYER,ROW,COL MAX. CHANGE LAYER,ROW,COL MAX. CHANGE LAYER,ROW,COL MAX. CHANGE LAYER,ROW,COL MAX. CHANGE LAYER,ROW,COL
 ------------------------------------------------------------------------------------------------------------------------------------
   0.1308E-02 (  1, 26, 19)  0.1041E-05 (  1, 26, 19)  0.6546E-09 (  1, 26, 19)  0.4157E-12 (  1, 25, 21)
  MAXIMUM CONCENTRATION CHANGES FOR EACH ITERATION:
  MAX. CHANGE LAYER,ROW,COL MAX. CHANGE LAYER,ROW,COL MAX. CHANGE LAYER,ROW,COL MAX. CHANGE LAYER,ROW,COL MAX. CHANGE LAYER,ROW,COL
 ------------------------------------------------------------------------------------------------------------------------------------
   0.3173E-02 (  1, 26, 19)  0.3105E-05 (  1, 26, 19)  0.1541E-08 (  1, 26, 18)  0.1448E-11 (  1, 28, 41)
  MAXIMUM CONCENTRATION CHANGES FOR EACH ITERATION:
  MAX. CHANGE LAYER,ROW,COL MAX. CHANGE LAYER,ROW,COL MAX. CHANGE LAYER,ROW,COL MAX. CHANGE LAYER,ROW,COL MAX. CHANGE LAYER,ROW,COL
 ------------------------------------------------------------------------------------------------------------------------------------
   0.4395E-02 (  1, 31, 31)  0.3622E-05 (  1, 16, 21)  0.3563E-08 (  1, 29, 40)  0.3968E-11 (  1, 28, 40)
  MAXIMUM CONCENTRATION CHANGES FOR EACH ITERATION:
  MAX. CHANGE LAYER,ROW,COL MAX. CHANGE LAYER,ROW,COL MAX. CHANGE LAYER,ROW,COL MAX. CHANGE LAYER,ROW,COL MAX. CHANGE LAYER,ROW,COL
 ------------------------------------------------------------------------------------------------------------------------------------
   0.9346E-02 (  1, 31, 30)  0.9471E-05 (  1, 26, 23)  0.4565E-08 (  1, 28, 27)  0.4283E-11 (  1, 28, 28)
  MAXIMUM CONCENTRATION CHANGES FOR EACH ITERATION:
  MAX. CHANGE LAYER,ROW,COL MAX. CHANGE LAYER,ROW,COL MAX. CHANGE LAYER,ROW,COL MAX. CHANGE LAYER,ROW,COL MAX. CHANGE LAYER,ROW,COL
 ------------------------------------------------------------------------------------------------------------------------------------
   0.1297E-01 (  1, 33, 65)  0.1138E-04 (  1, 33, 32)  0.9518E-08 (  1, 32, 35)  0.7857E-11 (  1, 31, 37)
  MAXIMUM CONCENTRATION CHANGES FOR EACH ITERATION:
  MAX. CHANGE LAYER,ROW,COL MAX. CHANGE LAYER,ROW,COL MAX. CHANGE LAYER,ROW,COL MAX. CHANGE LAYER,ROW,COL MAX. CHANGE LAYER,ROW,COL
 ------------------------------------------------------------------------------------------------------------------------------------
   0.3840E-01 (  1, 34, 62)  0.2241E-04 (  1, 29, 75)  0.1289E-07 (  1, 27, 77)  0.7244E-11 (  1, 26, 78)
  MAXIMUM CONCENTRATION CHANGES FOR EACH ITERATION:
  MAX. CHANGE LAYER,ROW,COL MAX. CHANGE LAYER,ROW,COL MAX. CHANGE LAYER,ROW,COL MAX. CHANGE LAYER,ROW,COL MAX. CHANGE LAYER,ROW,COL
 ------------------------------------------------------------------------------------------------------------------------------------
   0.1297E-01 (  1, 33, 65)  0.1138E-04 (  1, 33, 32)  0.9518E-08 (  1, 32, 35)  0.7857E-11 (  1, 31, 37)


                                          ================================================
                                                         TIME STEP NO.  043
                                          ================================================

 FROM TIME =   420.00     TO    430.00    















































  MAXIMUM CONCENTRATION CHANGES FOR EACH ITERATION:
  MAX. CHANGE LAYER,ROW,COL MAX. CHANGE LAYER,ROW,COL MAX. CHANGE LAYER,ROW,COL MAX. CHANGE LAYER,ROW,COL MAX. CHANGE LAYER,ROW,COL
 ------------------------------------------------------------------------------------------------------------------------------------
   0.2009E-02 (  1, 26, 23)  0.1489E-05 (  1, 26, 19)  0.8330E-09 (  1, 26, 19)  0.6938E-12 (  1, 25, 20)
  MAXIMUM CONCENTRATION CHANGES FOR EACH ITERATION:
  MAX. CHANGE LAYER,ROW,COL MAX. CHANGE LAYER,ROW,COL MAX. CHANGE LAYER,ROW,COL MAX. CHANGE LAYER,ROW,COL MAX. CHANGE LAYER,ROW,COL
 ------------------------------------------------------------------------------------------------------------------------------------
   0.6910E-03 (  1, 31, 31)  0.7946E-06 (  1, 26, 23)  0.4201E-09 (  1, 26, 23)  0.4345E-12 (  1, 28, 41)
  MAXIMUM CONCENTRATION CHANGES FOR EACH ITERATION:
  MAX. CHANGE LAYER,ROW,COL MAX. CHANGE LAYER,ROW,COL MAX. CHANGE LAYER,ROW,COL MAX. CHANGE LAYER,ROW,COL MAX. CHANGE LAYER,ROW,COL
 ------------------------------------------------------------------------------------------------------------------------------------
   0.1474E-06 (  1, 21, 40)  0.1406E-09 (  1, 27, 41)  0.2509E-12 (  1, 27, 41)
  MAXIMUM CONCENTRATION CHANGES FOR EACH ITERATION:
  MAX. CHANGE LAYER,ROW,COL MAX. CHANGE LAYER,ROW,COL MAX. CHANGE LAYER,ROW,COL MAX. CHANGE LAYER,ROW,COL MAX. CHANGE LAYER,ROW,COL
 ------------------------------------------------------------------------------------------------------------------------------------
   0.3053E-02 (  1, 26, 18)  0.2376E-05 (  1, 26, 18)  0.1649E-08 (  1, 27, 17)  0.1362E-11 (  1, 27, 41)
  MAXIMUM CONCENTRATION CHANGES FOR EACH ITERATION:
  MAX. CHANGE LAYER,ROW,COL MAX. CHANGE LAYER,ROW,COL MAX. CHANGE LAYER,ROW,COL MAX. CHANGE LAYER,ROW,COL MAX. CHANGE LAYER,ROW,COL
 ------------------------------------------------------------------------------------------------------------------------------------
   0.3801E-02 (  1, 28, 16)  0.3507E-05 (  1, 27, 17)  0.1503E-08 (  1, 17, 13)  0.1189E-11 (  1, 28, 16)
  MAXIMUM CONCENTRATION CHANGES FOR EACH ITERATION:
  MAX. CHANGE LAYER,ROW,COL MAX. CHANGE LAYER,ROW,COL MAX. CHANGE LAYER,ROW,COL MAX. CHANGE LAYER,ROW,COL MAX. CHANGE LAYER,ROW,COL
 ------------------------------------------------------------------------------------------------------------------------------------
    0.000     (  1,  1,  1)
  MAXIMUM CONCENTRATION CHANGES FOR EACH ITERATION:
  MAX. CHANGE LAYER,ROW,COL MAX. CHANGE LAYER,ROW,COL MAX. CHANGE LAYER,ROW,COL MAX. CHANGE LAYER,ROW,COL MAX. CHANGE LAYER,ROW,COL
 ------------------------------------------------------------------------------------------------------------------------------------
    0.000     (  1,  1,  1)
  MAXIMUM CONCENTRATION CHANGES FOR EACH ITERATION:
  MAX. CHANGE LAYER,ROW,COL MAX. CHANGE LAYER,ROW,COL MAX. CHANGE LAYER,ROW,COL MAX. CHANGE LAYER,ROW,COL MAX. CHANGE LAYER,ROW,COL
 ------------------------------------------------------------------------------------------------------------------------------------
   0.5514E-02 (  1, 34, 22)  0.4434E-05 (  1, 13, 13)  0.2789E-08 (  1, 33, 35)  0.2297E-11 (  1, 32, 36)
  MAXIMUM CONCENTRATION CHANGES FOR EACH ITERATION:
  MAX. CHANGE LAYER,ROW,COL MAX. CHANGE LAYER,ROW,COL MAX. CHANGE LAYER,ROW,COL MAX. CHANGE LAYER,ROW,COL MAX. CHANGE LAYER,ROW,COL
 ------------------------------------------------------------------------------------------------------------------------------------
   0.2334E-02 (  1, 31, 36)  0.2284E-05 (  1, 30, 39)  0.2074E-08 (  1, 29, 40)  0.2216E-11 (  1, 28, 41)
  MAXIMUM CONCENTRATION CHANGES FOR EACH ITERATION:
  MAX. CHANGE LAYER,ROW,COL MAX. CHANGE LAYER,ROW,COL MAX. CHANGE LAYER,ROW,COL MAX. CHANGE LAYER,ROW,COL MAX. CHANGE LAYER,ROW,COL
 ------------------------------------------------------------------------------------------------------------------------------------
    0.000     (  1,  1,  1)
  MAXIMUM CONCENTRATION CHANGES FOR EACH ITERATION:
  MAX. CHANGE LAYER,ROW,COL MAX. CHANGE LAYER,ROW,COL MAX. CHANGE LAYER,ROW,COL MAX. CHANGE LAYER,ROW,COL MAX. CHANGE LAYER,ROW,COL
 ------------------------------------------------------------------------------------------------------------------------------------
    0.000     (  1,  1,  1)
  MAXIMUM CONCENTRATION CHANGES FOR EACH ITERATION:
  MAX. CHANGE LAYER,ROW,COL MAX. CHANGE LAYER,ROW,COL MAX. CHANGE LAYER,ROW,COL MAX. CHANGE LAYER,ROW,COL MAX. CHANGE LAYER,ROW,COL
 ------------------------------------------------------------------------------------------------------------------------------------
    0.000     (  1,  1,  1)
  MAXIMUM CONCENTRATION CHANGES FOR EACH ITERATION:
  MAX. CHANGE LAYER,ROW,COL MAX. CHANGE LAYER,ROW,COL MAX. CHANGE LAYER,ROW,COL MAX. CHANGE LAYER,ROW,COL MAX. CHANGE LAYER,ROW,COL
 ------------------------------------------------------------------------------------------------------------------------------------
   0.8341E-02 (  1, 27, 25)  0.7075E-05 (  1, 28, 24)  0.4278E-08 (  1, 29, 23)  0.2614E-11 (  1, 30, 22)
  MAXIMUM CONCENTRATION CHANGES FOR EACH ITERATION:
  MAX. CHANGE LAYER,ROW,COL MAX. CHANGE LAYER,ROW,COL MAX. CHANGE LAYER,ROW,COL MAX. CHANGE LAYER,ROW,COL MAX. CHANGE LAYER,ROW,COL
 ------------------------------------------------------------------------------------------------------------------------------------
   0.1498E-01 (  1, 31, 33)  0.1179E-04 (  1, 30, 28)  0.9010E-08 (  1, 29, 23)  0.6510E-11 (  1, 28, 29)
  MAXIMUM CONCENTRATION CHANGES FOR EACH ITERATION:
  MAX. CHANGE LAYER,ROW,COL MAX. CHANGE LAYER,ROW,COL MAX. CHANGE LAYER,ROW,COL MAX. CHANGE LAYER,ROW,COL MAX. CHANGE LAYER,ROW,COL
 ------------------------------------------------------------------------------------------------------------------------------------
    0.000     (  1,  1,  1)
  MAXIMUM CONCENTRATION CHANGES FOR EACH ITERATION:
  MAX. CHANGE LAYER,ROW,COL MAX. CHANGE LAYER,ROW,COL MAX. CHANGE LAYER,ROW,COL MAX. CHANGE LAYER,ROW,COL MAX. CHANGE LAYER,ROW,COL
 ------------------------------------------------------------------------------------------------------------------------------------
    0.000     (  1,  1,  1)
  MAXIMUM CONCENTRATION CHANGES FOR EACH ITERATION:
  MAX. CHANGE LAYER,ROW,COL MAX. CHANGE LAYER,ROW,COL MAX. CHANGE LAYER,ROW,COL MAX. CHANGE LAYER,ROW,COL MAX. CHANGE LAYER,ROW,COL
 ------------------------------------------------------------------------------------------------------------------------------------
   0.1303E-02 (  1, 26, 19)  0.1031E-05 (  1, 26, 19)  0.6608E-09 (  1, 26, 20)  0.4271E-12 (  1, 25, 19)
  MAXIMUM CONCENTRATION CHANGES FOR EACH ITERATION:
  MAX. CHANGE LAYER,ROW,COL MAX. CHANGE LAYER,ROW,COL MAX. CHANGE LAYER,ROW,COL MAX. CHANGE LAYER,ROW,COL MAX. CHANGE LAYER,ROW,COL
 ------------------------------------------------------------------------------------------------------------------------------------
   0.3150E-02 (  1, 26, 19)  0.3080E-05 (  1, 26, 19)  0.1562E-08 (  1, 26, 19)  0.1499E-11 (  1, 28, 41)
  MAXIMUM CONCENTRATION CHANGES FOR EACH ITERATION:
  MAX. CHANGE LAYER,ROW,COL MAX. CHANGE LAYER,ROW,COL MAX. CHANGE LAYER,ROW,COL MAX. CHANGE LAYER,ROW,COL MAX. CHANGE LAYER,ROW,COL
 ------------------------------------------------------------------------------------------------------------------------------------
   0.4357E-02 (  1, 31, 31)  0.3661E-05 (  1, 15, 34)  0.3552E-08 (  1, 29, 40)  0.3945E-11 (  1, 28, 40)
  MAXIMUM CONCENTRATION CHANGES FOR EACH ITERATION:
  MAX. CHANGE LAYER,ROW,COL MAX. CHANGE LAYER,ROW,COL MAX. CHANGE LAYER,ROW,COL MAX. CHANGE LAYER,ROW,COL MAX. CHANGE LAYER,ROW,COL
 ------------------------------------------------------------------------------------------------------------------------------------
   0.9172E-02 (  1, 26, 23)  0.9848E-05 (  1, 26, 23)  0.4676E-08 (  1, 28, 27)  0.4478E-11 (  1, 28, 28)
  MAXIMUM CONCENTRATION CHANGES FOR EACH ITERATION:
  MAX. CHANGE LAYER,ROW,COL MAX. CHANGE LAYER,ROW,COL MAX. CHANGE LAYER,ROW,COL MAX. CHANGE LAYER,ROW,COL MAX. CHANGE LAYER,ROW,COL
 ------------------------------------------------------------------------------------------------------------------------------------
   0.1296E-01 (  1, 34, 62)  0.1139E-04 (  1, 33, 32)  0.9548E-08 (  1, 32, 35)  0.7878E-11 (  1, 31, 37)
  MAXIMUM CONCENTRATION CHANGES FOR EACH ITERATION:
  MAX. CHANGE LAYER,ROW,COL MAX. CHANGE LAYER,ROW,COL MAX. CHANGE LAYER,ROW,COL MAX. CHANGE LAYER,ROW,COL MAX. CHANGE LAYER,ROW,COL
 ------------------------------------------------------------------------------------------------------------------------------------
   0.4077E-01 (  1, 34, 64)  0.2133E-04 (  1, 31, 73)  0.1235E-07 (  1, 29, 76)  0.6724E-11 (  1, 27, 78)
  MAXIMUM CONCENTRATION CHANGES FOR EACH ITERATION:
  MAX. CHANGE LAYER,ROW,COL MAX. CHANGE LAYER,ROW,COL MAX. CHANGE LAYER,ROW,COL MAX. CHANGE LAYER,ROW,COL MAX. CHANGE LAYER,ROW,COL
 ------------------------------------------------------------------------------------------------------------------------------------
   0.1296E-01 (  1, 34, 62)  0.1139E-04 (  1, 33, 32)  0.9549E-08 (  1, 32, 35)  0.7877E-11 (  1, 31, 37)


                                          ================================================
                                                         TIME STEP NO.  044
                                          ================================================

 FROM TIME =   430.00     TO    440.00    















































  MAXIMUM CONCENTRATION CHANGES FOR EACH ITERATION:
  MAX. CHANGE LAYER,ROW,COL MAX. CHANGE LAYER,ROW,COL MAX. CHANGE LAYER,ROW,COL MAX. CHANGE LAYER,ROW,COL MAX. CHANGE LAYER,ROW,COL
 ------------------------------------------------------------------------------------------------------------------------------------
   0.1929E-02 (  1, 26, 19)  0.1486E-05 (  1, 26, 19)  0.8510E-09 (  1, 26, 19)  0.6970E-12 (  1, 25, 20)
  MAXIMUM CONCENTRATION CHANGES FOR EACH ITERATION:
  MAX. CHANGE LAYER,ROW,COL MAX. CHANGE LAYER,ROW,COL MAX. CHANGE LAYER,ROW,COL MAX. CHANGE LAYER,ROW,COL MAX. CHANGE LAYER,ROW,COL
 ------------------------------------------------------------------------------------------------------------------------------------
   0.6870E-03 (  1, 31, 31)  0.7469E-06 (  1, 26, 24)  0.4044E-09 (  1, 29, 40)  0.4388E-12 (  1, 28, 41)
  MAXIMUM CONCENTRATION CHANGES FOR EACH ITERATION:
  MAX. CHANGE LAYER,ROW,COL MAX. CHANGE LAYER,ROW,COL MAX. CHANGE LAYER,ROW,COL MAX. CHANGE LAYER,ROW,COL MAX. CHANGE LAYER,ROW,COL
 ------------------------------------------------------------------------------------------------------------------------------------
   0.1408E-06 (  1, 21, 40)  0.1305E-09 (  1, 27, 41)  0.2413E-12 (  1, 27, 41)
  MAXIMUM CONCENTRATION CHANGES FOR EACH ITERATION:
  MAX. CHANGE LAYER,ROW,COL MAX. CHANGE LAYER,ROW,COL MAX. CHANGE LAYER,ROW,COL MAX. CHANGE LAYER,ROW,COL MAX. CHANGE LAYER,ROW,COL
 ------------------------------------------------------------------------------------------------------------------------------------
   0.3055E-02 (  1, 26, 18)  0.2371E-05 (  1, 26, 18)  0.1645E-08 (  1, 27, 17)  0.1252E-11 (  1, 27, 41)
  MAXIMUM CONCENTRATION CHANGES FOR EACH ITERATION:
  MAX. CHANGE LAYER,ROW,COL MAX. CHANGE LAYER,ROW,COL MAX. CHANGE LAYER,ROW,COL MAX. CHANGE LAYER,ROW,COL MAX. CHANGE LAYER,ROW,COL
 ------------------------------------------------------------------------------------------------------------------------------------
   0.3804E-02 (  1, 28, 16)  0.3508E-05 (  1, 27, 17)  0.1504E-08 (  1, 17, 13)  0.1188E-11 (  1, 28, 16)
  MAXIMUM CONCENTRATION CHANGES FOR EACH ITERATION:
  MAX. CHANGE LAYER,ROW,COL MAX. CHANGE LAYER,ROW,COL MAX. CHANGE LAYER,ROW,COL MAX. CHANGE LAYER,ROW,COL MAX. CHANGE LAYER,ROW,COL
 ------------------------------------------------------------------------------------------------------------------------------------
    0.000     (  1,  1,  1)
  MAXIMUM CONCENTRATION CHANGES FOR EACH ITERATION:
  MAX. CHANGE LAYER,ROW,COL MAX. CHANGE LAYER,ROW,COL MAX. CHANGE LAYER,ROW,COL MAX. CHANGE LAYER,ROW,COL MAX. CHANGE LAYER,ROW,COL
 ------------------------------------------------------------------------------------------------------------------------------------
    0.000     (  1,  1,  1)
  MAXIMUM CONCENTRATION CHANGES FOR EACH ITERATION:
  MAX. CHANGE LAYER,ROW,COL MAX. CHANGE LAYER,ROW,COL MAX. CHANGE LAYER,ROW,COL MAX. CHANGE LAYER,ROW,COL MAX. CHANGE LAYER,ROW,COL
 ------------------------------------------------------------------------------------------------------------------------------------
   0.5544E-02 (  1, 34, 22)  0.4467E-05 (  1, 13, 13)  0.2790E-08 (  1, 33, 35)  0.2293E-11 (  1, 32, 36)
  MAXIMUM CONCENTRATION CHANGES FOR EACH ITERATION:
  MAX. CHANGE LAYER,ROW,COL MAX. CHANGE LAYER,ROW,COL MAX. CHANGE LAYER,ROW,COL MAX. CHANGE LAYER,ROW,COL MAX. CHANGE LAYER,ROW,COL
 ------------------------------------------------------------------------------------------------------------------------------------
   0.2237E-02 (  1, 31, 37)  0.2299E-05 (  1, 30, 39)  0.2101E-08 (  1, 29, 40)  0.2250E-11 (  1, 28, 41)
  MAXIMUM CONCENTRATION CHANGES FOR EACH ITERATION:
  MAX. CHANGE LAYER,ROW,COL MAX. CHANGE LAYER,ROW,COL MAX. CHANGE LAYER,ROW,COL MAX. CHANGE LAYER,ROW,COL MAX. CHANGE LAYER,ROW,COL
 ------------------------------------------------------------------------------------------------------------------------------------
    0.000     (  1,  1,  1)
  MAXIMUM CONCENTRATION CHANGES FOR EACH ITERATION:
  MAX. CHANGE LAYER,ROW,COL MAX. CHANGE LAYER,ROW,COL MAX. CHANGE LAYER,ROW,COL MAX. CHANGE LAYER,ROW,COL MAX. CHANGE LAYER,ROW,COL
 ------------------------------------------------------------------------------------------------------------------------------------
    0.000     (  1,  1,  1)
  MAXIMUM CONCENTRATION CHANGES FOR EACH ITERATION:
  MAX. CHANGE LAYER,ROW,COL MAX. CHANGE LAYER,ROW,COL MAX. CHANGE LAYER,ROW,COL MAX. CHANGE LAYER,ROW,COL MAX. CHANGE LAYER,ROW,COL
 ------------------------------------------------------------------------------------------------------------------------------------
    0.000     (  1,  1,  1)
  MAXIMUM CONCENTRATION CHANGES FOR EACH ITERATION:
  MAX. CHANGE LAYER,ROW,COL MAX. CHANGE LAYER,ROW,COL MAX. CHANGE LAYER,ROW,COL MAX. CHANGE LAYER,ROW,COL MAX. CHANGE LAYER,ROW,COL
 ------------------------------------------------------------------------------------------------------------------------------------
   0.8764E-02 (  1, 27, 26)  0.7590E-05 (  1, 28, 25)  0.4776E-08 (  1, 29, 24)  0.2994E-11 (  1, 30, 23)
  MAXIMUM CONCENTRATION CHANGES FOR EACH ITERATION:
  MAX. CHANGE LAYER,ROW,COL MAX. CHANGE LAYER,ROW,COL MAX. CHANGE LAYER,ROW,COL MAX. CHANGE LAYER,ROW,COL MAX. CHANGE LAYER,ROW,COL
 ------------------------------------------------------------------------------------------------------------------------------------
   0.1456E-01 (  1, 31, 34)  0.1074E-04 (  1, 30, 28)  0.9861E-08 (  1, 29, 24)  0.6037E-11 (  1, 28, 29)
  MAXIMUM CONCENTRATION CHANGES FOR EACH ITERATION:
  MAX. CHANGE LAYER,ROW,COL MAX. CHANGE LAYER,ROW,COL MAX. CHANGE LAYER,ROW,COL MAX. CHANGE LAYER,ROW,COL MAX. CHANGE LAYER,ROW,COL
 ------------------------------------------------------------------------------------------------------------------------------------
    0.000     (  1,  1,  1)
  MAXIMUM CONCENTRATION CHANGES FOR EACH ITERATION:
  MAX. CHANGE LAYER,ROW,COL MAX. CHANGE LAYER,ROW,COL MAX. CHANGE LAYER,ROW,COL MAX. CHANGE LAYER,ROW,COL MAX. CHANGE LAYER,ROW,COL
 ------------------------------------------------------------------------------------------------------------------------------------
    0.000     (  1,  1,  1)
  MAXIMUM CONCENTRATION CHANGES FOR EACH ITERATION:
  MAX. CHANGE LAYER,ROW,COL MAX. CHANGE LAYER,ROW,COL MAX. CHANGE LAYER,ROW,COL MAX. CHANGE LAYER,ROW,COL MAX. CHANGE LAYER,ROW,COL
 ------------------------------------------------------------------------------------------------------------------------------------
   0.1300E-02 (  1, 26, 19)  0.1024E-05 (  1, 26, 19)  0.6676E-09 (  1, 26, 20)  0.4363E-12 (  1, 25, 19)
  MAXIMUM CONCENTRATION CHANGES FOR EACH ITERATION:
  MAX. CHANGE LAYER,ROW,COL MAX. CHANGE LAYER,ROW,COL MAX. CHANGE LAYER,ROW,COL MAX. CHANGE LAYER,ROW,COL MAX. CHANGE LAYER,ROW,COL
 ------------------------------------------------------------------------------------------------------------------------------------
   0.3130E-02 (  1, 26, 19)  0.3057E-05 (  1, 26, 19)  0.1592E-08 (  1, 26, 19)  0.1545E-11 (  1, 28, 41)
  MAXIMUM CONCENTRATION CHANGES FOR EACH ITERATION:
  MAX. CHANGE LAYER,ROW,COL MAX. CHANGE LAYER,ROW,COL MAX. CHANGE LAYER,ROW,COL MAX. CHANGE LAYER,ROW,COL MAX. CHANGE LAYER,ROW,COL
 ------------------------------------------------------------------------------------------------------------------------------------
   0.4319E-02 (  1, 31, 31)  0.3696E-05 (  1, 15, 33)  0.3542E-08 (  1, 29, 40)  0.3927E-11 (  1, 28, 40)
  MAXIMUM CONCENTRATION CHANGES FOR EACH ITERATION:
  MAX. CHANGE LAYER,ROW,COL MAX. CHANGE LAYER,ROW,COL MAX. CHANGE LAYER,ROW,COL MAX. CHANGE LAYER,ROW,COL MAX. CHANGE LAYER,ROW,COL
 ------------------------------------------------------------------------------------------------------------------------------------
   0.8915E-02 (  1, 31, 31)  0.9434E-05 (  1, 26, 24)  0.4610E-08 (  1, 28, 28)  0.4813E-11 (  1, 28, 29)
  MAXIMUM CONCENTRATION CHANGES FOR EACH ITERATION:
  MAX. CHANGE LAYER,ROW,COL MAX. CHANGE LAYER,ROW,COL MAX. CHANGE LAYER,ROW,COL MAX. CHANGE LAYER,ROW,COL MAX. CHANGE LAYER,ROW,COL
 ------------------------------------------------------------------------------------------------------------------------------------
   0.1277E-01 (  1, 33, 68)  0.1142E-04 (  1, 33, 32)  0.9554E-08 (  1, 32, 35)  0.7915E-11 (  1, 31, 37)
  MAXIMUM CONCENTRATION CHANGES FOR EACH ITERATION:
  MAX. CHANGE LAYER,ROW,COL MAX. CHANGE LAYER,ROW,COL MAX. CHANGE LAYER,ROW,COL MAX. CHANGE LAYER,ROW,COL MAX. CHANGE LAYER,ROW,COL
 ------------------------------------------------------------------------------------------------------------------------------------
   0.3354E-01 (  1, 11, 47)  0.1816E-04 (  1, 28, 79)  0.8365E-08 (  1, 30, 77)  0.4090E-11 (  1, 28, 78)
  MAXIMUM CONCENTRATION CHANGES FOR EACH ITERATION:
  MAX. CHANGE LAYER,ROW,COL MAX. CHANGE LAYER,ROW,COL MAX. CHANGE LAYER,ROW,COL MAX. CHANGE LAYER,ROW,COL MAX. CHANGE LAYER,ROW,COL
 ------------------------------------------------------------------------------------------------------------------------------------
   0.1277E-01 (  1, 33, 68)  0.1142E-04 (  1, 33, 32)  0.9555E-08 (  1, 32, 35)  0.7918E-11 (  1, 31, 37)


                                          ================================================
                                                         TIME STEP NO.  045
                                          ================================================

 FROM TIME =   440.00     TO    450.00    















































  MAXIMUM CONCENTRATION CHANGES FOR EACH ITERATION:
  MAX. CHANGE LAYER,ROW,COL MAX. CHANGE LAYER,ROW,COL MAX. CHANGE LAYER,ROW,COL MAX. CHANGE LAYER,ROW,COL MAX. CHANGE LAYER,ROW,COL
 ------------------------------------------------------------------------------------------------------------------------------------
   0.1923E-02 (  1, 26, 19)  0.1479E-05 (  1, 26, 19)  0.8488E-09 (  1, 26, 19)  0.6989E-12 (  1, 25, 20)
  MAXIMUM CONCENTRATION CHANGES FOR EACH ITERATION:
  MAX. CHANGE LAYER,ROW,COL MAX. CHANGE LAYER,ROW,COL MAX. CHANGE LAYER,ROW,COL MAX. CHANGE LAYER,ROW,COL MAX. CHANGE LAYER,ROW,COL
 ------------------------------------------------------------------------------------------------------------------------------------
   0.6707E-03 (  1, 31, 31)  0.7638E-06 (  1, 26, 24)  0.4182E-09 (  1, 26, 24)  0.4449E-12 (  1, 28, 41)
  MAXIMUM CONCENTRATION CHANGES FOR EACH ITERATION:
  MAX. CHANGE LAYER,ROW,COL MAX. CHANGE LAYER,ROW,COL MAX. CHANGE LAYER,ROW,COL MAX. CHANGE LAYER,ROW,COL MAX. CHANGE LAYER,ROW,COL
 ------------------------------------------------------------------------------------------------------------------------------------
   0.1330E-06 (  1, 21, 40)  0.1204E-09 (  1, 27, 41)  0.2310E-12 (  1, 27, 41)
  MAXIMUM CONCENTRATION CHANGES FOR EACH ITERATION:
  MAX. CHANGE LAYER,ROW,COL MAX. CHANGE LAYER,ROW,COL MAX. CHANGE LAYER,ROW,COL MAX. CHANGE LAYER,ROW,COL MAX. CHANGE LAYER,ROW,COL
 ------------------------------------------------------------------------------------------------------------------------------------
   0.3057E-02 (  1, 26, 18)  0.2368E-05 (  1, 26, 18)  0.1642E-08 (  1, 27, 17)  0.1186E-11 (  1, 28, 16)
  MAXIMUM CONCENTRATION CHANGES FOR EACH ITERATION:
  MAX. CHANGE LAYER,ROW,COL MAX. CHANGE LAYER,ROW,COL MAX. CHANGE LAYER,ROW,COL MAX. CHANGE LAYER,ROW,COL MAX. CHANGE LAYER,ROW,COL
 ------------------------------------------------------------------------------------------------------------------------------------
   0.3807E-02 (  1, 28, 16)  0.3510E-05 (  1, 27, 17)  0.1505E-08 (  1, 17, 13)  0.1188E-11 (  1, 28, 16)
  MAXIMUM CONCENTRATION CHANGES FOR EACH ITERATION:
  MAX. CHANGE LAYER,ROW,COL MAX. CHANGE LAYER,ROW,COL MAX. CHANGE LAYER,ROW,COL MAX. CHANGE LAYER,ROW,COL MAX. CHANGE LAYER,ROW,COL
 ------------------------------------------------------------------------------------------------------------------------------------
    0.000     (  1,  1,  1)
  MAXIMUM CONCENTRATION CHANGES FOR EACH ITERATION:
  MAX. CHANGE LAYER,ROW,COL MAX. CHANGE LAYER,ROW,COL MAX. CHANGE LAYER,ROW,COL MAX. CHANGE LAYER,ROW,COL MAX. CHANGE LAYER,ROW,COL
 ------------------------------------------------------------------------------------------------------------------------------------
    0.000     (  1,  1,  1)
  MAXIMUM CONCENTRATION CHANGES FOR EACH ITERATION:
  MAX. CHANGE LAYER,ROW,COL MAX. CHANGE LAYER,ROW,COL MAX. CHANGE LAYER,ROW,COL MAX. CHANGE LAYER,ROW,COL MAX. CHANGE LAYER,ROW,COL
 ------------------------------------------------------------------------------------------------------------------------------------
   0.5559E-02 (  1, 34, 22)  0.4470E-05 (  1, 13, 13)  0.2797E-08 (  1, 33, 35)  0.2295E-11 (  1, 32, 36)
  MAXIMUM CONCENTRATION CHANGES FOR EACH ITERATION:
  MAX. CHANGE LAYER,ROW,COL MAX. CHANGE LAYER,ROW,COL MAX. CHANGE LAYER,ROW,COL MAX. CHANGE LAYER,ROW,COL MAX. CHANGE LAYER,ROW,COL
 ------------------------------------------------------------------------------------------------------------------------------------
   0.2127E-02 (  1, 31, 38)  0.2291E-05 (  1, 31, 33)  0.2099E-08 (  1, 29, 40)  0.2263E-11 (  1, 28, 41)
  MAXIMUM CONCENTRATION CHANGES FOR EACH ITERATION:
  MAX. CHANGE LAYER,ROW,COL MAX. CHANGE LAYER,ROW,COL MAX. CHANGE LAYER,ROW,COL MAX. CHANGE LAYER,ROW,COL MAX. CHANGE LAYER,ROW,COL
 ------------------------------------------------------------------------------------------------------------------------------------
    0.000     (  1,  1,  1)
  MAXIMUM CONCENTRATION CHANGES FOR EACH ITERATION:
  MAX. CHANGE LAYER,ROW,COL MAX. CHANGE LAYER,ROW,COL MAX. CHANGE LAYER,ROW,COL MAX. CHANGE LAYER,ROW,COL MAX. CHANGE LAYER,ROW,COL
 ------------------------------------------------------------------------------------------------------------------------------------
    0.000     (  1,  1,  1)
  MAXIMUM CONCENTRATION CHANGES FOR EACH ITERATION:
  MAX. CHANGE LAYER,ROW,COL MAX. CHANGE LAYER,ROW,COL MAX. CHANGE LAYER,ROW,COL MAX. CHANGE LAYER,ROW,COL MAX. CHANGE LAYER,ROW,COL
 ------------------------------------------------------------------------------------------------------------------------------------
    0.000     (  1,  1,  1)
  MAXIMUM CONCENTRATION CHANGES FOR EACH ITERATION:
  MAX. CHANGE LAYER,ROW,COL MAX. CHANGE LAYER,ROW,COL MAX. CHANGE LAYER,ROW,COL MAX. CHANGE LAYER,ROW,COL MAX. CHANGE LAYER,ROW,COL
 ------------------------------------------------------------------------------------------------------------------------------------
   0.8635E-02 (  1, 27, 26)  0.7421E-05 (  1, 28, 25)  0.4614E-08 (  1, 29, 24)  0.2888E-11 (  1, 30, 23)
  MAXIMUM CONCENTRATION CHANGES FOR EACH ITERATION:
  MAX. CHANGE LAYER,ROW,COL MAX. CHANGE LAYER,ROW,COL MAX. CHANGE LAYER,ROW,COL MAX. CHANGE LAYER,ROW,COL MAX. CHANGE LAYER,ROW,COL
 ------------------------------------------------------------------------------------------------------------------------------------
   0.1449E-01 (  1, 31, 35)  0.1186E-04 (  1, 30, 29)  0.9514E-08 (  1, 29, 24)  0.6708E-11 (  1, 28, 30)
  MAXIMUM CONCENTRATION CHANGES FOR EACH ITERATION:
  MAX. CHANGE LAYER,ROW,COL MAX. CHANGE LAYER,ROW,COL MAX. CHANGE LAYER,ROW,COL MAX. CHANGE LAYER,ROW,COL MAX. CHANGE LAYER,ROW,COL
 ------------------------------------------------------------------------------------------------------------------------------------
    0.000     (  1,  1,  1)
  MAXIMUM CONCENTRATION CHANGES FOR EACH ITERATION:
  MAX. CHANGE LAYER,ROW,COL MAX. CHANGE LAYER,ROW,COL MAX. CHANGE LAYER,ROW,COL MAX. CHANGE LAYER,ROW,COL MAX. CHANGE LAYER,ROW,COL
 ------------------------------------------------------------------------------------------------------------------------------------
    0.000     (  1,  1,  1)
  MAXIMUM CONCENTRATION CHANGES FOR EACH ITERATION:
  MAX. CHANGE LAYER,ROW,COL MAX. CHANGE LAYER,ROW,COL MAX. CHANGE LAYER,ROW,COL MAX. CHANGE LAYER,ROW,COL MAX. CHANGE LAYER,ROW,COL
 ------------------------------------------------------------------------------------------------------------------------------------
   0.1297E-02 (  1, 26, 19)  0.1026E-05 (  1, 26, 19)  0.6602E-09 (  1, 26, 19)  0.4396E-12 (  1, 25, 19)
  MAXIMUM CONCENTRATION CHANGES FOR EACH ITERATION:
  MAX. CHANGE LAYER,ROW,COL MAX. CHANGE LAYER,ROW,COL MAX. CHANGE LAYER,ROW,COL MAX. CHANGE LAYER,ROW,COL MAX. CHANGE LAYER,ROW,COL
 ------------------------------------------------------------------------------------------------------------------------------------
   0.3113E-02 (  1, 26, 19)  0.3039E-05 (  1, 26, 19)  0.1621E-08 (  1, 26, 19)  0.1587E-11 (  1, 28, 41)
  MAXIMUM CONCENTRATION CHANGES FOR EACH ITERATION:
  MAX. CHANGE LAYER,ROW,COL MAX. CHANGE LAYER,ROW,COL MAX. CHANGE LAYER,ROW,COL MAX. CHANGE LAYER,ROW,COL MAX. CHANGE LAYER,ROW,COL
 ------------------------------------------------------------------------------------------------------------------------------------
   0.4293E-02 (  1, 31, 31)  0.3676E-05 (  1, 15, 32)  0.3541E-08 (  1, 29, 40)  0.3918E-11 (  1, 28, 40)
  MAXIMUM CONCENTRATION CHANGES FOR EACH ITERATION:
  MAX. CHANGE LAYER,ROW,COL MAX. CHANGE LAYER,ROW,COL MAX. CHANGE LAYER,ROW,COL MAX. CHANGE LAYER,ROW,COL MAX. CHANGE LAYER,ROW,COL
 ------------------------------------------------------------------------------------------------------------------------------------
   0.9007E-02 (  1, 26, 24)  0.9832E-05 (  1, 26, 24)  0.4651E-08 (  1, 28, 28)  0.4972E-11 (  1, 28, 29)
  MAXIMUM CONCENTRATION CHANGES FOR EACH ITERATION:
  MAX. CHANGE LAYER,ROW,COL MAX. CHANGE LAYER,ROW,COL MAX. CHANGE LAYER,ROW,COL MAX. CHANGE LAYER,ROW,COL MAX. CHANGE LAYER,ROW,COL
 ------------------------------------------------------------------------------------------------------------------------------------
   0.1272E-01 (  1, 12, 56)  0.1147E-04 (  1, 33, 32)  0.9612E-08 (  1, 32, 35)  0.7932E-11 (  1, 31, 37)
  MAXIMUM CONCENTRATION CHANGES FOR EACH ITERATION:
  MAX. CHANGE LAYER,ROW,COL MAX. CHANGE LAYER,ROW,COL MAX. CHANGE LAYER,ROW,COL MAX. CHANGE LAYER,ROW,COL MAX. CHANGE LAYER,ROW,COL
 ------------------------------------------------------------------------------------------------------------------------------------
   0.3526E-01 (  1, 11, 52)  0.1730E-04 (  1, 35, 20)  0.1028E-07 (  1, 36, 19)  0.6051E-11 (  1, 31, 24)
  MAXIMUM CONCENTRATION CHANGES FOR EACH ITERATION:
  MAX. CHANGE LAYER,ROW,COL MAX. CHANGE LAYER,ROW,COL MAX. CHANGE LAYER,ROW,COL MAX. CHANGE LAYER,ROW,COL MAX. CHANGE LAYER,ROW,COL
 ------------------------------------------------------------------------------------------------------------------------------------
   0.1272E-01 (  1, 12, 56)  0.1156E-04 (  1, 29, 78)  0.9611E-08 (  1, 32, 35)  0.7934E-11 (  1, 31, 37)


                                          ================================================
                                                         TIME STEP NO.  046
                                          ================================================

 FROM TIME =   450.00     TO    460.00    















































  MAXIMUM CONCENTRATION CHANGES FOR EACH ITERATION:
  MAX. CHANGE LAYER,ROW,COL MAX. CHANGE LAYER,ROW,COL MAX. CHANGE LAYER,ROW,COL MAX. CHANGE LAYER,ROW,COL MAX. CHANGE LAYER,ROW,COL
 ------------------------------------------------------------------------------------------------------------------------------------
   0.1918E-02 (  1, 26, 19)  0.1475E-05 (  1, 26, 19)  0.8495E-09 (  1, 26, 19)  0.6711E-12 (  1, 25, 21)
  MAXIMUM CONCENTRATION CHANGES FOR EACH ITERATION:
  MAX. CHANGE LAYER,ROW,COL MAX. CHANGE LAYER,ROW,COL MAX. CHANGE LAYER,ROW,COL MAX. CHANGE LAYER,ROW,COL MAX. CHANGE LAYER,ROW,COL
 ------------------------------------------------------------------------------------------------------------------------------------
   0.6568E-03 (  1, 31, 32)  0.7838E-06 (  1, 26, 24)  0.4363E-09 (  1, 26, 24)  0.4604E-12 (  1, 28, 41)
  MAXIMUM CONCENTRATION CHANGES FOR EACH ITERATION:
  MAX. CHANGE LAYER,ROW,COL MAX. CHANGE LAYER,ROW,COL MAX. CHANGE LAYER,ROW,COL MAX. CHANGE LAYER,ROW,COL MAX. CHANGE LAYER,ROW,COL
 ------------------------------------------------------------------------------------------------------------------------------------
   0.1243E-06 (  1, 21, 40)  0.1101E-09 (  1, 27, 41)  0.2180E-12 (  1, 27, 41)
  MAXIMUM CONCENTRATION CHANGES FOR EACH ITERATION:
  MAX. CHANGE LAYER,ROW,COL MAX. CHANGE LAYER,ROW,COL MAX. CHANGE LAYER,ROW,COL MAX. CHANGE LAYER,ROW,COL MAX. CHANGE LAYER,ROW,COL
 ------------------------------------------------------------------------------------------------------------------------------------
   0.3059E-02 (  1, 26, 18)  0.2365E-05 (  1, 26, 18)  0.1638E-08 (  1, 27, 17)  0.1186E-11 (  1, 28, 16)
  MAXIMUM CONCENTRATION CHANGES FOR EACH ITERATION:
  MAX. CHANGE LAYER,ROW,COL MAX. CHANGE LAYER,ROW,COL MAX. CHANGE LAYER,ROW,COL MAX. CHANGE LAYER,ROW,COL MAX. CHANGE LAYER,ROW,COL
 ------------------------------------------------------------------------------------------------------------------------------------
   0.3810E-02 (  1, 28, 16)  0.3511E-05 (  1, 27, 17)  0.1505E-08 (  1, 17, 13)  0.1188E-11 (  1, 28, 16)
  MAXIMUM CONCENTRATION CHANGES FOR EACH ITERATION:
  MAX. CHANGE LAYER,ROW,COL MAX. CHANGE LAYER,ROW,COL MAX. CHANGE LAYER,ROW,COL MAX. CHANGE LAYER,ROW,COL MAX. CHANGE LAYER,ROW,COL
 ------------------------------------------------------------------------------------------------------------------------------------
    0.000     (  1,  1,  1)
  MAXIMUM CONCENTRATION CHANGES FOR EACH ITERATION:
  MAX. CHANGE LAYER,ROW,COL MAX. CHANGE LAYER,ROW,COL MAX. CHANGE LAYER,ROW,COL MAX. CHANGE LAYER,ROW,COL MAX. CHANGE LAYER,ROW,COL
 ------------------------------------------------------------------------------------------------------------------------------------
    0.000     (  1,  1,  1)
  MAXIMUM CONCENTRATION CHANGES FOR EACH ITERATION:
  MAX. CHANGE LAYER,ROW,COL MAX. CHANGE LAYER,ROW,COL MAX. CHANGE LAYER,ROW,COL MAX. CHANGE LAYER,ROW,COL MAX. CHANGE LAYER,ROW,COL
 ------------------------------------------------------------------------------------------------------------------------------------
   0.5540E-02 (  1, 34, 22)  0.4449E-05 (  1, 13, 13)  0.2807E-08 (  1, 33, 35)  0.2301E-11 (  1, 32, 36)
  MAXIMUM CONCENTRATION CHANGES FOR EACH ITERATION:
  MAX. CHANGE LAYER,ROW,COL MAX. CHANGE LAYER,ROW,COL MAX. CHANGE LAYER,ROW,COL MAX. CHANGE LAYER,ROW,COL MAX. CHANGE LAYER,ROW,COL
 ------------------------------------------------------------------------------------------------------------------------------------
   0.1845E-02 (  1, 15, 32)  0.2303E-05 (  1, 31, 34)  0.1879E-08 (  1, 29, 40)  0.2096E-11 (  1, 28, 41)
  MAXIMUM CONCENTRATION CHANGES FOR EACH ITERATION:
  MAX. CHANGE LAYER,ROW,COL MAX. CHANGE LAYER,ROW,COL MAX. CHANGE LAYER,ROW,COL MAX. CHANGE LAYER,ROW,COL MAX. CHANGE LAYER,ROW,COL
 ------------------------------------------------------------------------------------------------------------------------------------
    0.000     (  1,  1,  1)
  MAXIMUM CONCENTRATION CHANGES FOR EACH ITERATION:
  MAX. CHANGE LAYER,ROW,COL MAX. CHANGE LAYER,ROW,COL MAX. CHANGE LAYER,ROW,COL MAX. CHANGE LAYER,ROW,COL MAX. CHANGE LAYER,ROW,COL
 ------------------------------------------------------------------------------------------------------------------------------------
    0.000     (  1,  1,  1)
  MAXIMUM CONCENTRATION CHANGES FOR EACH ITERATION:
  MAX. CHANGE LAYER,ROW,COL MAX. CHANGE LAYER,ROW,COL MAX. CHANGE LAYER,ROW,COL MAX. CHANGE LAYER,ROW,COL MAX. CHANGE LAYER,ROW,COL
 ------------------------------------------------------------------------------------------------------------------------------------
    0.000     (  1,  1,  1)
  MAXIMUM CONCENTRATION CHANGES FOR EACH ITERATION:
  MAX. CHANGE LAYER,ROW,COL MAX. CHANGE LAYER,ROW,COL MAX. CHANGE LAYER,ROW,COL MAX. CHANGE LAYER,ROW,COL MAX. CHANGE LAYER,ROW,COL
 ------------------------------------------------------------------------------------------------------------------------------------
   0.8861E-02 (  1, 27, 27)  0.7735E-05 (  1, 28, 26)  0.4991E-08 (  1, 29, 25)  0.3165E-11 (  1, 30, 24)
  MAXIMUM CONCENTRATION CHANGES FOR EACH ITERATION:
  MAX. CHANGE LAYER,ROW,COL MAX. CHANGE LAYER,ROW,COL MAX. CHANGE LAYER,ROW,COL MAX. CHANGE LAYER,ROW,COL MAX. CHANGE LAYER,ROW,COL
 ------------------------------------------------------------------------------------------------------------------------------------
   0.1316E-01 (  1, 31, 35)  0.1072E-04 (  1, 30, 29)  0.1022E-07 (  1, 29, 25)  0.6092E-11 (  1, 28, 30)
  MAXIMUM CONCENTRATION CHANGES FOR EACH ITERATION:
  MAX. CHANGE LAYER,ROW,COL MAX. CHANGE LAYER,ROW,COL MAX. CHANGE LAYER,ROW,COL MAX. CHANGE LAYER,ROW,COL MAX. CHANGE LAYER,ROW,COL
 ------------------------------------------------------------------------------------------------------------------------------------
    0.000     (  1,  1,  1)
  MAXIMUM CONCENTRATION CHANGES FOR EACH ITERATION:
  MAX. CHANGE LAYER,ROW,COL MAX. CHANGE LAYER,ROW,COL MAX. CHANGE LAYER,ROW,COL MAX. CHANGE LAYER,ROW,COL MAX. CHANGE LAYER,ROW,COL
 ------------------------------------------------------------------------------------------------------------------------------------
    0.000     (  1,  1,  1)
  MAXIMUM CONCENTRATION CHANGES FOR EACH ITERATION:
  MAX. CHANGE LAYER,ROW,COL MAX. CHANGE LAYER,ROW,COL MAX. CHANGE LAYER,ROW,COL MAX. CHANGE LAYER,ROW,COL MAX. CHANGE LAYER,ROW,COL
 ------------------------------------------------------------------------------------------------------------------------------------
   0.1294E-02 (  1, 26, 19)  0.1029E-05 (  1, 26, 19)  0.6743E-09 (  1, 26, 19)  0.4332E-12 (  1, 25, 19)
  MAXIMUM CONCENTRATION CHANGES FOR EACH ITERATION:
  MAX. CHANGE LAYER,ROW,COL MAX. CHANGE LAYER,ROW,COL MAX. CHANGE LAYER,ROW,COL MAX. CHANGE LAYER,ROW,COL MAX. CHANGE LAYER,ROW,COL
 ------------------------------------------------------------------------------------------------------------------------------------
   0.3099E-02 (  1, 26, 19)  0.3026E-05 (  1, 26, 19)  0.1647E-08 (  1, 26, 19)  0.1628E-11 (  1, 28, 41)
  MAXIMUM CONCENTRATION CHANGES FOR EACH ITERATION:
  MAX. CHANGE LAYER,ROW,COL MAX. CHANGE LAYER,ROW,COL MAX. CHANGE LAYER,ROW,COL MAX. CHANGE LAYER,ROW,COL MAX. CHANGE LAYER,ROW,COL
 ------------------------------------------------------------------------------------------------------------------------------------
   0.4272E-02 (  1, 31, 30)  0.3698E-05 (  1, 15, 32)  0.3509E-08 (  1, 29, 40)  0.3878E-11 (  1, 28, 40)
  MAXIMUM CONCENTRATION CHANGES FOR EACH ITERATION:
  MAX. CHANGE LAYER,ROW,COL MAX. CHANGE LAYER,ROW,COL MAX. CHANGE LAYER,ROW,COL MAX. CHANGE LAYER,ROW,COL MAX. CHANGE LAYER,ROW,COL
 ------------------------------------------------------------------------------------------------------------------------------------
   0.9277E-02 (  1, 26, 24)  0.1017E-04 (  1, 26, 24)  0.4648E-08 (  1, 34, 27)  0.5259E-11 (  1, 28, 30)
  MAXIMUM CONCENTRATION CHANGES FOR EACH ITERATION:
  MAX. CHANGE LAYER,ROW,COL MAX. CHANGE LAYER,ROW,COL MAX. CHANGE LAYER,ROW,COL MAX. CHANGE LAYER,ROW,COL MAX. CHANGE LAYER,ROW,COL
 ------------------------------------------------------------------------------------------------------------------------------------
   0.1311E-01 (  1, 34, 67)  0.1166E-04 (  1, 30, 78)  0.9652E-08 (  1, 32, 35)  0.7942E-11 (  1, 31, 37)
  MAXIMUM CONCENTRATION CHANGES FOR EACH ITERATION:
  MAX. CHANGE LAYER,ROW,COL MAX. CHANGE LAYER,ROW,COL MAX. CHANGE LAYER,ROW,COL MAX. CHANGE LAYER,ROW,COL MAX. CHANGE LAYER,ROW,COL
 ------------------------------------------------------------------------------------------------------------------------------------
   0.4524E-01 (  1, 34, 69)  0.2319E-04 (  1, 32, 77)  0.1298E-07 (  1, 36, 19)  0.7628E-11 (  1, 31, 24)
  MAXIMUM CONCENTRATION CHANGES FOR EACH ITERATION:
  MAX. CHANGE LAYER,ROW,COL MAX. CHANGE LAYER,ROW,COL MAX. CHANGE LAYER,ROW,COL MAX. CHANGE LAYER,ROW,COL MAX. CHANGE LAYER,ROW,COL
 ------------------------------------------------------------------------------------------------------------------------------------
   0.1311E-01 (  1, 34, 67)  0.1162E-04 (  1, 30, 78)  0.9652E-08 (  1, 32, 35)  0.7941E-11 (  1, 31, 37)


                                          ================================================
                                                         TIME STEP NO.  047
                                          ================================================

 FROM TIME =   460.00     TO    470.00    















































  MAXIMUM CONCENTRATION CHANGES FOR EACH ITERATION:
  MAX. CHANGE LAYER,ROW,COL MAX. CHANGE LAYER,ROW,COL MAX. CHANGE LAYER,ROW,COL MAX. CHANGE LAYER,ROW,COL MAX. CHANGE LAYER,ROW,COL
 ------------------------------------------------------------------------------------------------------------------------------------
   0.1915E-02 (  1, 26, 19)  0.1481E-05 (  1, 26, 19)  0.8679E-09 (  1, 26, 19)  0.6658E-12 (  1, 25, 21)
  MAXIMUM CONCENTRATION CHANGES FOR EACH ITERATION:
  MAX. CHANGE LAYER,ROW,COL MAX. CHANGE LAYER,ROW,COL MAX. CHANGE LAYER,ROW,COL MAX. CHANGE LAYER,ROW,COL MAX. CHANGE LAYER,ROW,COL
 ------------------------------------------------------------------------------------------------------------------------------------
   0.6454E-03 (  1, 31, 32)  0.7358E-06 (  1, 26, 25)  0.4450E-09 (  1, 29, 40)  0.4786E-12 (  1, 28, 41)
  MAXIMUM CONCENTRATION CHANGES FOR EACH ITERATION:
  MAX. CHANGE LAYER,ROW,COL MAX. CHANGE LAYER,ROW,COL MAX. CHANGE LAYER,ROW,COL MAX. CHANGE LAYER,ROW,COL MAX. CHANGE LAYER,ROW,COL
 ------------------------------------------------------------------------------------------------------------------------------------
   0.1150E-06 (  1, 21, 40)  0.1001E-09 (  1, 27, 41)  0.2059E-12 (  1, 27, 41)
  MAXIMUM CONCENTRATION CHANGES FOR EACH ITERATION:
  MAX. CHANGE LAYER,ROW,COL MAX. CHANGE LAYER,ROW,COL MAX. CHANGE LAYER,ROW,COL MAX. CHANGE LAYER,ROW,COL MAX. CHANGE LAYER,ROW,COL
 ------------------------------------------------------------------------------------------------------------------------------------
   0.3061E-02 (  1, 26, 18)  0.2364E-05 (  1, 26, 18)  0.1634E-08 (  1, 27, 17)  0.1185E-11 (  1, 28, 16)
  MAXIMUM CONCENTRATION CHANGES FOR EACH ITERATION:
  MAX. CHANGE LAYER,ROW,COL MAX. CHANGE LAYER,ROW,COL MAX. CHANGE LAYER,ROW,COL MAX. CHANGE LAYER,ROW,COL MAX. CHANGE LAYER,ROW,COL
 ------------------------------------------------------------------------------------------------------------------------------------
   0.3813E-02 (  1, 28, 16)  0.3513E-05 (  1, 27, 17)  0.1506E-08 (  1, 17, 13)  0.1188E-11 (  1, 28, 16)
  MAXIMUM CONCENTRATION CHANGES FOR EACH ITERATION:
  MAX. CHANGE LAYER,ROW,COL MAX. CHANGE LAYER,ROW,COL MAX. CHANGE LAYER,ROW,COL MAX. CHANGE LAYER,ROW,COL MAX. CHANGE LAYER,ROW,COL
 ------------------------------------------------------------------------------------------------------------------------------------
    0.000     (  1,  1,  1)
  MAXIMUM CONCENTRATION CHANGES FOR EACH ITERATION:
  MAX. CHANGE LAYER,ROW,COL MAX. CHANGE LAYER,ROW,COL MAX. CHANGE LAYER,ROW,COL MAX. CHANGE LAYER,ROW,COL MAX. CHANGE LAYER,ROW,COL
 ------------------------------------------------------------------------------------------------------------------------------------
    0.000     (  1,  1,  1)
  MAXIMUM CONCENTRATION CHANGES FOR EACH ITERATION:
  MAX. CHANGE LAYER,ROW,COL MAX. CHANGE LAYER,ROW,COL MAX. CHANGE LAYER,ROW,COL MAX. CHANGE LAYER,ROW,COL MAX. CHANGE LAYER,ROW,COL
 ------------------------------------------------------------------------------------------------------------------------------------
   0.5521E-02 (  1, 34, 22)  0.4439E-05 (  1, 13, 13)  0.2814E-08 (  1, 33, 35)  0.2318E-11 (  1, 14,  9)
  MAXIMUM CONCENTRATION CHANGES FOR EACH ITERATION:
  MAX. CHANGE LAYER,ROW,COL MAX. CHANGE LAYER,ROW,COL MAX. CHANGE LAYER,ROW,COL MAX. CHANGE LAYER,ROW,COL MAX. CHANGE LAYER,ROW,COL
 ------------------------------------------------------------------------------------------------------------------------------------
   0.1872E-02 (  1, 15, 32)  0.2363E-05 (  1, 31, 34)  0.1847E-08 (  1, 30, 39)  0.1991E-11 (  1, 28, 41)
  MAXIMUM CONCENTRATION CHANGES FOR EACH ITERATION:
  MAX. CHANGE LAYER,ROW,COL MAX. CHANGE LAYER,ROW,COL MAX. CHANGE LAYER,ROW,COL MAX. CHANGE LAYER,ROW,COL MAX. CHANGE LAYER,ROW,COL
 ------------------------------------------------------------------------------------------------------------------------------------
    0.000     (  1,  1,  1)
  MAXIMUM CONCENTRATION CHANGES FOR EACH ITERATION:
  MAX. CHANGE LAYER,ROW,COL MAX. CHANGE LAYER,ROW,COL MAX. CHANGE LAYER,ROW,COL MAX. CHANGE LAYER,ROW,COL MAX. CHANGE LAYER,ROW,COL
 ------------------------------------------------------------------------------------------------------------------------------------
    0.000     (  1,  1,  1)
  MAXIMUM CONCENTRATION CHANGES FOR EACH ITERATION:
  MAX. CHANGE LAYER,ROW,COL MAX. CHANGE LAYER,ROW,COL MAX. CHANGE LAYER,ROW,COL MAX. CHANGE LAYER,ROW,COL MAX. CHANGE LAYER,ROW,COL
 ------------------------------------------------------------------------------------------------------------------------------------
    0.000     (  1,  1,  1)
  MAXIMUM CONCENTRATION CHANGES FOR EACH ITERATION:
  MAX. CHANGE LAYER,ROW,COL MAX. CHANGE LAYER,ROW,COL MAX. CHANGE LAYER,ROW,COL MAX. CHANGE LAYER,ROW,COL MAX. CHANGE LAYER,ROW,COL
 ------------------------------------------------------------------------------------------------------------------------------------
   0.8711E-02 (  1, 27, 27)  0.7569E-05 (  1, 28, 26)  0.4826E-08 (  1, 29, 25)  0.3088E-11 (  1, 30, 24)
  MAXIMUM CONCENTRATION CHANGES FOR EACH ITERATION:
  MAX. CHANGE LAYER,ROW,COL MAX. CHANGE LAYER,ROW,COL MAX. CHANGE LAYER,ROW,COL MAX. CHANGE LAYER,ROW,COL MAX. CHANGE LAYER,ROW,COL
 ------------------------------------------------------------------------------------------------------------------------------------
   0.1256E-01 (  1, 31, 36)  0.1092E-04 (  1, 30, 30)  0.8551E-08 (  1, 29, 25)  0.6292E-11 (  1, 28, 31)
  MAXIMUM CONCENTRATION CHANGES FOR EACH ITERATION:
  MAX. CHANGE LAYER,ROW,COL MAX. CHANGE LAYER,ROW,COL MAX. CHANGE LAYER,ROW,COL MAX. CHANGE LAYER,ROW,COL MAX. CHANGE LAYER,ROW,COL
 ------------------------------------------------------------------------------------------------------------------------------------
    0.000     (  1,  1,  1)
  MAXIMUM CONCENTRATION CHANGES FOR EACH ITERATION:
  MAX. CHANGE LAYER,ROW,COL MAX. CHANGE LAYER,ROW,COL MAX. CHANGE LAYER,ROW,COL MAX. CHANGE LAYER,ROW,COL MAX. CHANGE LAYER,ROW,COL
 ------------------------------------------------------------------------------------------------------------------------------------
    0.000     (  1,  1,  1)
  MAXIMUM CONCENTRATION CHANGES FOR EACH ITERATION:
  MAX. CHANGE LAYER,ROW,COL MAX. CHANGE LAYER,ROW,COL MAX. CHANGE LAYER,ROW,COL MAX. CHANGE LAYER,ROW,COL MAX. CHANGE LAYER,ROW,COL
 ------------------------------------------------------------------------------------------------------------------------------------
   0.1292E-02 (  1, 26, 19)  0.1027E-05 (  1, 26, 19)  0.6691E-09 (  1, 26, 19)  0.4314E-12 (  1, 25, 20)
  MAXIMUM CONCENTRATION CHANGES FOR EACH ITERATION:
  MAX. CHANGE LAYER,ROW,COL MAX. CHANGE LAYER,ROW,COL MAX. CHANGE LAYER,ROW,COL MAX. CHANGE LAYER,ROW,COL MAX. CHANGE LAYER,ROW,COL
 ------------------------------------------------------------------------------------------------------------------------------------
   0.3085E-02 (  1, 26, 19)  0.3012E-05 (  1, 26, 19)  0.1673E-08 (  1, 26, 19)  0.1665E-11 (  1, 28, 41)
  MAXIMUM CONCENTRATION CHANGES FOR EACH ITERATION:
  MAX. CHANGE LAYER,ROW,COL MAX. CHANGE LAYER,ROW,COL MAX. CHANGE LAYER,ROW,COL MAX. CHANGE LAYER,ROW,COL MAX. CHANGE LAYER,ROW,COL
 ------------------------------------------------------------------------------------------------------------------------------------
   0.4260E-02 (  1, 31, 30)  0.3669E-05 (  1, 15, 32)  0.3483E-08 (  1, 29, 40)  0.3888E-11 (  1, 28, 40)
  MAXIMUM CONCENTRATION CHANGES FOR EACH ITERATION:
  MAX. CHANGE LAYER,ROW,COL MAX. CHANGE LAYER,ROW,COL MAX. CHANGE LAYER,ROW,COL MAX. CHANGE LAYER,ROW,COL MAX. CHANGE LAYER,ROW,COL
 ------------------------------------------------------------------------------------------------------------------------------------
   0.8938E-02 (  1, 26, 25)  0.9956E-05 (  1, 26, 25)  0.4756E-08 (  1, 29, 25)  0.5397E-11 (  1, 28, 30)
  MAXIMUM CONCENTRATION CHANGES FOR EACH ITERATION:
  MAX. CHANGE LAYER,ROW,COL MAX. CHANGE LAYER,ROW,COL MAX. CHANGE LAYER,ROW,COL MAX. CHANGE LAYER,ROW,COL MAX. CHANGE LAYER,ROW,COL
 ------------------------------------------------------------------------------------------------------------------------------------
   0.1325E-01 (  1, 34, 69)  0.1154E-04 (  1, 33, 32)  0.9703E-08 (  1, 32, 35)  0.7960E-11 (  1, 31, 37)
  MAXIMUM CONCENTRATION CHANGES FOR EACH ITERATION:
  MAX. CHANGE LAYER,ROW,COL MAX. CHANGE LAYER,ROW,COL MAX. CHANGE LAYER,ROW,COL MAX. CHANGE LAYER,ROW,COL MAX. CHANGE LAYER,ROW,COL
 ------------------------------------------------------------------------------------------------------------------------------------
   0.4412E-01 (  1, 14, 68)  0.1998E-04 (  1, 35, 20)  0.1181E-07 (  1, 36, 19)  0.7073E-11 (  1, 31, 24)
  MAXIMUM CONCENTRATION CHANGES FOR EACH ITERATION:
  MAX. CHANGE LAYER,ROW,COL MAX. CHANGE LAYER,ROW,COL MAX. CHANGE LAYER,ROW,COL MAX. CHANGE LAYER,ROW,COL MAX. CHANGE LAYER,ROW,COL
 ------------------------------------------------------------------------------------------------------------------------------------
   0.1325E-01 (  1, 34, 69)  0.1154E-04 (  1, 33, 32)  0.9701E-08 (  1, 32, 35)  0.7957E-11 (  1, 31, 37)


                                          ================================================
                                                         TIME STEP NO.  048
                                          ================================================

 FROM TIME =   470.00     TO    480.00    















































  MAXIMUM CONCENTRATION CHANGES FOR EACH ITERATION:
  MAX. CHANGE LAYER,ROW,COL MAX. CHANGE LAYER,ROW,COL MAX. CHANGE LAYER,ROW,COL MAX. CHANGE LAYER,ROW,COL MAX. CHANGE LAYER,ROW,COL
 ------------------------------------------------------------------------------------------------------------------------------------
   0.1910E-02 (  1, 26, 19)  0.1478E-05 (  1, 26, 19)  0.8700E-09 (  1, 26, 19)  0.6712E-12 (  1, 25, 21)
  MAXIMUM CONCENTRATION CHANGES FOR EACH ITERATION:
  MAX. CHANGE LAYER,ROW,COL MAX. CHANGE LAYER,ROW,COL MAX. CHANGE LAYER,ROW,COL MAX. CHANGE LAYER,ROW,COL MAX. CHANGE LAYER,ROW,COL
 ------------------------------------------------------------------------------------------------------------------------------------
   0.6257E-03 (  1, 31, 32)  0.7440E-06 (  1, 26, 25)  0.4529E-09 (  1, 29, 40)  0.4889E-12 (  1, 28, 41)
  MAXIMUM CONCENTRATION CHANGES FOR EACH ITERATION:
  MAX. CHANGE LAYER,ROW,COL MAX. CHANGE LAYER,ROW,COL MAX. CHANGE LAYER,ROW,COL MAX. CHANGE LAYER,ROW,COL MAX. CHANGE LAYER,ROW,COL
 ------------------------------------------------------------------------------------------------------------------------------------
   0.1055E-06 (  1, 21, 40)  0.8988E-10 (  1, 27, 41)  0.1875E-12 (  1, 27, 41)
  MAXIMUM CONCENTRATION CHANGES FOR EACH ITERATION:
  MAX. CHANGE LAYER,ROW,COL MAX. CHANGE LAYER,ROW,COL MAX. CHANGE LAYER,ROW,COL MAX. CHANGE LAYER,ROW,COL MAX. CHANGE LAYER,ROW,COL
 ------------------------------------------------------------------------------------------------------------------------------------
   0.3063E-02 (  1, 26, 18)  0.2364E-05 (  1, 26, 18)  0.1631E-08 (  1, 27, 17)  0.1184E-11 (  1, 28, 16)
  MAXIMUM CONCENTRATION CHANGES FOR EACH ITERATION:
  MAX. CHANGE LAYER,ROW,COL MAX. CHANGE LAYER,ROW,COL MAX. CHANGE LAYER,ROW,COL MAX. CHANGE LAYER,ROW,COL MAX. CHANGE LAYER,ROW,COL
 ------------------------------------------------------------------------------------------------------------------------------------
   0.3816E-02 (  1, 28, 16)  0.3514E-05 (  1, 27, 17)  0.1506E-08 (  1, 17, 13)  0.1188E-11 (  1, 28, 16)
  MAXIMUM CONCENTRATION CHANGES FOR EACH ITERATION:
  MAX. CHANGE LAYER,ROW,COL MAX. CHANGE LAYER,ROW,COL MAX. CHANGE LAYER,ROW,COL MAX. CHANGE LAYER,ROW,COL MAX. CHANGE LAYER,ROW,COL
 ------------------------------------------------------------------------------------------------------------------------------------
    0.000     (  1,  1,  1)
  MAXIMUM CONCENTRATION CHANGES FOR EACH ITERATION:
  MAX. CHANGE LAYER,ROW,COL MAX. CHANGE LAYER,ROW,COL MAX. CHANGE LAYER,ROW,COL MAX. CHANGE LAYER,ROW,COL MAX. CHANGE LAYER,ROW,COL
 ------------------------------------------------------------------------------------------------------------------------------------
    0.000     (  1,  1,  1)
  MAXIMUM CONCENTRATION CHANGES FOR EACH ITERATION:
  MAX. CHANGE LAYER,ROW,COL MAX. CHANGE LAYER,ROW,COL MAX. CHANGE LAYER,ROW,COL MAX. CHANGE LAYER,ROW,COL MAX. CHANGE LAYER,ROW,COL
 ------------------------------------------------------------------------------------------------------------------------------------
   0.5504E-02 (  1, 34, 22)  0.4398E-05 (  1, 13, 13)  0.2823E-08 (  1, 33, 35)  0.2313E-11 (  1, 32, 36)
  MAXIMUM CONCENTRATION CHANGES FOR EACH ITERATION:
  MAX. CHANGE LAYER,ROW,COL MAX. CHANGE LAYER,ROW,COL MAX. CHANGE LAYER,ROW,COL MAX. CHANGE LAYER,ROW,COL MAX. CHANGE LAYER,ROW,COL
 ------------------------------------------------------------------------------------------------------------------------------------
   0.2006E-02 (  1, 13, 49)  0.2399E-05 (  1, 31, 35)  0.1922E-08 (  1, 30, 39)  0.1996E-11 (  1, 28, 41)
  MAXIMUM CONCENTRATION CHANGES FOR EACH ITERATION:
  MAX. CHANGE LAYER,ROW,COL MAX. CHANGE LAYER,ROW,COL MAX. CHANGE LAYER,ROW,COL MAX. CHANGE LAYER,ROW,COL MAX. CHANGE LAYER,ROW,COL
 ------------------------------------------------------------------------------------------------------------------------------------
    0.000     (  1,  1,  1)
  MAXIMUM CONCENTRATION CHANGES FOR EACH ITERATION:
  MAX. CHANGE LAYER,ROW,COL MAX. CHANGE LAYER,ROW,COL MAX. CHANGE LAYER,ROW,COL MAX. CHANGE LAYER,ROW,COL MAX. CHANGE LAYER,ROW,COL
 ------------------------------------------------------------------------------------------------------------------------------------
    0.000     (  1,  1,  1)
  MAXIMUM CONCENTRATION CHANGES FOR EACH ITERATION:
  MAX. CHANGE LAYER,ROW,COL MAX. CHANGE LAYER,ROW,COL MAX. CHANGE LAYER,ROW,COL MAX. CHANGE LAYER,ROW,COL MAX. CHANGE LAYER,ROW,COL
 ------------------------------------------------------------------------------------------------------------------------------------
    0.000     (  1,  1,  1)
  MAXIMUM CONCENTRATION CHANGES FOR EACH ITERATION:
  MAX. CHANGE LAYER,ROW,COL MAX. CHANGE LAYER,ROW,COL MAX. CHANGE LAYER,ROW,COL MAX. CHANGE LAYER,ROW,COL MAX. CHANGE LAYER,ROW,COL
 ------------------------------------------------------------------------------------------------------------------------------------
   0.8800E-02 (  1, 27, 28)  0.7866E-05 (  1, 28, 27)  0.5162E-08 (  1, 29, 26)  0.3361E-11 (  1, 30, 25)
  MAXIMUM CONCENTRATION CHANGES FOR EACH ITERATION:
  MAX. CHANGE LAYER,ROW,COL MAX. CHANGE LAYER,ROW,COL MAX. CHANGE LAYER,ROW,COL MAX. CHANGE LAYER,ROW,COL MAX. CHANGE LAYER,ROW,COL
 ------------------------------------------------------------------------------------------------------------------------------------
   0.1250E-01 (  1, 31, 36)  0.9616E-05 (  1, 30, 30)  0.9399E-08 (  1, 30, 28)  0.5796E-11 (  1, 27, 41)
  MAXIMUM CONCENTRATION CHANGES FOR EACH ITERATION:
  MAX. CHANGE LAYER,ROW,COL MAX. CHANGE LAYER,ROW,COL MAX. CHANGE LAYER,ROW,COL MAX. CHANGE LAYER,ROW,COL MAX. CHANGE LAYER,ROW,COL
 ------------------------------------------------------------------------------------------------------------------------------------
    0.000     (  1,  1,  1)
  MAXIMUM CONCENTRATION CHANGES FOR EACH ITERATION:
  MAX. CHANGE LAYER,ROW,COL MAX. CHANGE LAYER,ROW,COL MAX. CHANGE LAYER,ROW,COL MAX. CHANGE LAYER,ROW,COL MAX. CHANGE LAYER,ROW,COL
 ------------------------------------------------------------------------------------------------------------------------------------
    0.000     (  1,  1,  1)
  MAXIMUM CONCENTRATION CHANGES FOR EACH ITERATION:
  MAX. CHANGE LAYER,ROW,COL MAX. CHANGE LAYER,ROW,COL MAX. CHANGE LAYER,ROW,COL MAX. CHANGE LAYER,ROW,COL MAX. CHANGE LAYER,ROW,COL
 ------------------------------------------------------------------------------------------------------------------------------------
   0.1290E-02 (  1, 26, 19)  0.1032E-05 (  1, 26, 19)  0.6827E-09 (  1, 26, 19)  0.4382E-12 (  1, 25, 20)
  MAXIMUM CONCENTRATION CHANGES FOR EACH ITERATION:
  MAX. CHANGE LAYER,ROW,COL MAX. CHANGE LAYER,ROW,COL MAX. CHANGE LAYER,ROW,COL MAX. CHANGE LAYER,ROW,COL MAX. CHANGE LAYER,ROW,COL
 ------------------------------------------------------------------------------------------------------------------------------------
   0.3072E-02 (  1, 26, 19)  0.2997E-05 (  1, 26, 19)  0.1697E-08 (  1, 26, 19)  0.1697E-11 (  1, 28, 41)
  MAXIMUM CONCENTRATION CHANGES FOR EACH ITERATION:
  MAX. CHANGE LAYER,ROW,COL MAX. CHANGE LAYER,ROW,COL MAX. CHANGE LAYER,ROW,COL MAX. CHANGE LAYER,ROW,COL MAX. CHANGE LAYER,ROW,COL
 ------------------------------------------------------------------------------------------------------------------------------------
   0.4256E-02 (  1, 31, 30)  0.3589E-05 (  1, 15, 31)  0.3510E-08 (  1, 29, 40)  0.3941E-11 (  1, 28, 40)
  MAXIMUM CONCENTRATION CHANGES FOR EACH ITERATION:
  MAX. CHANGE LAYER,ROW,COL MAX. CHANGE LAYER,ROW,COL MAX. CHANGE LAYER,ROW,COL MAX. CHANGE LAYER,ROW,COL MAX. CHANGE LAYER,ROW,COL
 ------------------------------------------------------------------------------------------------------------------------------------
   0.9145E-02 (  1, 26, 25)  0.1038E-04 (  1, 26, 25)  0.4778E-08 (  1, 34, 28)  0.5354E-11 (  1, 28, 31)
  MAXIMUM CONCENTRATION CHANGES FOR EACH ITERATION:
  MAX. CHANGE LAYER,ROW,COL MAX. CHANGE LAYER,ROW,COL MAX. CHANGE LAYER,ROW,COL MAX. CHANGE LAYER,ROW,COL MAX. CHANGE LAYER,ROW,COL
 ------------------------------------------------------------------------------------------------------------------------------------
   0.1271E-01 (  1, 34, 70)  0.1156E-04 (  1, 33, 32)  0.9710E-08 (  1, 32, 35)  0.7960E-11 (  1, 31, 37)
  MAXIMUM CONCENTRATION CHANGES FOR EACH ITERATION:
  MAX. CHANGE LAYER,ROW,COL MAX. CHANGE LAYER,ROW,COL MAX. CHANGE LAYER,ROW,COL MAX. CHANGE LAYER,ROW,COL MAX. CHANGE LAYER,ROW,COL
 ------------------------------------------------------------------------------------------------------------------------------------
   0.3573E-01 (  1, 35, 62)  0.1203E-04 (  1, 34, 64)  0.6704E-08 (  1, 33, 64)  0.3815E-11 (  1, 32, 65)
  MAXIMUM CONCENTRATION CHANGES FOR EACH ITERATION:
  MAX. CHANGE LAYER,ROW,COL MAX. CHANGE LAYER,ROW,COL MAX. CHANGE LAYER,ROW,COL MAX. CHANGE LAYER,ROW,COL MAX. CHANGE LAYER,ROW,COL
 ------------------------------------------------------------------------------------------------------------------------------------
   0.1271E-01 (  1, 34, 70)  0.1155E-04 (  1, 33, 32)  0.9708E-08 (  1, 32, 35)  0.7962E-11 (  1, 31, 37)


                                          ================================================
                                                         TIME STEP NO.  049
                                          ================================================

 FROM TIME =   480.00     TO    490.00    















































  MAXIMUM CONCENTRATION CHANGES FOR EACH ITERATION:
  MAX. CHANGE LAYER,ROW,COL MAX. CHANGE LAYER,ROW,COL MAX. CHANGE LAYER,ROW,COL MAX. CHANGE LAYER,ROW,COL MAX. CHANGE LAYER,ROW,COL
 ------------------------------------------------------------------------------------------------------------------------------------
   0.1907E-02 (  1, 26, 19)  0.1486E-05 (  1, 26, 19)  0.8842E-09 (  1, 26, 19)  0.6740E-12 (  1, 25, 21)
  MAXIMUM CONCENTRATION CHANGES FOR EACH ITERATION:
  MAX. CHANGE LAYER,ROW,COL MAX. CHANGE LAYER,ROW,COL MAX. CHANGE LAYER,ROW,COL MAX. CHANGE LAYER,ROW,COL MAX. CHANGE LAYER,ROW,COL
 ------------------------------------------------------------------------------------------------------------------------------------
   0.6063E-03 (  1, 31, 33)  0.7454E-06 (  1, 26, 25)  0.4537E-09 (  1, 29, 40)  0.4904E-12 (  1, 28, 41)
  MAXIMUM CONCENTRATION CHANGES FOR EACH ITERATION:
  MAX. CHANGE LAYER,ROW,COL MAX. CHANGE LAYER,ROW,COL MAX. CHANGE LAYER,ROW,COL MAX. CHANGE LAYER,ROW,COL MAX. CHANGE LAYER,ROW,COL
 ------------------------------------------------------------------------------------------------------------------------------------
   0.1013E-06 (  1, 19, 80)  0.8974E-10 (  1, 19, 80)  0.1759E-12 (  1, 27, 41)
  MAXIMUM CONCENTRATION CHANGES FOR EACH ITERATION:
  MAX. CHANGE LAYER,ROW,COL MAX. CHANGE LAYER,ROW,COL MAX. CHANGE LAYER,ROW,COL MAX. CHANGE LAYER,ROW,COL MAX. CHANGE LAYER,ROW,COL
 ------------------------------------------------------------------------------------------------------------------------------------
   0.3065E-02 (  1, 26, 18)  0.2364E-05 (  1, 26, 18)  0.1628E-08 (  1, 27, 17)  0.1183E-11 (  1, 28, 16)
  MAXIMUM CONCENTRATION CHANGES FOR EACH ITERATION:
  MAX. CHANGE LAYER,ROW,COL MAX. CHANGE LAYER,ROW,COL MAX. CHANGE LAYER,ROW,COL MAX. CHANGE LAYER,ROW,COL MAX. CHANGE LAYER,ROW,COL
 ------------------------------------------------------------------------------------------------------------------------------------
   0.3819E-02 (  1, 28, 16)  0.3515E-05 (  1, 27, 17)  0.1507E-08 (  1, 17, 13)  0.1187E-11 (  1, 28, 16)
  MAXIMUM CONCENTRATION CHANGES FOR EACH ITERATION:
  MAX. CHANGE LAYER,ROW,COL MAX. CHANGE LAYER,ROW,COL MAX. CHANGE LAYER,ROW,COL MAX. CHANGE LAYER,ROW,COL MAX. CHANGE LAYER,ROW,COL
 ------------------------------------------------------------------------------------------------------------------------------------
    0.000     (  1,  1,  1)
  MAXIMUM CONCENTRATION CHANGES FOR EACH ITERATION:
  MAX. CHANGE LAYER,ROW,COL MAX. CHANGE LAYER,ROW,COL MAX. CHANGE LAYER,ROW,COL MAX. CHANGE LAYER,ROW,COL MAX. CHANGE LAYER,ROW,COL
 ------------------------------------------------------------------------------------------------------------------------------------
    0.000     (  1,  1,  1)
  MAXIMUM CONCENTRATION CHANGES FOR EACH ITERATION:
  MAX. CHANGE LAYER,ROW,COL MAX. CHANGE LAYER,ROW,COL MAX. CHANGE LAYER,ROW,COL MAX. CHANGE LAYER,ROW,COL MAX. CHANGE LAYER,ROW,COL
 ------------------------------------------------------------------------------------------------------------------------------------
   0.5502E-02 (  1, 34, 21)  0.4369E-05 (  1, 13, 13)  0.2826E-08 (  1, 33, 35)  0.2313E-11 (  1, 32, 36)
  MAXIMUM CONCENTRATION CHANGES FOR EACH ITERATION:
  MAX. CHANGE LAYER,ROW,COL MAX. CHANGE LAYER,ROW,COL MAX. CHANGE LAYER,ROW,COL MAX. CHANGE LAYER,ROW,COL MAX. CHANGE LAYER,ROW,COL
 ------------------------------------------------------------------------------------------------------------------------------------
   0.1976E-02 (  1, 13, 52)  0.2374E-05 (  1, 31, 35)  0.1988E-08 (  1, 30, 39)  0.2163E-11 (  1, 27, 41)
  MAXIMUM CONCENTRATION CHANGES FOR EACH ITERATION:
  MAX. CHANGE LAYER,ROW,COL MAX. CHANGE LAYER,ROW,COL MAX. CHANGE LAYER,ROW,COL MAX. CHANGE LAYER,ROW,COL MAX. CHANGE LAYER,ROW,COL
 ------------------------------------------------------------------------------------------------------------------------------------
    0.000     (  1,  1,  1)
  MAXIMUM CONCENTRATION CHANGES FOR EACH ITERATION:
  MAX. CHANGE LAYER,ROW,COL MAX. CHANGE LAYER,ROW,COL MAX. CHANGE LAYER,ROW,COL MAX. CHANGE LAYER,ROW,COL MAX. CHANGE LAYER,ROW,COL
 ------------------------------------------------------------------------------------------------------------------------------------
    0.000     (  1,  1,  1)
  MAXIMUM CONCENTRATION CHANGES FOR EACH ITERATION:
  MAX. CHANGE LAYER,ROW,COL MAX. CHANGE LAYER,ROW,COL MAX. CHANGE LAYER,ROW,COL MAX. CHANGE LAYER,ROW,COL MAX. CHANGE LAYER,ROW,COL
 ------------------------------------------------------------------------------------------------------------------------------------
    0.000     (  1,  1,  1)
  MAXIMUM CONCENTRATION CHANGES FOR EACH ITERATION:
  MAX. CHANGE LAYER,ROW,COL MAX. CHANGE LAYER,ROW,COL MAX. CHANGE LAYER,ROW,COL MAX. CHANGE LAYER,ROW,COL MAX. CHANGE LAYER,ROW,COL
 ------------------------------------------------------------------------------------------------------------------------------------
   0.8619E-02 (  1, 27, 28)  0.7582E-05 (  1, 28, 27)  0.4938E-08 (  1, 29, 26)  0.3236E-11 (  1, 30, 25)
  MAXIMUM CONCENTRATION CHANGES FOR EACH ITERATION:
  MAX. CHANGE LAYER,ROW,COL MAX. CHANGE LAYER,ROW,COL MAX. CHANGE LAYER,ROW,COL MAX. CHANGE LAYER,ROW,COL MAX. CHANGE LAYER,ROW,COL
 ------------------------------------------------------------------------------------------------------------------------------------
   0.1176E-01 (  1, 31, 37)  0.9501E-05 (  1, 31, 29)  0.1020E-07 (  1, 30, 29)  0.7401E-11 (  1, 27, 41)
  MAXIMUM CONCENTRATION CHANGES FOR EACH ITERATION:
  MAX. CHANGE LAYER,ROW,COL MAX. CHANGE LAYER,ROW,COL MAX. CHANGE LAYER,ROW,COL MAX. CHANGE LAYER,ROW,COL MAX. CHANGE LAYER,ROW,COL
 ------------------------------------------------------------------------------------------------------------------------------------
    0.000     (  1,  1,  1)
  MAXIMUM CONCENTRATION CHANGES FOR EACH ITERATION:
  MAX. CHANGE LAYER,ROW,COL MAX. CHANGE LAYER,ROW,COL MAX. CHANGE LAYER,ROW,COL MAX. CHANGE LAYER,ROW,COL MAX. CHANGE LAYER,ROW,COL
 ------------------------------------------------------------------------------------------------------------------------------------
    0.000     (  1,  1,  1)
  MAXIMUM CONCENTRATION CHANGES FOR EACH ITERATION:
  MAX. CHANGE LAYER,ROW,COL MAX. CHANGE LAYER,ROW,COL MAX. CHANGE LAYER,ROW,COL MAX. CHANGE LAYER,ROW,COL MAX. CHANGE LAYER,ROW,COL
 ------------------------------------------------------------------------------------------------------------------------------------
   0.1288E-02 (  1, 26, 19)  0.1035E-05 (  1, 26, 19)  0.6877E-09 (  1, 26, 19)  0.4434E-12 (  1, 25, 20)
  MAXIMUM CONCENTRATION CHANGES FOR EACH ITERATION:
  MAX. CHANGE LAYER,ROW,COL MAX. CHANGE LAYER,ROW,COL MAX. CHANGE LAYER,ROW,COL MAX. CHANGE LAYER,ROW,COL MAX. CHANGE LAYER,ROW,COL
 ------------------------------------------------------------------------------------------------------------------------------------
   0.3062E-02 (  1, 26, 19)  0.2994E-05 (  1, 26, 19)  0.1723E-08 (  1, 26, 19)  0.1722E-11 (  1, 28, 41)
  MAXIMUM CONCENTRATION CHANGES FOR EACH ITERATION:
  MAX. CHANGE LAYER,ROW,COL MAX. CHANGE LAYER,ROW,COL MAX. CHANGE LAYER,ROW,COL MAX. CHANGE LAYER,ROW,COL MAX. CHANGE LAYER,ROW,COL
 ------------------------------------------------------------------------------------------------------------------------------------
   0.4272E-02 (  1, 31, 30)  0.3602E-05 (  1, 15, 31)  0.3516E-08 (  1, 29, 40)  0.3956E-11 (  1, 28, 40)
  MAXIMUM CONCENTRATION CHANGES FOR EACH ITERATION:
  MAX. CHANGE LAYER,ROW,COL MAX. CHANGE LAYER,ROW,COL MAX. CHANGE LAYER,ROW,COL MAX. CHANGE LAYER,ROW,COL MAX. CHANGE LAYER,ROW,COL
 ------------------------------------------------------------------------------------------------------------------------------------
   0.9121E-02 (  1, 26, 26)  0.1069E-04 (  1, 26, 26)  0.4708E-08 (  1, 34, 29)  0.5190E-11 (  1, 28, 31)
  MAXIMUM CONCENTRATION CHANGES FOR EACH ITERATION:
  MAX. CHANGE LAYER,ROW,COL MAX. CHANGE LAYER,ROW,COL MAX. CHANGE LAYER,ROW,COL MAX. CHANGE LAYER,ROW,COL MAX. CHANGE LAYER,ROW,COL
 ------------------------------------------------------------------------------------------------------------------------------------
   0.1387E-01 (  1, 32, 79)  0.1150E-04 (  1, 33, 32)  0.9671E-08 (  1, 32, 35)  0.7909E-11 (  1, 31, 37)
  MAXIMUM CONCENTRATION CHANGES FOR EACH ITERATION:
  MAX. CHANGE LAYER,ROW,COL MAX. CHANGE LAYER,ROW,COL MAX. CHANGE LAYER,ROW,COL MAX. CHANGE LAYER,ROW,COL MAX. CHANGE LAYER,ROW,COL
 ------------------------------------------------------------------------------------------------------------------------------------
   0.3789E-01 (  1, 35, 66)  0.1331E-04 (  1, 34, 67)  0.6742E-08 (  1, 33, 68)  0.3556E-11 (  1, 32, 69)
  MAXIMUM CONCENTRATION CHANGES FOR EACH ITERATION:
  MAX. CHANGE LAYER,ROW,COL MAX. CHANGE LAYER,ROW,COL MAX. CHANGE LAYER,ROW,COL MAX. CHANGE LAYER,ROW,COL MAX. CHANGE LAYER,ROW,COL
 ------------------------------------------------------------------------------------------------------------------------------------
   0.1403E-01 (  1, 32, 79)  0.1144E-04 (  1, 33, 32)  0.9620E-08 (  1, 32, 35)  0.7867E-11 (  1, 31, 37)


                                          ================================================
                                                         TIME STEP NO.  050
                                          ================================================

 FROM TIME =   490.00     TO    500.00    















































  MAXIMUM CONCENTRATION CHANGES FOR EACH ITERATION:
  MAX. CHANGE LAYER,ROW,COL MAX. CHANGE LAYER,ROW,COL MAX. CHANGE LAYER,ROW,COL MAX. CHANGE LAYER,ROW,COL MAX. CHANGE LAYER,ROW,COL
 ------------------------------------------------------------------------------------------------------------------------------------
   0.1903E-02 (  1, 26, 19)  0.1490E-05 (  1, 26, 19)  0.8936E-09 (  1, 26, 19)  0.6372E-12 (  1, 25, 22)
  MAXIMUM CONCENTRATION CHANGES FOR EACH ITERATION:
  MAX. CHANGE LAYER,ROW,COL MAX. CHANGE LAYER,ROW,COL MAX. CHANGE LAYER,ROW,COL MAX. CHANGE LAYER,ROW,COL MAX. CHANGE LAYER,ROW,COL
 ------------------------------------------------------------------------------------------------------------------------------------
   0.5934E-03 (  1, 31, 33)  0.7285E-06 (  1, 26, 26)  0.4545E-09 (  1, 29, 40)  0.4915E-12 (  1, 28, 41)
  MAXIMUM CONCENTRATION CHANGES FOR EACH ITERATION:
  MAX. CHANGE LAYER,ROW,COL MAX. CHANGE LAYER,ROW,COL MAX. CHANGE LAYER,ROW,COL MAX. CHANGE LAYER,ROW,COL MAX. CHANGE LAYER,ROW,COL
 ------------------------------------------------------------------------------------------------------------------------------------
   0.9406E-07 (  1, 18, 80)  0.8378E-10 (  1, 18, 80)  0.1629E-12 (  1, 27, 41)
  MAXIMUM CONCENTRATION CHANGES FOR EACH ITERATION:
  MAX. CHANGE LAYER,ROW,COL MAX. CHANGE LAYER,ROW,COL MAX. CHANGE LAYER,ROW,COL MAX. CHANGE LAYER,ROW,COL MAX. CHANGE LAYER,ROW,COL
 ------------------------------------------------------------------------------------------------------------------------------------
   0.3067E-02 (  1, 26, 18)  0.2365E-05 (  1, 26, 18)  0.1624E-08 (  1, 27, 17)  0.1182E-11 (  1, 28, 16)
  MAXIMUM CONCENTRATION CHANGES FOR EACH ITERATION:
  MAX. CHANGE LAYER,ROW,COL MAX. CHANGE LAYER,ROW,COL MAX. CHANGE LAYER,ROW,COL MAX. CHANGE LAYER,ROW,COL MAX. CHANGE LAYER,ROW,COL
 ------------------------------------------------------------------------------------------------------------------------------------
   0.3822E-02 (  1, 28, 16)  0.3517E-05 (  1, 27, 17)  0.1508E-08 (  1, 17, 13)  0.1187E-11 (  1, 28, 16)
  MAXIMUM CONCENTRATION CHANGES FOR EACH ITERATION:
  MAX. CHANGE LAYER,ROW,COL MAX. CHANGE LAYER,ROW,COL MAX. CHANGE LAYER,ROW,COL MAX. CHANGE LAYER,ROW,COL MAX. CHANGE LAYER,ROW,COL
 ------------------------------------------------------------------------------------------------------------------------------------
    0.000     (  1,  1,  1)
  MAXIMUM CONCENTRATION CHANGES FOR EACH ITERATION:
  MAX. CHANGE LAYER,ROW,COL MAX. CHANGE LAYER,ROW,COL MAX. CHANGE LAYER,ROW,COL MAX. CHANGE LAYER,ROW,COL MAX. CHANGE LAYER,ROW,COL
 ------------------------------------------------------------------------------------------------------------------------------------
    0.000     (  1,  1,  1)
  MAXIMUM CONCENTRATION CHANGES FOR EACH ITERATION:
  MAX. CHANGE LAYER,ROW,COL MAX. CHANGE LAYER,ROW,COL MAX. CHANGE LAYER,ROW,COL MAX. CHANGE LAYER,ROW,COL MAX. CHANGE LAYER,ROW,COL
 ------------------------------------------------------------------------------------------------------------------------------------
   0.5529E-02 (  1, 34, 21)  0.4356E-05 (  1, 13, 13)  0.2831E-08 (  1, 33, 35)  0.2309E-11 (  1, 32, 36)
  MAXIMUM CONCENTRATION CHANGES FOR EACH ITERATION:
  MAX. CHANGE LAYER,ROW,COL MAX. CHANGE LAYER,ROW,COL MAX. CHANGE LAYER,ROW,COL MAX. CHANGE LAYER,ROW,COL MAX. CHANGE LAYER,ROW,COL
 ------------------------------------------------------------------------------------------------------------------------------------
   0.1949E-02 (  1, 13, 54)  0.2392E-05 (  1, 31, 36)  0.2059E-08 (  1, 30, 39)  0.2260E-11 (  1, 27, 41)
  MAXIMUM CONCENTRATION CHANGES FOR EACH ITERATION:
  MAX. CHANGE LAYER,ROW,COL MAX. CHANGE LAYER,ROW,COL MAX. CHANGE LAYER,ROW,COL MAX. CHANGE LAYER,ROW,COL MAX. CHANGE LAYER,ROW,COL
 ------------------------------------------------------------------------------------------------------------------------------------
    0.000     (  1,  1,  1)
  MAXIMUM CONCENTRATION CHANGES FOR EACH ITERATION:
  MAX. CHANGE LAYER,ROW,COL MAX. CHANGE LAYER,ROW,COL MAX. CHANGE LAYER,ROW,COL MAX. CHANGE LAYER,ROW,COL MAX. CHANGE LAYER,ROW,COL
 ------------------------------------------------------------------------------------------------------------------------------------
    0.000     (  1,  1,  1)
  MAXIMUM CONCENTRATION CHANGES FOR EACH ITERATION:
  MAX. CHANGE LAYER,ROW,COL MAX. CHANGE LAYER,ROW,COL MAX. CHANGE LAYER,ROW,COL MAX. CHANGE LAYER,ROW,COL MAX. CHANGE LAYER,ROW,COL
 ------------------------------------------------------------------------------------------------------------------------------------
    0.000     (  1,  1,  1)
  MAXIMUM CONCENTRATION CHANGES FOR EACH ITERATION:
  MAX. CHANGE LAYER,ROW,COL MAX. CHANGE LAYER,ROW,COL MAX. CHANGE LAYER,ROW,COL MAX. CHANGE LAYER,ROW,COL MAX. CHANGE LAYER,ROW,COL
 ------------------------------------------------------------------------------------------------------------------------------------
   0.8638E-02 (  1, 27, 29)  0.7865E-05 (  1, 28, 28)  0.5298E-08 (  1, 29, 27)  0.3511E-11 (  1, 30, 26)
  MAXIMUM CONCENTRATION CHANGES FOR EACH ITERATION:
  MAX. CHANGE LAYER,ROW,COL MAX. CHANGE LAYER,ROW,COL MAX. CHANGE LAYER,ROW,COL MAX. CHANGE LAYER,ROW,COL MAX. CHANGE LAYER,ROW,COL
 ------------------------------------------------------------------------------------------------------------------------------------
   0.1100E-01 (  1, 31, 38)  0.1033E-04 (  1, 30, 32)  0.8361E-08 (  1, 30, 29)  0.7683E-11 (  1, 27, 41)
  MAXIMUM CONCENTRATION CHANGES FOR EACH ITERATION:
  MAX. CHANGE LAYER,ROW,COL MAX. CHANGE LAYER,ROW,COL MAX. CHANGE LAYER,ROW,COL MAX. CHANGE LAYER,ROW,COL MAX. CHANGE LAYER,ROW,COL
 ------------------------------------------------------------------------------------------------------------------------------------
    0.000     (  1,  1,  1)
  MAXIMUM CONCENTRATION CHANGES FOR EACH ITERATION:
  MAX. CHANGE LAYER,ROW,COL MAX. CHANGE LAYER,ROW,COL MAX. CHANGE LAYER,ROW,COL MAX. CHANGE LAYER,ROW,COL MAX. CHANGE LAYER,ROW,COL
 ------------------------------------------------------------------------------------------------------------------------------------
    0.000     (  1,  1,  1)
  MAXIMUM CONCENTRATION CHANGES FOR EACH ITERATION:
  MAX. CHANGE LAYER,ROW,COL MAX. CHANGE LAYER,ROW,COL MAX. CHANGE LAYER,ROW,COL MAX. CHANGE LAYER,ROW,COL MAX. CHANGE LAYER,ROW,COL
 ------------------------------------------------------------------------------------------------------------------------------------
   0.1287E-02 (  1, 26, 19)  0.1040E-05 (  1, 26, 19)  0.6947E-09 (  1, 26, 19)  0.4449E-12 (  1, 27, 41)
  MAXIMUM CONCENTRATION CHANGES FOR EACH ITERATION:
  MAX. CHANGE LAYER,ROW,COL MAX. CHANGE LAYER,ROW,COL MAX. CHANGE LAYER,ROW,COL MAX. CHANGE LAYER,ROW,COL MAX. CHANGE LAYER,ROW,COL
 ------------------------------------------------------------------------------------------------------------------------------------
   0.3053E-02 (  1, 26, 19)  0.2996E-05 (  1, 26, 19)  0.1752E-08 (  1, 26, 19)  0.1787E-11 (  1, 28, 40)
  MAXIMUM CONCENTRATION CHANGES FOR EACH ITERATION:
  MAX. CHANGE LAYER,ROW,COL MAX. CHANGE LAYER,ROW,COL MAX. CHANGE LAYER,ROW,COL MAX. CHANGE LAYER,ROW,COL MAX. CHANGE LAYER,ROW,COL
 ------------------------------------------------------------------------------------------------------------------------------------
   0.4296E-02 (  1, 31, 30)  0.3597E-05 (  1, 15, 31)  0.3519E-08 (  1, 29, 40)  0.3957E-11 (  1, 28, 40)
  MAXIMUM CONCENTRATION CHANGES FOR EACH ITERATION:
  MAX. CHANGE LAYER,ROW,COL MAX. CHANGE LAYER,ROW,COL MAX. CHANGE LAYER,ROW,COL MAX. CHANGE LAYER,ROW,COL MAX. CHANGE LAYER,ROW,COL
 ------------------------------------------------------------------------------------------------------------------------------------
   0.9205E-02 (  1, 26, 26)  0.1098E-04 (  1, 26, 26)  0.4630E-08 (  1, 26, 26)  0.5097E-11 (  1, 28, 32)
  MAXIMUM CONCENTRATION CHANGES FOR EACH ITERATION:
  MAX. CHANGE LAYER,ROW,COL MAX. CHANGE LAYER,ROW,COL MAX. CHANGE LAYER,ROW,COL MAX. CHANGE LAYER,ROW,COL MAX. CHANGE LAYER,ROW,COL
 ------------------------------------------------------------------------------------------------------------------------------------
   0.1363E-01 (  1, 34, 74)  0.1155E-04 (  1, 33, 32)  0.9713E-08 (  1, 32, 35)  0.7942E-11 (  1, 31, 37)
  MAXIMUM CONCENTRATION CHANGES FOR EACH ITERATION:
  MAX. CHANGE LAYER,ROW,COL MAX. CHANGE LAYER,ROW,COL MAX. CHANGE LAYER,ROW,COL MAX. CHANGE LAYER,ROW,COL MAX. CHANGE LAYER,ROW,COL
 ------------------------------------------------------------------------------------------------------------------------------------
   0.3999E-01 (  1, 35, 59)  0.1450E-04 (  1, 36, 67)  0.7478E-08 (  1, 33, 61)  0.3856E-11 (  1, 32, 71)
  MAXIMUM CONCENTRATION CHANGES FOR EACH ITERATION:
  MAX. CHANGE LAYER,ROW,COL MAX. CHANGE LAYER,ROW,COL MAX. CHANGE LAYER,ROW,COL MAX. CHANGE LAYER,ROW,COL MAX. CHANGE LAYER,ROW,COL
 ------------------------------------------------------------------------------------------------------------------------------------
   0.1362E-01 (  1, 34, 74)  0.1154E-04 (  1, 33, 32)  0.9704E-08 (  1, 32, 35)  0.7929E-11 (  1, 31, 37)



 >>>>>>>>>>>>>>>>>>>>>>>>>>>>>>>>>>>>>>>>>>>>>>>>>>>>>>>FOR COMPONENT NO. 01<<<<<<<<<<<<<<<<<<<<<<<<<<<<<<<<<<<<<<<<<<<<<<<<<<<<<<<


                                            -------------------------------------------
                                                      TRANSPORT STEP NO.   10
                                            -------------------------------------------

 TOTAL ELAPSED TIME SINCE BEGINNING OF SIMULATION =   500.0000        
 .....................................................................

 TOTAL PARTICLES USED IN THE CURRENT STEP =         0
 PARTICLES ADDED AT BEGINNING OF THE STEP =         0
 PARTICLES REMOVED AT END OF LAST STEP    =         0

                     CUMMULATIVE MASS BUDGETS AT END OF TRANSPORT STEP   10, TIME STEP   50, STRESS PERIOD    1
                     ------------------------------------------------------------------------------------------

                                                             IN                           OUT
                                                      ----------------             ----------------
                               CONSTANT CONCENTRATION:    0.000000                    0.000000    
                                        CONSTANT HEAD:    0.000000                   -129.6352    
                                   REACTION (PHREEQC):    14633.14                   -2243.522    
                                MASS STORAGE (SOLUTE):    13478.97                   -25484.08    
                            ---------------------------------------------------------------------------
                                              [TOTAL]:    28112.11      0            -27857.24      0  

                                                          NET (IN - OUT):    254.8781    
                                                   DISCREPANCY (PERCENT):   0.9107773    



 >>>>>>>>>>>>>>>>>>>>>>>>>>>>>>>>>>>>>>>>>>>>>>>>>>>>>>>FOR COMPONENT NO. 02<<<<<<<<<<<<<<<<<<<<<<<<<<<<<<<<<<<<<<<<<<<<<<<<<<<<<<<


                                            -------------------------------------------
                                                      TRANSPORT STEP NO.   10
                                            -------------------------------------------

 TOTAL ELAPSED TIME SINCE BEGINNING OF SIMULATION =   500.0000        
 .....................................................................

 TOTAL PARTICLES USED IN THE CURRENT STEP =         0
 PARTICLES ADDED AT BEGINNING OF THE STEP =         0
 PARTICLES REMOVED AT END OF LAST STEP    =         0

                     CUMMULATIVE MASS BUDGETS AT END OF TRANSPORT STEP   10, TIME STEP   50, STRESS PERIOD    1
                     ------------------------------------------------------------------------------------------

                                                             IN                           OUT
                                                      ----------------             ----------------
                               CONSTANT CONCENTRATION:    0.000000                    0.000000    
                                        CONSTANT HEAD:    0.000000                  -0.3754088E-01
                                   REACTION (PHREEQC):    2624.008                   -2013.289    
                                MASS STORAGE (SOLUTE):    3952.161                   -4541.326    
                            ---------------------------------------------------------------------------
                                              [TOTAL]:    6576.169      0            -6554.652      0  

                                                          NET (IN - OUT):    21.51637    
                                                   DISCREPANCY (PERCENT):   0.3277231    



 >>>>>>>>>>>>>>>>>>>>>>>>>>>>>>>>>>>>>>>>>>>>>>>>>>>>>>>FOR COMPONENT NO. 03<<<<<<<<<<<<<<<<<<<<<<<<<<<<<<<<<<<<<<<<<<<<<<<<<<<<<<<


                                            -------------------------------------------
                                                      TRANSPORT STEP NO.   10
                                            -------------------------------------------

 TOTAL ELAPSED TIME SINCE BEGINNING OF SIMULATION =   500.0000        
 .....................................................................

 TOTAL PARTICLES USED IN THE CURRENT STEP =         0
 PARTICLES ADDED AT BEGINNING OF THE STEP =         0
 PARTICLES REMOVED AT END OF LAST STEP    =         0

                     CUMMULATIVE MASS BUDGETS AT END OF TRANSPORT STEP   10, TIME STEP   50, STRESS PERIOD    1
                     ------------------------------------------------------------------------------------------

                                                             IN                           OUT
                                                      ----------------             ----------------
                               CONSTANT CONCENTRATION:    0.000000                    0.000000    
                                        CONSTANT HEAD:    0.000000                    0.000000    
                                   REACTION (PHREEQC):    0.000000                    0.000000    
                                MASS STORAGE (SOLUTE):    0.000000                    0.000000    
                            ---------------------------------------------------------------------------
                                              [TOTAL]:    0.000000      0             0.000000      0  

                                                          NET (IN - OUT):    0.000000    
                                                   DISCREPANCY (PERCENT):    0.000000    



 >>>>>>>>>>>>>>>>>>>>>>>>>>>>>>>>>>>>>>>>>>>>>>>>>>>>>>>FOR COMPONENT NO. 04<<<<<<<<<<<<<<<<<<<<<<<<<<<<<<<<<<<<<<<<<<<<<<<<<<<<<<<


                                            -------------------------------------------
                                                      TRANSPORT STEP NO.   10
                                            -------------------------------------------

 TOTAL ELAPSED TIME SINCE BEGINNING OF SIMULATION =   500.0000        
 .....................................................................

 TOTAL PARTICLES USED IN THE CURRENT STEP =         0
 PARTICLES ADDED AT BEGINNING OF THE STEP =         0
 PARTICLES REMOVED AT END OF LAST STEP    =         0

                     CUMMULATIVE MASS BUDGETS AT END OF TRANSPORT STEP   10, TIME STEP   50, STRESS PERIOD    1
                     ------------------------------------------------------------------------------------------

                                                             IN                           OUT
                                                      ----------------             ----------------
                               CONSTANT CONCENTRATION:    0.000000                    0.000000    
                                        CONSTANT HEAD:    0.000000                    0.000000    
                                   REACTION (PHREEQC):    0.000000                    0.000000    
                                MASS STORAGE (SOLUTE):    0.000000                    0.000000    
                            ---------------------------------------------------------------------------
                                              [TOTAL]:    0.000000      0             0.000000      0  

                                                          NET (IN - OUT):    0.000000    
                                                   DISCREPANCY (PERCENT):    0.000000    



 >>>>>>>>>>>>>>>>>>>>>>>>>>>>>>>>>>>>>>>>>>>>>>>>>>>>>>>FOR COMPONENT NO. 05<<<<<<<<<<<<<<<<<<<<<<<<<<<<<<<<<<<<<<<<<<<<<<<<<<<<<<<


                                            -------------------------------------------
                                                      TRANSPORT STEP NO.   10
                                            -------------------------------------------

 TOTAL ELAPSED TIME SINCE BEGINNING OF SIMULATION =   500.0000        
 .....................................................................

 TOTAL PARTICLES USED IN THE CURRENT STEP =         0
 PARTICLES ADDED AT BEGINNING OF THE STEP =         0
 PARTICLES REMOVED AT END OF LAST STEP    =         0

                     CUMMULATIVE MASS BUDGETS AT END OF TRANSPORT STEP   10, TIME STEP   50, STRESS PERIOD    1
                     ------------------------------------------------------------------------------------------

                                                             IN                           OUT
                                                      ----------------             ----------------
                               CONSTANT CONCENTRATION:    0.000000                    0.000000    
                                        CONSTANT HEAD:    4069.279                   -3686.163    
                                   REACTION (PHREEQC):    2.963902                   -4131.026    
                                MASS STORAGE (SOLUTE):    6166.307                   -2496.549    
                            ---------------------------------------------------------------------------
                                              [TOTAL]:    10238.55      0            -10313.74      0  

                                                          NET (IN - OUT):   -75.18775    
                                                   DISCREPANCY (PERCENT):  -0.7316728    



 >>>>>>>>>>>>>>>>>>>>>>>>>>>>>>>>>>>>>>>>>>>>>>>>>>>>>>>FOR COMPONENT NO. 06<<<<<<<<<<<<<<<<<<<<<<<<<<<<<<<<<<<<<<<<<<<<<<<<<<<<<<<


                                            -------------------------------------------
                                                      TRANSPORT STEP NO.   10
                                            -------------------------------------------

 TOTAL ELAPSED TIME SINCE BEGINNING OF SIMULATION =   500.0000        
 .....................................................................

 TOTAL PARTICLES USED IN THE CURRENT STEP =         0
 PARTICLES ADDED AT BEGINNING OF THE STEP =         0
 PARTICLES REMOVED AT END OF LAST STEP    =         0

                     CUMMULATIVE MASS BUDGETS AT END OF TRANSPORT STEP   10, TIME STEP   50, STRESS PERIOD    1
                     ------------------------------------------------------------------------------------------

                                                             IN                           OUT
                                                      ----------------             ----------------
                               CONSTANT CONCENTRATION:    0.000000                    0.000000    
                                        CONSTANT HEAD:    34255.19                   -34029.79    
                                   REACTION (PHREEQC):    2245.022                   -8599.359    
                                MASS STORAGE (SOLUTE):    15036.05                   -9054.356    
                            ---------------------------------------------------------------------------
                                              [TOTAL]:    51536.26      0            -51683.50      0  

                                                          NET (IN - OUT):   -147.2417    
                                                   DISCREPANCY (PERCENT):  -0.2852975    



 >>>>>>>>>>>>>>>>>>>>>>>>>>>>>>>>>>>>>>>>>>>>>>>>>>>>>>>FOR COMPONENT NO. 07<<<<<<<<<<<<<<<<<<<<<<<<<<<<<<<<<<<<<<<<<<<<<<<<<<<<<<<


                                            -------------------------------------------
                                                      TRANSPORT STEP NO.   10
                                            -------------------------------------------

 TOTAL ELAPSED TIME SINCE BEGINNING OF SIMULATION =   500.0000        
 .....................................................................

 TOTAL PARTICLES USED IN THE CURRENT STEP =         0
 PARTICLES ADDED AT BEGINNING OF THE STEP =         0
 PARTICLES REMOVED AT END OF LAST STEP    =         0

                     CUMMULATIVE MASS BUDGETS AT END OF TRANSPORT STEP   10, TIME STEP   50, STRESS PERIOD    1
                     ------------------------------------------------------------------------------------------

                                                             IN                           OUT
                                                      ----------------             ----------------
                               CONSTANT CONCENTRATION:    0.000000                    0.000000    
                                        CONSTANT HEAD:    21550.90                   -21557.69    
                                   REACTION (PHREEQC):   0.6100932E-05              -0.5064961E-06
                                MASS STORAGE (SOLUTE):   0.1420967E-04              -0.1927185E-04
                            ---------------------------------------------------------------------------
                                              [TOTAL]:    21550.90      0            -21557.69      0  

                                                          NET (IN - OUT):   -6.789783    
                                                   DISCREPANCY (PERCENT):  -0.3150083E-01



 >>>>>>>>>>>>>>>>>>>>>>>>>>>>>>>>>>>>>>>>>>>>>>>>>>>>>>>FOR COMPONENT NO. 08<<<<<<<<<<<<<<<<<<<<<<<<<<<<<<<<<<<<<<<<<<<<<<<<<<<<<<<


                                            -------------------------------------------
                                                      TRANSPORT STEP NO.   10
                                            -------------------------------------------

 TOTAL ELAPSED TIME SINCE BEGINNING OF SIMULATION =   500.0000        
 .....................................................................

 TOTAL PARTICLES USED IN THE CURRENT STEP =         0
 PARTICLES ADDED AT BEGINNING OF THE STEP =         0
 PARTICLES REMOVED AT END OF LAST STEP    =         0

                     CUMMULATIVE MASS BUDGETS AT END OF TRANSPORT STEP   10, TIME STEP   50, STRESS PERIOD    1
                     ------------------------------------------------------------------------------------------

                                                             IN                           OUT
                                                      ----------------             ----------------
                               CONSTANT CONCENTRATION:    0.000000                    0.000000    
                                        CONSTANT HEAD:    37518.75                   -37530.57    
                                   REACTION (PHREEQC):   0.1054896E-05              -0.1321758E-06
                                MASS STORAGE (SOLUTE):   0.5372894E-05              -0.2910558E-05
                            ---------------------------------------------------------------------------
                                              [TOTAL]:    37518.75      0            -37530.57      0  

                                                          NET (IN - OUT):   -11.82061    
                                                   DISCREPANCY (PERCENT):  -0.3150091E-01



 >>>>>>>>>>>>>>>>>>>>>>>>>>>>>>>>>>>>>>>>>>>>>>>>>>>>>>>FOR COMPONENT NO. 09<<<<<<<<<<<<<<<<<<<<<<<<<<<<<<<<<<<<<<<<<<<<<<<<<<<<<<<


                                            -------------------------------------------
                                                      TRANSPORT STEP NO.   10
                                            -------------------------------------------

 TOTAL ELAPSED TIME SINCE BEGINNING OF SIMULATION =   500.0000        
 .....................................................................

 TOTAL PARTICLES USED IN THE CURRENT STEP =         0
 PARTICLES ADDED AT BEGINNING OF THE STEP =         0
 PARTICLES REMOVED AT END OF LAST STEP    =         0

                     CUMMULATIVE MASS BUDGETS AT END OF TRANSPORT STEP   10, TIME STEP   50, STRESS PERIOD    1
                     ------------------------------------------------------------------------------------------

                                                             IN                           OUT
                                                      ----------------             ----------------
                               CONSTANT CONCENTRATION:    0.000000                    0.000000    
                                        CONSTANT HEAD:    3768.152                   -3769.339    
                                   REACTION (PHREEQC):   0.1273318E-06              -0.1532889E-07
                                MASS STORAGE (SOLUTE):   0.3062893E-06              -0.4136179E-06
                            ---------------------------------------------------------------------------
                                              [TOTAL]:    3768.152      0            -3769.339      0  

                                                          NET (IN - OUT):   -1.187186    
                                                   DISCREPANCY (PERCENT):  -0.3150083E-01



 >>>>>>>>>>>>>>>>>>>>>>>>>>>>>>>>>>>>>>>>>>>>>>>>>>>>>>>FOR COMPONENT NO. 10<<<<<<<<<<<<<<<<<<<<<<<<<<<<<<<<<<<<<<<<<<<<<<<<<<<<<<<


                                            -------------------------------------------
                                                      TRANSPORT STEP NO.   10
                                            -------------------------------------------

 TOTAL ELAPSED TIME SINCE BEGINNING OF SIMULATION =   500.0000        
 .....................................................................

 TOTAL PARTICLES USED IN THE CURRENT STEP =         0
 PARTICLES ADDED AT BEGINNING OF THE STEP =         0
 PARTICLES REMOVED AT END OF LAST STEP    =         0

                     CUMMULATIVE MASS BUDGETS AT END OF TRANSPORT STEP   10, TIME STEP   50, STRESS PERIOD    1
                     ------------------------------------------------------------------------------------------

                                                             IN                           OUT
                                                      ----------------             ----------------
                               CONSTANT CONCENTRATION:    0.000000                    0.000000    
                                        CONSTANT HEAD:   0.1619573E-14               -1.098116    
                                   REACTION (PHREEQC):    554.7412                   -196.5781    
                                MASS STORAGE (SOLUTE):    553.3552                   -905.4146    
                            ---------------------------------------------------------------------------
                                              [TOTAL]:    1108.096      0            -1103.091      0  

                                                          NET (IN - OUT):    5.005616    
                                                   DISCREPANCY (PERCENT):   0.4527537    



 >>>>>>>>>>>>>>>>>>>>>>>>>>>>>>>>>>>>>>>>>>>>>>>>>>>>>>>FOR COMPONENT NO. 11<<<<<<<<<<<<<<<<<<<<<<<<<<<<<<<<<<<<<<<<<<<<<<<<<<<<<<<


                                            -------------------------------------------
                                                      TRANSPORT STEP NO.   10
                                            -------------------------------------------

 TOTAL ELAPSED TIME SINCE BEGINNING OF SIMULATION =   500.0000        
 .....................................................................

 TOTAL PARTICLES USED IN THE CURRENT STEP =         0
 PARTICLES ADDED AT BEGINNING OF THE STEP =         0
 PARTICLES REMOVED AT END OF LAST STEP    =         0

                     CUMMULATIVE MASS BUDGETS AT END OF TRANSPORT STEP   10, TIME STEP   50, STRESS PERIOD    1
                     ------------------------------------------------------------------------------------------

                                                             IN                           OUT
                                                      ----------------             ----------------
                               CONSTANT CONCENTRATION:    0.000000                    0.000000    
                                        CONSTANT HEAD:   0.5672574E-06              -0.5697748E-06
                                   REACTION (PHREEQC):   0.2520863E-06              -0.3171477E-06
                                MASS STORAGE (SOLUTE):   0.5667060E-06              -0.5025126E-06
                            ---------------------------------------------------------------------------
                                              [TOTAL]:   0.1386050E-05  0           -0.1389435E-05  0  

                                                          NET (IN - OUT):  -0.3385375E-08
                                                   DISCREPANCY (PERCENT):  -0.2439484    



 >>>>>>>>>>>>>>>>>>>>>>>>>>>>>>>>>>>>>>>>>>>>>>>>>>>>>>>FOR COMPONENT NO. 12<<<<<<<<<<<<<<<<<<<<<<<<<<<<<<<<<<<<<<<<<<<<<<<<<<<<<<<


                                            -------------------------------------------
                                                      TRANSPORT STEP NO.   10
                                            -------------------------------------------

 TOTAL ELAPSED TIME SINCE BEGINNING OF SIMULATION =   500.0000        
 .....................................................................

 TOTAL PARTICLES USED IN THE CURRENT STEP =         0
 PARTICLES ADDED AT BEGINNING OF THE STEP =         0
 PARTICLES REMOVED AT END OF LAST STEP    =         0

                     CUMMULATIVE MASS BUDGETS AT END OF TRANSPORT STEP   10, TIME STEP   50, STRESS PERIOD    1
                     ------------------------------------------------------------------------------------------

                                                             IN                           OUT
                                                      ----------------             ----------------
                               CONSTANT CONCENTRATION:    0.000000                    0.000000    
                                        CONSTANT HEAD:    1.033597                   -1.033922    
                                   REACTION (PHREEQC):   0.5292721E-09              -0.1283299E-10
                                MASS STORAGE (SOLUTE):   0.1262409E-08              -0.1574803E-08
                            ---------------------------------------------------------------------------
                                              [TOTAL]:    1.033597      0            -1.033922      0  

                                                          NET (IN - OUT):  -0.3256429E-03
                                                   DISCREPANCY (PERCENT):  -0.3150083E-01



 >>>>>>>>>>>>>>>>>>>>>>>>>>>>>>>>>>>>>>>>>>>>>>>>>>>>>>>FOR COMPONENT NO. 13<<<<<<<<<<<<<<<<<<<<<<<<<<<<<<<<<<<<<<<<<<<<<<<<<<<<<<<


                                            -------------------------------------------
                                                      TRANSPORT STEP NO.   10
                                            -------------------------------------------

 TOTAL ELAPSED TIME SINCE BEGINNING OF SIMULATION =   500.0000        
 .....................................................................

 TOTAL PARTICLES USED IN THE CURRENT STEP =         0
 PARTICLES ADDED AT BEGINNING OF THE STEP =         0
 PARTICLES REMOVED AT END OF LAST STEP    =         0

                     CUMMULATIVE MASS BUDGETS AT END OF TRANSPORT STEP   10, TIME STEP   50, STRESS PERIOD    1
                     ------------------------------------------------------------------------------------------

                                                             IN                           OUT
                                                      ----------------             ----------------
                               CONSTANT CONCENTRATION:    0.000000                    0.000000    
                                        CONSTANT HEAD:    44045.87                   -44059.75    
                                   REACTION (PHREEQC):   0.1247147E-05              -0.1914370E-06
                                MASS STORAGE (SOLUTE):   0.3278158E-05              -0.4300275E-05
                            ---------------------------------------------------------------------------
                                              [TOTAL]:    44045.87      0            -44059.75      0  

                                                          NET (IN - OUT):   -13.87700    
                                                   DISCREPANCY (PERCENT):  -0.3150083E-01



 >>>>>>>>>>>>>>>>>>>>>>>>>>>>>>>>>>>>>>>>>>>>>>>>>>>>>>>FOR COMPONENT NO. 14<<<<<<<<<<<<<<<<<<<<<<<<<<<<<<<<<<<<<<<<<<<<<<<<<<<<<<<


                                            -------------------------------------------
                                                      TRANSPORT STEP NO.   10
                                            -------------------------------------------

 TOTAL ELAPSED TIME SINCE BEGINNING OF SIMULATION =   500.0000        
 .....................................................................

 TOTAL PARTICLES USED IN THE CURRENT STEP =         0
 PARTICLES ADDED AT BEGINNING OF THE STEP =         0
 PARTICLES REMOVED AT END OF LAST STEP    =         0

                     CUMMULATIVE MASS BUDGETS AT END OF TRANSPORT STEP   10, TIME STEP   50, STRESS PERIOD    1
                     ------------------------------------------------------------------------------------------

                                                             IN                           OUT
                                                      ----------------             ----------------
                               CONSTANT CONCENTRATION:    0.000000                    0.000000    
                                        CONSTANT HEAD:    78065.04                   -78563.88    
                                   REACTION (PHREEQC):    26962.27                   -167.3915    
                                MASS STORAGE (SOLUTE):    16084.77                   -42025.54    
                            ---------------------------------------------------------------------------
                                              [TOTAL]:    121112.1      0            -120756.8      0  

                                                          NET (IN - OUT):    355.2742    
                                                   DISCREPANCY (PERCENT):   0.2937742    



 >>>>>>>>>>>>>>>>>>>>>>>>>>>>>>>>>>>>>>>>>>>>>>>>>>>>>>>FOR COMPONENT NO. 15<<<<<<<<<<<<<<<<<<<<<<<<<<<<<<<<<<<<<<<<<<<<<<<<<<<<<<<


                                            -------------------------------------------
                                                      TRANSPORT STEP NO.   10
                                            -------------------------------------------

 TOTAL ELAPSED TIME SINCE BEGINNING OF SIMULATION =   500.0000        
 .....................................................................

 TOTAL PARTICLES USED IN THE CURRENT STEP =         0
 PARTICLES ADDED AT BEGINNING OF THE STEP =         0
 PARTICLES REMOVED AT END OF LAST STEP    =         0

                     CUMMULATIVE MASS BUDGETS AT END OF TRANSPORT STEP   10, TIME STEP   50, STRESS PERIOD    1
                     ------------------------------------------------------------------------------------------

                                                             IN                           OUT
                                                      ----------------             ----------------
                               CONSTANT CONCENTRATION:    0.000000                    0.000000    
                                        CONSTANT HEAD:    0.000000                  -0.8828209E-04
                                   REACTION (PHREEQC):    18102.42                   -2255.459    
                                MASS STORAGE (SOLUTE):    12800.34                   -28519.88    
                            ---------------------------------------------------------------------------
                                              [TOTAL]:    30902.76      0            -30775.34      0  

                                                          NET (IN - OUT):    127.4266    
                                                   DISCREPANCY (PERCENT):   0.4131989    



 >>>>>>>>>>>>>>>>>>>>>>>>>>>>>>>>>>>>>>>>>>>>>>>>>>>>>>>FOR COMPONENT NO. 16<<<<<<<<<<<<<<<<<<<<<<<<<<<<<<<<<<<<<<<<<<<<<<<<<<<<<<<


                                            -------------------------------------------
                                                      TRANSPORT STEP NO.   10
                                            -------------------------------------------

 TOTAL ELAPSED TIME SINCE BEGINNING OF SIMULATION =   500.0000        
 .....................................................................

 TOTAL PARTICLES USED IN THE CURRENT STEP =         0
 PARTICLES ADDED AT BEGINNING OF THE STEP =         0
 PARTICLES REMOVED AT END OF LAST STEP    =         0

                     CUMMULATIVE MASS BUDGETS AT END OF TRANSPORT STEP   10, TIME STEP   50, STRESS PERIOD    1
                     ------------------------------------------------------------------------------------------

                                                             IN                           OUT
                                                      ----------------             ----------------
                               CONSTANT CONCENTRATION:    0.000000                    0.000000    
                                        CONSTANT HEAD:    24689.13                   -24322.51    
                                   REACTION (PHREEQC):    44.82181                   -15047.02    
                                MASS STORAGE (SOLUTE):    24133.59                   -9782.596    
                            ---------------------------------------------------------------------------
                                              [TOTAL]:    48867.54      0            -49152.13      0  

                                                          NET (IN - OUT):   -284.5826    
                                                   DISCREPANCY (PERCENT):  -0.5806643    



 >>>>>>>>>>>>>>>>>>>>>>>>>>>>>>>>>>>>>>>>>>>>>>>>>>>>>>>FOR COMPONENT NO. 17<<<<<<<<<<<<<<<<<<<<<<<<<<<<<<<<<<<<<<<<<<<<<<<<<<<<<<<


                                            -------------------------------------------
                                                      TRANSPORT STEP NO.   10
                                            -------------------------------------------

 TOTAL ELAPSED TIME SINCE BEGINNING OF SIMULATION =   500.0000        
 .....................................................................

 TOTAL PARTICLES USED IN THE CURRENT STEP =         0
 PARTICLES ADDED AT BEGINNING OF THE STEP =         0
 PARTICLES REMOVED AT END OF LAST STEP    =         0

                     CUMMULATIVE MASS BUDGETS AT END OF TRANSPORT STEP   10, TIME STEP   50, STRESS PERIOD    1
                     ------------------------------------------------------------------------------------------

                                                             IN                           OUT
                                                      ----------------             ----------------
                               CONSTANT CONCENTRATION:    0.000000                    0.000000    
                                        CONSTANT HEAD:    0.000000                  -0.1728362E-04
                                   REACTION (PHREEQC):    6173.605                   -3396.788    
                                MASS STORAGE (SOLUTE):    7659.107                   -10387.18    
                            ---------------------------------------------------------------------------
                                              [TOTAL]:    13832.71      0            -13783.97      0  

                                                          NET (IN - OUT):    48.74472    
                                                   DISCREPANCY (PERCENT):   0.3530093    



 >>>>>>>>>>>>>>>>>>>>>>>>>>>>>>>>>>>>>>>>>>>>>>>>>>>>>>>FOR COMPONENT NO. 18<<<<<<<<<<<<<<<<<<<<<<<<<<<<<<<<<<<<<<<<<<<<<<<<<<<<<<<


                                            -------------------------------------------
                                                      TRANSPORT STEP NO.   10
                                            -------------------------------------------

 TOTAL ELAPSED TIME SINCE BEGINNING OF SIMULATION =   500.0000        
 .....................................................................

 TOTAL PARTICLES USED IN THE CURRENT STEP =         0
 PARTICLES ADDED AT BEGINNING OF THE STEP =         0
 PARTICLES REMOVED AT END OF LAST STEP    =         0

                     CUMMULATIVE MASS BUDGETS AT END OF TRANSPORT STEP   10, TIME STEP   50, STRESS PERIOD    1
                     ------------------------------------------------------------------------------------------

                                                             IN                           OUT
                                                      ----------------             ----------------
                               CONSTANT CONCENTRATION:    0.000000                    0.000000    
                                        CONSTANT HEAD:    35.06091                   -33.87813    
                                   REACTION (PHREEQC):    16.71070                   -44.43868    
                                MASS STORAGE (SOLUTE):    69.61165                   -43.73634    
                            ---------------------------------------------------------------------------
                                              [TOTAL]:    121.3832      0            -122.0531      0  

                                                          NET (IN - OUT):  -0.6698973    
                                                   DISCREPANCY (PERCENT):  -0.5503674    



 >>>>>>>>>>>>>>>>>>>>>>>>>>>>>>>>>>>>>>>>>>>>>>>>>>>>>>>FOR COMPONENT NO. 19<<<<<<<<<<<<<<<<<<<<<<<<<<<<<<<<<<<<<<<<<<<<<<<<<<<<<<<


                                            -------------------------------------------
                                                      TRANSPORT STEP NO.   10
                                            -------------------------------------------

 TOTAL ELAPSED TIME SINCE BEGINNING OF SIMULATION =   500.0000        
 .....................................................................

 TOTAL PARTICLES USED IN THE CURRENT STEP =         0
 PARTICLES ADDED AT BEGINNING OF THE STEP =         0
 PARTICLES REMOVED AT END OF LAST STEP    =         0

                     CUMMULATIVE MASS BUDGETS AT END OF TRANSPORT STEP   10, TIME STEP   50, STRESS PERIOD    1
                     ------------------------------------------------------------------------------------------

                                                             IN                           OUT
                                                      ----------------             ----------------
                               CONSTANT CONCENTRATION:    0.000000                    0.000000    
                                        CONSTANT HEAD:    0.000000                  -0.3892461E-10
                                   REACTION (PHREEQC):   0.2456246E-08              -0.2341200E-08
                                MASS STORAGE (SOLUTE):   0.4448372E-08              -0.4524524E-08
                            ---------------------------------------------------------------------------
                                              [TOTAL]:   0.6904618E-08  0           -0.6904649E-08  0  

                                                          NET (IN - OUT):  -0.3081425E-13
                                                   DISCREPANCY (PERCENT):  -0.4462837E-03



 >>>>>>>>>>>>>>>>>>>>>>>>>>>>>>>>>>>>>>>>>>>>>>>>>>>>>>>FOR COMPONENT NO. 20<<<<<<<<<<<<<<<<<<<<<<<<<<<<<<<<<<<<<<<<<<<<<<<<<<<<<<<


                                            -------------------------------------------
                                                      TRANSPORT STEP NO.   10
                                            -------------------------------------------

 TOTAL ELAPSED TIME SINCE BEGINNING OF SIMULATION =   500.0000        
 .....................................................................

 TOTAL PARTICLES USED IN THE CURRENT STEP =         0
 PARTICLES ADDED AT BEGINNING OF THE STEP =         0
 PARTICLES REMOVED AT END OF LAST STEP    =         0

                     CUMMULATIVE MASS BUDGETS AT END OF TRANSPORT STEP   10, TIME STEP   50, STRESS PERIOD    1
                     ------------------------------------------------------------------------------------------

                                                             IN                           OUT
                                                      ----------------             ----------------
                               CONSTANT CONCENTRATION:    0.000000                    0.000000    
                                        CONSTANT HEAD:    0.000000                   -1.207309    
                                   REACTION (PHREEQC):    44.43868                   -16.71069    
                                MASS STORAGE (SOLUTE):    43.73096                   -69.60738    
                            ---------------------------------------------------------------------------
                                              [TOTAL]:    88.16964      0            -87.52539      0  

                                                          NET (IN - OUT):   0.6442543    
                                                   DISCREPANCY (PERCENT):   0.7333779    



 >>>>>>>>>>>>>>>>>>>>>>>>>>>>>>>>>>>>>>>>>>>>>>>>>>>>>>>FOR COMPONENT NO. 21<<<<<<<<<<<<<<<<<<<<<<<<<<<<<<<<<<<<<<<<<<<<<<<<<<<<<<<


                                            -------------------------------------------
                                                      TRANSPORT STEP NO.   10
                                            -------------------------------------------

 TOTAL ELAPSED TIME SINCE BEGINNING OF SIMULATION =   500.0000        
 .....................................................................

 TOTAL PARTICLES USED IN THE CURRENT STEP =         0
 PARTICLES ADDED AT BEGINNING OF THE STEP =         0
 PARTICLES REMOVED AT END OF LAST STEP    =         0

                     CUMMULATIVE MASS BUDGETS AT END OF TRANSPORT STEP   10, TIME STEP   50, STRESS PERIOD    1
                     ------------------------------------------------------------------------------------------

                                                             IN                           OUT
                                                      ----------------             ----------------
                               CONSTANT CONCENTRATION:    0.000000                    0.000000    
                                        CONSTANT HEAD:    0.000000                    0.000000    
                                   REACTION (PHREEQC):    274749.7                   -653846.5    
                                MASS STORAGE (SOLUTE):    653846.5                   -274749.7    
                            ---------------------------------------------------------------------------
                                              [TOTAL]:    928596.3      0            -928596.3      0  

                                                          NET (IN - OUT):    0.000000    
                                                   DISCREPANCY (PERCENT):    0.000000    



 >>>>>>>>>>>>>>>>>>>>>>>>>>>>>>>>>>>>>>>>>>>>>>>>>>>>>>>FOR COMPONENT NO. 22<<<<<<<<<<<<<<<<<<<<<<<<<<<<<<<<<<<<<<<<<<<<<<<<<<<<<<<


                                            -------------------------------------------
                                                      TRANSPORT STEP NO.   10
                                            -------------------------------------------

 TOTAL ELAPSED TIME SINCE BEGINNING OF SIMULATION =   500.0000        
 .....................................................................

 TOTAL PARTICLES USED IN THE CURRENT STEP =         0
 PARTICLES ADDED AT BEGINNING OF THE STEP =         0
 PARTICLES REMOVED AT END OF LAST STEP    =         0

                     CUMMULATIVE MASS BUDGETS AT END OF TRANSPORT STEP   10, TIME STEP   50, STRESS PERIOD    1
                     ------------------------------------------------------------------------------------------

                                                             IN                           OUT
                                                      ----------------             ----------------
                               CONSTANT CONCENTRATION:    0.000000                    0.000000    
                                        CONSTANT HEAD:    0.000000                    0.000000    
                                   REACTION (PHREEQC):    554200.8                  -0.1028889E+09
                                MASS STORAGE (SOLUTE):   0.1028889E+09               -554200.8    
                            ---------------------------------------------------------------------------
                                              [TOTAL]:   0.1034431E+09  0           -0.1034431E+09  0  

                                                          NET (IN - OUT):    0.000000    
                                                   DISCREPANCY (PERCENT):    0.000000    



 >>>>>>>>>>>>>>>>>>>>>>>>>>>>>>>>>>>>>>>>>>>>>>>>>>>>>>>FOR COMPONENT NO. 23<<<<<<<<<<<<<<<<<<<<<<<<<<<<<<<<<<<<<<<<<<<<<<<<<<<<<<<


                                            -------------------------------------------
                                                      TRANSPORT STEP NO.   10
                                            -------------------------------------------

 TOTAL ELAPSED TIME SINCE BEGINNING OF SIMULATION =   500.0000        
 .....................................................................

 TOTAL PARTICLES USED IN THE CURRENT STEP =         0
 PARTICLES ADDED AT BEGINNING OF THE STEP =         0
 PARTICLES REMOVED AT END OF LAST STEP    =         0

                     CUMMULATIVE MASS BUDGETS AT END OF TRANSPORT STEP   10, TIME STEP   50, STRESS PERIOD    1
                     ------------------------------------------------------------------------------------------

                                                             IN                           OUT
                                                      ----------------             ----------------
                               CONSTANT CONCENTRATION:    0.000000                    0.000000    
                                        CONSTANT HEAD:    0.000000                    0.000000    
                                   REACTION (PHREEQC):    0.000000                   -15353.42    
                                MASS STORAGE (SOLUTE):    15353.42                    0.000000    
                            ---------------------------------------------------------------------------
                                              [TOTAL]:    15353.42      0            -15353.42      0  

                                                          NET (IN - OUT):    0.000000    
                                                   DISCREPANCY (PERCENT):    0.000000    



 >>>>>>>>>>>>>>>>>>>>>>>>>>>>>>>>>>>>>>>>>>>>>>>>>>>>>>>FOR COMPONENT NO. 24<<<<<<<<<<<<<<<<<<<<<<<<<<<<<<<<<<<<<<<<<<<<<<<<<<<<<<<


                                            -------------------------------------------
                                                      TRANSPORT STEP NO.   10
                                            -------------------------------------------

 TOTAL ELAPSED TIME SINCE BEGINNING OF SIMULATION =   500.0000        
 .....................................................................

 TOTAL PARTICLES USED IN THE CURRENT STEP =         0
 PARTICLES ADDED AT BEGINNING OF THE STEP =         0
 PARTICLES REMOVED AT END OF LAST STEP    =         0

                     CUMMULATIVE MASS BUDGETS AT END OF TRANSPORT STEP   10, TIME STEP   50, STRESS PERIOD    1
                     ------------------------------------------------------------------------------------------

                                                             IN                           OUT
                                                      ----------------             ----------------
                               CONSTANT CONCENTRATION:    0.000000                    0.000000    
                                        CONSTANT HEAD:    0.000000                    0.000000    
                                   REACTION (PHREEQC):    0.000000                   -5069.768    
                                MASS STORAGE (SOLUTE):    5069.768                    0.000000    
                            ---------------------------------------------------------------------------
                                              [TOTAL]:    5069.768      0            -5069.768      0  

                                                          NET (IN - OUT):    0.000000    
                                                   DISCREPANCY (PERCENT):    0.000000    



 >>>>>>>>>>>>>>>>>>>>>>>>>>>>>>>>>>>>>>>>>>>>>>>>>>>>>>>FOR COMPONENT NO. 25<<<<<<<<<<<<<<<<<<<<<<<<<<<<<<<<<<<<<<<<<<<<<<<<<<<<<<<


                                            -------------------------------------------
                                                      TRANSPORT STEP NO.   10
                                            -------------------------------------------

 TOTAL ELAPSED TIME SINCE BEGINNING OF SIMULATION =   500.0000        
 .....................................................................

 TOTAL PARTICLES USED IN THE CURRENT STEP =         0
 PARTICLES ADDED AT BEGINNING OF THE STEP =         0
 PARTICLES REMOVED AT END OF LAST STEP    =         0

                     CUMMULATIVE MASS BUDGETS AT END OF TRANSPORT STEP   10, TIME STEP   50, STRESS PERIOD    1
                     ------------------------------------------------------------------------------------------

                                                             IN                           OUT
                                                      ----------------             ----------------
                               CONSTANT CONCENTRATION:    0.000000                    0.000000    
                                        CONSTANT HEAD:    0.000000                    0.000000    
                                   REACTION (PHREEQC):    0.000000                    0.000000    
                                MASS STORAGE (SOLUTE):    0.000000                    0.000000    
                            ---------------------------------------------------------------------------
                                              [TOTAL]:    0.000000      0             0.000000      0  

                                                          NET (IN - OUT):    0.000000    
                                                   DISCREPANCY (PERCENT):    0.000000    



 >>>>>>>>>>>>>>>>>>>>>>>>>>>>>>>>>>>>>>>>>>>>>>>>>>>>>>>FOR COMPONENT NO. 26<<<<<<<<<<<<<<<<<<<<<<<<<<<<<<<<<<<<<<<<<<<<<<<<<<<<<<<


                                            -------------------------------------------
                                                      TRANSPORT STEP NO.   10
                                            -------------------------------------------

 TOTAL ELAPSED TIME SINCE BEGINNING OF SIMULATION =   500.0000        
 .....................................................................

 TOTAL PARTICLES USED IN THE CURRENT STEP =         0
 PARTICLES ADDED AT BEGINNING OF THE STEP =         0
 PARTICLES REMOVED AT END OF LAST STEP    =         0

                     CUMMULATIVE MASS BUDGETS AT END OF TRANSPORT STEP   10, TIME STEP   50, STRESS PERIOD    1
                     ------------------------------------------------------------------------------------------

                                                             IN                           OUT
                                                      ----------------             ----------------
                               CONSTANT CONCENTRATION:    0.000000                    0.000000    
                                        CONSTANT HEAD:    0.000000                    0.000000    
                                   REACTION (PHREEQC):    0.000000                    0.000000    
                                MASS STORAGE (SOLUTE):    0.000000                    0.000000    
                            ---------------------------------------------------------------------------
                                              [TOTAL]:    0.000000      0             0.000000      0  

                                                          NET (IN - OUT):    0.000000    
                                                   DISCREPANCY (PERCENT):    0.000000    



 >>>>>>>>>>>>>>>>>>>>>>>>>>>>>>>>>>>>>>>>>>>>>>>>>>>>>>>FOR COMPONENT NO. 27<<<<<<<<<<<<<<<<<<<<<<<<<<<<<<<<<<<<<<<<<<<<<<<<<<<<<<<


                                            -------------------------------------------
                                                      TRANSPORT STEP NO.   10
                                            -------------------------------------------

 TOTAL ELAPSED TIME SINCE BEGINNING OF SIMULATION =   500.0000        
 .....................................................................

 TOTAL PARTICLES USED IN THE CURRENT STEP =         0
 PARTICLES ADDED AT BEGINNING OF THE STEP =         0
 PARTICLES REMOVED AT END OF LAST STEP    =         0

                     CUMMULATIVE MASS BUDGETS AT END OF TRANSPORT STEP   10, TIME STEP   50, STRESS PERIOD    1
                     ------------------------------------------------------------------------------------------

                                                             IN                           OUT
                                                      ----------------             ----------------
                               CONSTANT CONCENTRATION:    0.000000                    0.000000    
                                        CONSTANT HEAD:    0.000000                    0.000000    
                                   REACTION (PHREEQC):    8595.512                   -2245.185    
                                MASS STORAGE (SOLUTE):    2245.185                   -8595.512    
                            ---------------------------------------------------------------------------
                                              [TOTAL]:    10840.70      0            -10840.70      0  

                                                          NET (IN - OUT):    0.000000    
                                                   DISCREPANCY (PERCENT):    0.000000    



 >>>>>>>>>>>>>>>>>>>>>>>>>>>>>>>>>>>>>>>>>>>>>>>>>>>>>>>FOR COMPONENT NO. 28<<<<<<<<<<<<<<<<<<<<<<<<<<<<<<<<<<<<<<<<<<<<<<<<<<<<<<<


                                            -------------------------------------------
                                                      TRANSPORT STEP NO.   10
                                            -------------------------------------------

 TOTAL ELAPSED TIME SINCE BEGINNING OF SIMULATION =   500.0000        
 .....................................................................

 TOTAL PARTICLES USED IN THE CURRENT STEP =         0
 PARTICLES ADDED AT BEGINNING OF THE STEP =         0
 PARTICLES REMOVED AT END OF LAST STEP    =         0

                     CUMMULATIVE MASS BUDGETS AT END OF TRANSPORT STEP   10, TIME STEP   50, STRESS PERIOD    1
                     ------------------------------------------------------------------------------------------

                                                             IN                           OUT
                                                      ----------------             ----------------
                               CONSTANT CONCENTRATION:    0.000000                    0.000000    
                                        CONSTANT HEAD:    0.000000                    0.000000    
                                   REACTION (PHREEQC):    16.36598                   -6487.227    
                                MASS STORAGE (SOLUTE):    6487.227                   -16.36598    
                            ---------------------------------------------------------------------------
                                              [TOTAL]:    6503.593      0            -6503.593      0  

                                                          NET (IN - OUT):    0.000000    
                                                   DISCREPANCY (PERCENT):    0.000000    



 >>>>>>>>>>>>>>>>>>>>>>>>>>>>>>>>>>>>>>>>>>>>>>>>>>>>>>>FOR COMPONENT NO. 29<<<<<<<<<<<<<<<<<<<<<<<<<<<<<<<<<<<<<<<<<<<<<<<<<<<<<<<


                                            -------------------------------------------
                                                      TRANSPORT STEP NO.   10
                                            -------------------------------------------

 TOTAL ELAPSED TIME SINCE BEGINNING OF SIMULATION =   500.0000        
 .....................................................................

 TOTAL PARTICLES USED IN THE CURRENT STEP =         0
 PARTICLES ADDED AT BEGINNING OF THE STEP =         0
 PARTICLES REMOVED AT END OF LAST STEP    =         0

                     CUMMULATIVE MASS BUDGETS AT END OF TRANSPORT STEP   10, TIME STEP   50, STRESS PERIOD    1
                     ------------------------------------------------------------------------------------------

                                                             IN                           OUT
                                                      ----------------             ----------------
                               CONSTANT CONCENTRATION:    0.000000                    0.000000    
                                        CONSTANT HEAD:    0.000000                    0.000000    
                                   REACTION (PHREEQC):    6112.785                  -0.9039444E-01
                                MASS STORAGE (SOLUTE):   0.9039444E-01               -6112.785    
                            ---------------------------------------------------------------------------
                                              [TOTAL]:    6112.875      0            -6112.875      0  

                                                          NET (IN - OUT):    0.000000    
                                                   DISCREPANCY (PERCENT):    0.000000    
  ----- 
 | PHT |
 | 3 D | END OF MODEL OUTPUT
  ----- 
