      time_d	        cell	          pH	          pe	         Alk	          Ca	          Mg	          Cl	        S(6)	       si_cc	       si_go	    Orgc_sed	     Calcite	
 5.0000e-002	 1.0000e+000	 8.9307e+000	 1.3966e+001	 9.7351e-004	 2.3601e-004	 4.6325e-003	 8.2631e-003	 2.5017e-004	-1.7891e-001	 3.0000e+000	 8.8959e-001	 3.9986e+000	
 5.0000e-002	 2.0000e+000	 8.8974e+000	 1.3985e+001	 1.1116e-003	 2.6418e-004	 5.4556e-003	 9.7285e-003	 2.9969e-004	-1.2477e-001	 3.0000e+000	 8.8969e-001	 3.9990e+000	
 5.0000e-002	 3.0000e+000	 8.8866e+000	 1.3973e+001	 1.1539e-003	 2.9589e-004	 6.4117e-003	 1.1636e-002	 3.1271e-004	-9.2513e-002	 3.0000e+000	 8.8978e-001	 3.9992e+000	
 5.0000e-002	 4.0000e+000	 8.8924e+000	 1.3938e+001	 1.1389e-003	 3.2797e-004	 7.3508e-003	 1.3621e-002	 2.9887e-004	-6.9824e-002	 3.0000e+000	 8.8986e-001	 3.9994e+000	
 5.0000e-002	 5.0000e+000	 8.9134e+000	 1.3881e+001	 1.0938e-003	 3.5737e-004	 8.1775e-003	 1.5447e-002	 2.6464e-004	-4.9832e-002	 3.0000e+000	 8.8991e-001	 3.9995e+000	
 5.0000e-002	 6.0000e+000	 8.9345e+000	 1.3816e+001	 1.0468e-003	 3.8022e-004	 8.8424e-003	 1.6955e-002	 2.2175e-004	-3.7874e-002	 3.0000e+000	 8.8995e-001	 3.9996e+000	
 5.0000e-002	 7.0000e+000	 8.9562e+000	 1.3745e+001	 1.0058e-003	 3.9659e-004	 9.3272e-003	 1.8085e-002	 1.7810e-004	-2.8724e-002	 3.0000e+000	 8.8997e-001	 3.9996e+000	
 5.0000e-002	 8.0000e+000	 8.9765e+000	 1.3670e+001	 9.7330e-004	 4.0700e-004	 9.6511e-003	 1.8866e-002	 1.3856e-004	-2.1665e-002	 3.0000e+000	 8.8998e-001	 3.9997e+000	
 5.0000e-002	 9.0000e+000	 9.0149e+000	 1.3572e+001	 9.4864e-004	 4.0300e-004	 9.8612e-003	 1.9369e-002	 1.0536e-004	-1.1089e-002	 3.0000e+000	 8.8999e-001	 3.9997e+000	
 5.0000e-002	 1.0000e+001	 9.0243e+000	 1.3498e+001	 9.3405e-004	 4.0606e-004	 9.9777e-003	 1.9676e-002	 7.8661e-005	-9.3814e-003	 3.0000e+000	 8.9000e-001	 3.9997e+000	
 5.0000e-002	 1.1000e+001	 9.0302e+000	 1.3424e+001	 9.2612e-004	 4.0753e-004	 1.0041e-002	 1.9855e-002	 5.7936e-005	-8.0937e-003	 3.0000e+000	 8.9000e-001	 3.9998e+000	
 5.0000e-002	 1.2000e+001	 9.0373e+000	 1.3343e+001	 9.1823e-004	 4.0816e-004	 1.0071e-002	 1.9956e-002	 4.2252e-005	-6.1917e-003	 3.0000e+000	 8.9000e-001	 3.9998e+000	
 5.0000e-002	 1.3000e+001	 9.0418e+000	 1.3257e+001	 9.1438e-004	 4.0545e-004	 1.0088e-002	 2.0011e-002	 3.0490e-005	-7.6986e-003	 3.0000e+000	 8.9000e-001	 3.9998e+000	
 5.0000e-002	 1.4000e+001	 9.0435e+000	 1.3158e+001	 9.0825e-004	 4.0504e-004	 1.0091e-002	 2.0040e-002	 2.1824e-005	-9.7268e-003	 3.0000e+000	 8.9000e-001	 3.9998e+000	
 5.0000e-002	 1.5000e+001	 9.0424e+000	 1.3010e+001	 8.9143e-004	 4.0374e-004	 1.0085e-002	 2.0055e-002	 1.5463e-005	-1.9844e-002	 3.0000e+000	 8.9000e-001	 3.9998e+000	
 5.0000e-002	 1.6000e+001	 9.0724e+000	-4.2696e+000	 8.6313e-004	 3.9979e-004	 1.0074e-002	 2.0062e-002	 1.1659e-005	-1.5769e-002	 3.0000e+000	 8.9000e-001	 3.9999e+000	
 1.0000e-001	 1.0000e+000	 8.8013e+000	 1.4111e+001	 1.1740e-003	 2.4748e-004	 3.9019e-003	 6.4068e-003	 3.5895e-004	-1.7162e-001	 3.0000e+000	 8.8903e-001	 3.9972e+000	
 1.0000e-001	 2.0000e+000	 8.7441e+000	 1.4163e+001	 1.3766e-003	 2.6090e-004	 4.3817e-003	 7.0027e-003	 4.5290e-004	-1.4709e-001	 3.0000e+000	 8.8916e-001	 3.9979e+000	
 1.0000e-001	 3.0000e+000	 8.7139e+000	 1.4186e+001	 1.5260e-003	 2.7432e-004	 4.9457e-003	 7.8449e-003	 5.3450e-004	-1.2440e-001	 3.0000e+000	 8.8932e-001	 3.9984e+000	
 1.0000e-001	 4.0000e+000	 8.7074e+000	 1.4183e+001	 1.5917e-003	 2.8845e-004	 5.5325e-003	 8.8736e-003	 5.8828e-004	-1.0543e-001	 3.0000e+000	 8.8945e-001	 3.9987e+000	
 1.0000e-001	 5.0000e+000	 8.7217e+000	 1.4156e+001	 1.5853e-003	 3.0479e-004	 6.1363e-003	 1.0067e-002	 6.1496e-004	-8.4662e-002	 3.0000e+000	 8.8957e-001	 3.9990e+000	
 1.0000e-001	 6.0000e+000	 8.7397e+000	 1.4123e+001	 1.5388e-003	 3.2152e-004	 6.7518e-003	 1.1377e-002	 6.1549e-004	-7.1561e-002	 3.0000e+000	 8.8967e-001	 3.9992e+000	
 1.0000e-001	 7.0000e+000	 8.7645e+000	 1.4079e+001	 1.4640e-003	 3.3881e-004	 7.3561e-003	 1.2738e-002	 5.9364e-004	-6.0629e-002	 3.0000e+000	 8.8975e-001	 3.9994e+000	
 1.0000e-001	 8.0000e+000	 8.7941e+000	 1.4027e+001	 1.3762e-003	 3.5556e-004	 7.9255e-003	 1.4079e-002	 5.5314e-004	-5.1598e-002	 3.0000e+000	 8.8982e-001	 3.9995e+000	
 1.0000e-001	 9.0000e+000	 8.8742e+000	 1.3921e+001	 1.2742e-003	 3.5481e-004	 8.4494e-003	 1.5332e-002	 5.0091e-004	-2.7707e-002	 3.0000e+000	 8.8987e-001	 3.9996e+000	
 1.0000e-001	 1.0000e+001	 8.9022e+000	 1.3864e+001	 1.1919e-003	 3.6922e-004	 8.8893e-003	 1.6444e-002	 4.4061e-004	-2.4067e-002	 3.0000e+000	 8.8991e-001	 3.9997e+000	
 1.0000e-001	 1.1000e+001	 8.9277e+000	 1.3806e+001	 1.1235e-003	 3.8152e-004	 9.2494e-003	 1.7383e-002	 3.7782e-004	-2.0986e-002	 3.0000e+000	 8.8994e-001	 3.9997e+000	
 1.0000e-001	 1.2000e+001	 8.9512e+000	 1.3746e+001	 1.0684e-003	 3.9102e-004	 9.5295e-003	 1.8139e-002	 3.1665e-004	-1.8035e-002	 3.0000e+000	 8.8996e-001	 3.9997e+000	
 1.0000e-001	 1.3000e+001	 8.9786e+000	 1.3678e+001	 1.0249e-003	 3.9528e-004	 9.7389e-003	 1.8723e-002	 2.6019e-004	-1.3140e-002	 3.0000e+000	 8.8998e-001	 3.9997e+000	
 1.0000e-001	 1.4000e+001	 8.9945e+000	 1.3619e+001	 9.9370e-004	 4.0008e-004	 9.8843e-003	 1.9154e-002	 2.1026e-004	-1.1228e-002	 3.0000e+000	 8.8998e-001	 3.9997e+000	
 1.0000e-001	 1.5000e+001	 9.0074e+000	 1.3561e+001	 9.7168e-004	 4.0291e-004	 9.9808e-003	 1.9459e-002	 1.6836e-004	-9.4120e-003	 3.0000e+000	 8.8999e-001	 3.9998e+000	
 1.0000e-001	 1.6000e+001	 9.0141e+000	 1.3511e+001	 9.6041e-004	 4.0446e-004	 1.0040e-002	 1.9656e-002	 1.3663e-004	-8.5059e-003	 3.0000e+000	 8.8999e-001	 3.9998e+000	
 1.5000e-001	 1.0000e+000	 8.6735e+000	 1.4244e+001	 1.2565e-003	 2.7696e-004	 3.6566e-003	 5.7906e-003	 4.0998e-004	-2.0354e-001	 3.0000e+000	 8.8842e-001	 3.9958e+000	
 1.5000e-001	 2.0000e+000	 8.6072e+000	 1.4308e+001	 1.5492e-003	 2.9014e-004	 4.0429e-003	 6.0454e-003	 5.3574e-004	-1.6825e-001	 3.0000e+000	 8.8858e-001	 3.9966e+000	
 1.5000e-001	 3.0000e+000	 8.5641e+000	 1.4348e+001	 1.7898e-003	 2.9844e-004	 4.4726e-003	 6.4355e-003	 6.5838e-004	-1.4766e-001	 3.0000e+000	 8.8876e-001	 3.9974e+000	
 1.5000e-001	 4.0000e+000	 8.5465e+000	 1.4361e+001	 1.9531e-003	 3.0449e-004	 4.9041e-003	 6.9390e-003	 7.6254e-004	-1.3021e-001	 3.0000e+000	 8.8892e-001	 3.9979e+000	
 1.5000e-001	 5.0000e+000	 8.5517e+000	 1.4350e+001	 2.0374e-003	 3.1139e-004	 5.3347e-003	 7.5643e-003	 8.4522e-004	-1.0879e-001	 3.0000e+000	 8.8908e-001	 3.9983e+000	
 1.5000e-001	 6.0000e+000	 8.5634e+000	 1.4332e+001	 2.0618e-003	 3.1727e-004	 5.7758e-003	 8.3144e-003	 9.0491e-004	-9.5328e-002	 3.0000e+000	 8.8922e-001	 3.9986e+000	
 1.5000e-001	 7.0000e+000	 8.5823e+000	 1.4304e+001	 2.0357e-003	 3.2444e-004	 6.2253e-003	 9.1827e-003	 9.4048e-004	-8.3458e-002	 3.0000e+000	 8.8935e-001	 3.9989e+000	
 1.5000e-001	 8.0000e+000	 8.6088e+000	 1.4267e+001	 1.9653e-003	 3.3235e-004	 6.6783e-003	 1.0152e-002	 9.5181e-004	-7.3113e-002	 3.0000e+000	 8.8947e-001	 3.9991e+000	
 1.5000e-001	 9.0000e+000	 8.7085e+000	 1.4155e+001	 1.8541e-003	 3.1606e-004	 7.1513e-003	 1.1197e-002	 9.4167e-004	-3.9473e-002	 3.0000e+000	 8.8957e-001	 3.9995e+000	
 1.5000e-001	 1.0000e+001	 8.7400e+000	 1.4109e+001	 1.7310e-003	 3.2724e-004	 7.5907e-003	 1.2284e-002	 9.1042e-004	-3.4191e-002	 3.0000e+000	 8.8966e-001	 3.9995e+000	
 1.5000e-001	 1.1000e+001	 8.7711e+000	 1.4061e+001	 1.6087e-003	 3.3999e-004	 8.0139e-003	 1.3375e-002	 8.6224e-004	-2.9395e-002	 3.0000e+000	 8.8973e-001	 3.9996e+000	
 1.5000e-001	 1.2000e+001	 8.8021e+000	 1.4011e+001	 1.4920e-003	 3.5279e-004	 8.4096e-003	 1.4430e-002	 8.0123e-004	-2.5775e-002	 3.0000e+000	 8.8980e-001	 3.9996e+000	
 1.5000e-001	 1.3000e+001	 8.8468e+000	 1.3946e+001	 1.3827e-003	 3.6080e-004	 8.7701e-003	 1.5415e-002	 7.3218e-004	-1.7025e-002	 3.0000e+000	 8.8985e-001	 3.9997e+000	
 1.5000e-001	 1.4000e+001	 8.8746e+000	 1.3895e+001	 1.2902e-003	 3.7171e-004	 9.0803e-003	 1.6294e-002	 6.5991e-004	-1.5753e-002	 3.0000e+000	 8.8989e-001	 3.9997e+000	
 1.5000e-001	 1.5000e+001	 8.8997e+000	 1.3845e+001	 1.2163e-003	 3.8065e-004	 9.3349e-003	 1.7033e-002	 5.9082e-004	-1.4360e-002	 3.0000e+000	 8.8992e-001	 3.9997e+000	
 1.5000e-001	 1.6000e+001	 8.9189e+000	 1.3804e+001	 1.1638e-003	 3.8722e-004	 9.5187e-003	 1.7579e-002	 5.3441e-004	-1.3247e-002	 3.0000e+000	 8.8994e-001	 3.9997e+000	
 2.0000e-001	 1.0000e+000	 8.5776e+000	 1.4342e+001	 1.3410e-003	 3.1517e-004	 3.5529e-003	 5.5272e-003	 4.3392e-004	-2.0652e-001	 3.0000e+000	 8.8781e-001	 3.9944e+000	
 2.0000e-001	 2.0000e+000	 8.4938e+000	 1.4424e+001	 1.6839e-003	 3.3289e-004	 3.9216e-003	 5.6560e-003	 5.8455e-004	-1.7732e-001	 3.0000e+000	 8.8797e-001	 3.9954e+000	
 2.0000e-001	 3.0000e+000	 8.4381e+000	 1.4478e+001	 1.9840e-003	 3.4134e-004	 4.2999e-003	 5.8414e-003	 7.2852e-004	-1.6127e-001	 3.0000e+000	 8.8816e-001	 3.9962e+000	
 2.0000e-001	 4.0000e+000	 8.4094e+000	 1.4505e+001	 2.2224e-003	 3.4494e-004	 4.6749e-003	 6.0907e-003	 8.6323e-004	-1.4677e-001	 3.0000e+000	 8.8834e-001	 3.9969e+000	
 2.0000e-001	 5.0000e+000	 8.4045e+000	 1.4507e+001	 2.3879e-003	 3.4807e-004	 5.0366e-003	 6.4125e-003	 9.8441e-004	-1.2708e-001	 3.0000e+000	 8.8852e-001	 3.9975e+000	
 2.0000e-001	 6.0000e+000	 8.4077e+000	 1.4500e+001	 2.4969e-003	 3.4769e-004	 5.3982e-003	 6.8160e-003	 1.0894e-003	-1.1484e-001	 3.0000e+000	 8.8868e-001	 3.9979e+000	
 2.0000e-001	 7.0000e+000	 8.4201e+000	 1.4483e+001	 2.5477e-003	 3.4737e-004	 5.7563e-003	 7.3079e-003	 1.1759e-003	-1.0356e-001	 3.0000e+000	 8.8884e-001	 3.9982e+000	
 2.0000e-001	 8.0000e+000	 8.4416e+000	 1.4457e+001	 2.5419e-003	 3.4686e-004	 6.1115e-003	 7.8915e-003	 1.2416e-003	-9.2980e-002	 3.0000e+000	 8.8899e-001	 3.9985e+000	
 2.0000e-001	 9.0000e+000	 8.5548e+000	 1.4337e+001	 2.4719e-003	 3.1000e-004	 6.4935e-003	 8.5652e-003	 1.2849e-003	-5.6165e-002	 3.0000e+000	 8.8913e-001	 3.9991e+000	
 2.0000e-001	 1.0000e+001	 8.5856e+000	 1.4298e+001	 2.3711e-003	 3.1294e-004	 6.8398e-003	 9.3215e-003	 1.3064e-003	-4.8469e-002	 3.0000e+000	 8.8926e-001	 3.9993e+000	
 2.0000e-001	 1.1000e+001	 8.6157e+000	 1.4259e+001	 2.2480e-003	 3.1909e-004	 7.1848e-003	 1.0147e-002	 1.3063e-003	-4.1909e-002	 3.0000e+000	 8.8938e-001	 3.9994e+000	
 2.0000e-001	 1.2000e+001	 8.6462e+000	 1.4219e+001	 2.1109e-003	 3.2712e-004	 7.5256e-003	 1.1021e-002	 1.2866e-003	-3.6455e-002	 3.0000e+000	 8.8948e-001	 3.9995e+000	
 2.0000e-001	 1.3000e+001	 8.6971e+000	 1.4156e+001	 1.9628e-003	 3.2994e-004	 7.8602e-003	 1.1917e-002	 1.2502e-003	-2.4168e-002	 3.0000e+000	 8.8957e-001	 3.9996e+000	
 2.0000e-001	 1.4000e+001	 8.7274e+000	 1.4113e+001	 1.8238e-003	 3.3963e-004	 8.1727e-003	 1.2798e-002	 1.2013e-003	-2.1405e-002	 3.0000e+000	 8.8965e-001	 3.9997e+000	
 2.0000e-001	 1.5000e+001	 8.7558e+000	 1.4071e+001	 1.7002e-003	 3.4899e-004	 8.4559e-003	 1.3617e-002	 1.1460e-003	-1.9382e-002	 3.0000e+000	 8.8972e-001	 3.9997e+000	
 2.0000e-001	 1.6000e+001	 8.7793e+000	 1.4035e+001	 1.6009e-003	 3.5730e-004	 8.6908e-003	 1.4309e-002	 1.0932e-003	-1.8374e-002	 3.0000e+000	 8.8977e-001	 3.9997e+000	
 2.5000e-001	 1.0000e+000	 8.4907e+000	 1.4429e+001	 1.4190e-003	 3.5722e-004	 3.5218e-003	 5.4140e-003	 4.6251e-004	-2.1010e-001	 3.0000e+000	 8.8718e-001	 3.9929e+000	
 2.5000e-001	 2.0000e+000	 8.3978e+000	 1.4522e+001	 1.7764e-003	 3.8007e-004	 3.8533e-003	 5.4735e-003	 6.0843e-004	-1.8732e-001	 3.0000e+000	 8.8735e-001	 3.9940e+000	
 2.5000e-001	 3.0000e+000	 8.3300e+000	 1.4588e+001	 2.1293e-003	 3.9340e-004	 4.2252e-003	 5.5682e-003	 7.6983e-004	-1.7222e-001	 3.0000e+000	 8.8755e-001	 3.9951e+000	
 2.5000e-001	 4.0000e+000	 8.2907e+000	 1.4626e+001	 2.4268e-003	 3.9847e-004	 4.5863e-003	 5.6953e-003	 9.2373e-004	-1.5973e-001	 3.0000e+000	 8.8774e-001	 3.9958e+000	
 2.5000e-001	 5.0000e+000	 8.2755e+000	 1.4640e+001	 2.6601e-003	 4.0178e-004	 4.9284e-003	 5.8626e-003	 1.0688e-003	-1.4161e-001	 3.0000e+000	 8.8793e-001	 3.9966e+000	
 2.5000e-001	 6.0000e+000	 8.2701e+000	 1.4644e+001	 2.8431e-003	 3.9874e-004	 5.2652e-003	 6.0777e-003	 1.2035e-003	-1.3091e-001	 3.0000e+000	 8.8811e-001	 3.9971e+000	
 2.5000e-001	 7.0000e+000	 8.2751e+000	 1.4636e+001	 2.9711e-003	 3.9412e-004	 5.5911e-003	 6.3480e-003	 1.3257e-003	-1.2077e-001	 3.0000e+000	 8.8828e-001	 3.9975e+000	
 2.5000e-001	 8.0000e+000	 8.2906e+000	 1.4618e+001	 3.0398e-003	 3.8740e-004	 5.9053e-003	 6.6798e-003	 1.4329e-003	-1.1128e-001	 3.0000e+000	 8.8845e-001	 3.9978e+000	
 2.5000e-001	 9.0000e+000	 8.4146e+000	 1.4490e+001	 3.0385e-003	 3.2983e-004	 6.2506e-003	 7.0776e-003	 1.5223e-003	-7.1097e-002	 3.0000e+000	 8.8861e-001	 3.9987e+000	
 2.5000e-001	 1.0000e+001	 8.4433e+000	 1.4457e+001	 2.9943e-003	 3.2473e-004	 6.5379e-003	 7.5436e-003	 1.5937e-003	-6.3442e-002	 3.0000e+000	 8.8877e-001	 3.9989e+000	
 2.5000e-001	 1.1000e+001	 8.4714e+000	 1.4424e+001	 2.9136e-003	 3.2372e-004	 6.8171e-003	 8.0760e-003	 1.6460e-003	-5.5926e-002	 3.0000e+000	 8.8891e-001	 3.9991e+000	
 2.5000e-001	 1.2000e+001	 8.4999e+000	 1.4390e+001	 2.8015e-003	 3.2532e-004	 7.0880e-003	 8.6678e-003	 1.6787e-003	-4.9360e-002	 3.0000e+000	 8.8905e-001	 3.9992e+000	
 2.5000e-001	 1.3000e+001	 8.5537e+000	 1.4330e+001	 2.6620e-003	 3.1972e-004	 7.3562e-003	 9.3048e-003	 1.6926e-003	-3.3986e-002	 3.0000e+000	 8.8918e-001	 3.9995e+000	
 2.5000e-001	 1.4000e+001	 8.5830e+000	 1.4293e+001	 2.5151e-003	 3.2432e-004	 7.6039e-003	 9.9615e-003	 1.6899e-003	-2.9495e-002	 3.0000e+000	 8.8929e-001	 3.9995e+000	
 2.5000e-001	 1.5000e+001	 8.6105e+000	 1.4258e+001	 2.3749e-003	 3.2966e-004	 7.8300e-003	 1.0593e-002	 1.6758e-003	-2.5700e-002	 3.0000e+000	 8.8938e-001	 3.9996e+000	
 2.5000e-001	 1.6000e+001	 8.6336e+000	 1.4229e+001	 2.2609e-003	 3.3444e-004	 8.0079e-003	 1.1109e-002	 1.6575e-003	-2.2464e-002	 3.0000e+000	 8.8946e-001	 3.9996e+000	
 3.0000e-001	 1.0000e+000	 8.4169e+000	 1.4504e+001	 1.4468e-003	 3.9643e-004	 3.4692e-003	 5.3577e-003	 4.6337e-004	-2.2589e-001	 3.0000e+000	 8.8655e-001	 3.9914e+000	
 3.0000e-001	 2.0000e+000	 8.3127e+000	 1.4607e+001	 1.8512e-003	 4.3024e-004	 3.8174e-003	 5.3892e-003	 6.2743e-004	-1.9770e-001	 3.0000e+000	 8.8673e-001	 3.9927e+000	
 3.0000e-001	 3.0000e+000	 8.2344e+000	 1.4685e+001	 2.2408e-003	 4.5037e-004	 4.1845e-003	 5.4370e-003	 7.9602e-004	-1.8413e-001	 3.0000e+000	 8.8693e-001	 3.9938e+000	
 3.0000e-001	 4.0000e+000	 8.1858e+000	 1.4733e+001	 2.5855e-003	 4.5963e-004	 4.5465e-003	 5.5028e-003	 9.6195e-004	-1.7254e-001	 3.0000e+000	 8.8712e-001	 3.9947e+000	
 3.0000e-001	 5.0000e+000	 8.1611e+000	 1.4757e+001	 2.8739e-003	 4.6601e-004	 4.8886e-003	 5.5906e-003	 1.1223e-003	-1.5559e-001	 3.0000e+000	 8.8732e-001	 3.9956e+000	
 3.0000e-001	 6.0000e+000	 8.1477e+000	 1.4769e+001	 3.1187e-003	 4.6299e-004	 5.2250e-003	 5.7053e-003	 1.2759e-003	-1.4593e-001	 3.0000e+000	 8.8751e-001	 3.9961e+000	
 3.0000e-001	 7.0000e+000	 8.1456e+000	 1.4770e+001	 3.3144e-003	 4.5656e-004	 5.5481e-003	 5.8522e-003	 1.4213e-003	-1.3666e-001	 3.0000e+000	 8.8769e-001	 3.9966e+000	
 3.0000e-001	 8.0000e+000	 8.1546e+000	 1.4759e+001	 3.4564e-003	 4.4618e-004	 5.8568e-003	 6.0364e-003	 1.5566e-003	-1.2774e-001	 3.0000e+000	 8.8788e-001	 3.9970e+000	
 3.0000e-001	 9.0000e+000	 8.2850e+000	 1.4626e+001	 3.5274e-003	 3.6743e-004	 6.2068e-003	 6.2623e-003	 1.6794e-003	-8.5526e-002	 3.0000e+000	 8.8805e-001	 3.9982e+000	
 3.0000e-001	 1.0000e+001	 8.3120e+000	 1.4597e+001	 3.5506e-003	 3.5521e-004	 6.4759e-003	 6.5337e-003	 1.7889e-003	-7.8022e-002	 3.0000e+000	 8.8822e-001	 3.9985e+000	
 3.0000e-001	 1.1000e+001	 8.3372e+000	 1.4569e+001	 3.5350e-003	 3.4801e-004	 6.7296e-003	 6.8521e-003	 1.8840e-003	-7.0558e-002	 3.0000e+000	 8.8839e-001	 3.9987e+000	
 3.0000e-001	 1.2000e+001	 8.3631e+000	 1.4540e+001	 3.4786e-003	 3.4392e-004	 6.9665e-003	 7.2156e-003	 1.9633e-003	-6.3188e-002	 3.0000e+000	 8.8854e-001	 3.9989e+000	
 3.0000e-001	 1.3000e+001	 8.4187e+000	 1.4480e+001	 3.3828e-003	 3.2948e-004	 7.1966e-003	 7.6173e-003	 2.0259e-003	-4.6049e-002	 3.0000e+000	 8.8869e-001	 3.9992e+000	
 3.0000e-001	 1.4000e+001	 8.4462e+000	 1.4449e+001	 3.2663e-003	 3.2892e-004	 7.3978e-003	 8.0422e-003	 2.0724e-003	-4.0006e-002	 3.0000e+000	 8.8883e-001	 3.9994e+000	
 3.0000e-001	 1.5000e+001	 8.4717e+000	 1.4419e+001	 3.1435e-003	 3.2980e-004	 7.5771e-003	 8.4625e-003	 2.1039e-003	-3.4814e-002	 3.0000e+000	 8.8895e-001	 3.9994e+000	
 3.0000e-001	 1.6000e+001	 8.4927e+000	 1.4395e+001	 3.0330e-003	 3.3145e-004	 7.7226e-003	 8.8302e-003	 2.1225e-003	-3.1041e-002	 3.0000e+000	 8.8904e-001	 3.9995e+000	
 3.5000e-001	 1.0000e+000	 8.3566e+000	 1.4564e+001	 1.5454e-003	 4.4388e-004	 3.4814e-003	 5.3304e-003	 4.8740e-004	-2.0806e-001	 3.0000e+000	 8.8592e-001	 3.9898e+000	
 3.5000e-001	 2.0000e+000	 8.2419e+000	 1.4678e+001	 1.9232e-003	 4.8275e-004	 3.7880e-003	 5.3464e-003	 6.3589e-004	-2.0007e-001	 3.0000e+000	 8.8610e-001	 3.9913e+000	
 3.5000e-001	 3.0000e+000	 8.1534e+000	 1.4766e+001	 2.3421e-003	 5.1175e-004	 4.1562e-003	 5.3716e-003	 8.1111e-004	-1.8888e-001	 3.0000e+000	 8.8630e-001	 3.9925e+000	
 3.5000e-001	 4.0000e+000	 8.0962e+000	 1.4823e+001	 2.7198e-003	 5.2668e-004	 4.5191e-003	 5.4061e-003	 9.8283e-004	-1.7961e-001	 3.0000e+000	 8.8651e-001	 3.9935e+000	
 3.5000e-001	 5.0000e+000	 8.0625e+000	 1.4856e+001	 3.0477e-003	 5.3802e-004	 4.8642e-003	 5.4525e-003	 1.1521e-003	-1.6509e-001	 3.0000e+000	 8.8670e-001	 3.9945e+000	
 3.5000e-001	 6.0000e+000	 8.0416e+000	 1.4876e+001	 3.3421e-003	 5.3694e-004	 5.2088e-003	 5.5139e-003	 1.3178e-003	-1.5660e-001	 3.0000e+000	 8.8690e-001	 3.9951e+000	
 3.5000e-001	 7.0000e+000	 8.0327e+000	 1.4884e+001	 3.5931e-003	 5.3051e-004	 5.5413e-003	 5.5935e-003	 1.4785e-003	-1.4844e-001	 3.0000e+000	 8.8709e-001	 3.9957e+000	
 3.5000e-001	 8.0000e+000	 8.0358e+000	 1.4880e+001	 3.7973e-003	 5.1809e-004	 5.8608e-003	 5.6945e-003	 1.6329e-003	-1.4027e-001	 3.0000e+000	 8.8728e-001	 3.9961e+000	
 3.5000e-001	 9.0000e+000	 8.1659e+000	 1.4749e+001	 3.9300e-003	 4.1808e-004	 6.2357e-003	 5.8204e-003	 1.7786e-003	-1.0036e-001	 3.0000e+000	 8.8747e-001	 3.9975e+000	
 3.5000e-001	 1.0000e+001	 8.1904e+000	 1.4723e+001	 4.0283e-003	 3.9983e-004	 6.5168e-003	 5.9739e-003	 1.9155e-003	-9.2238e-002	 3.0000e+000	 8.8765e-001	 3.9979e+000	
 3.5000e-001	 1.1000e+001	 8.2131e+000	 1.4698e+001	 4.0815e-003	 3.8711e-004	 6.7739e-003	 6.1568e-003	 2.0418e-003	-8.4914e-002	 3.0000e+000	 8.8782e-001	 3.9982e+000	
 3.5000e-001	 1.2000e+001	 8.2360e+000	 1.4674e+001	 4.0920e-003	 3.7806e-004	 7.0089e-003	 6.3691e-003	 2.1563e-003	-7.7555e-002	 3.0000e+000	 8.8799e-001	 3.9984e+000	
 3.5000e-001	 1.3000e+001	 8.2922e+000	 1.4615e+001	 4.0562e-003	 3.5477e-004	 7.2344e-003	 6.6076e-003	 2.2572e-003	-6.0144e-002	 3.0000e+000	 8.8816e-001	 3.9989e+000	
 3.5000e-001	 1.4000e+001	 8.3170e+000	 1.4588e+001	 3.9949e-003	 3.4971e-004	 7.4236e-003	 6.8639e-003	 2.3439e-003	-5.3507e-002	 3.0000e+000	 8.8831e-001	 3.9991e+000	
 3.5000e-001	 1.5000e+001	 8.3398e+000	 1.4563e+001	 3.9159e-003	 3.4665e-004	 7.5865e-003	 7.1208e-003	 2.4148e-003	-4.7767e-002	 3.0000e+000	 8.8844e-001	 3.9992e+000	
 3.5000e-001	 1.6000e+001	 8.3585e+000	 1.4542e+001	 3.8385e-003	 3.4507e-004	 7.7126e-003	 7.3436e-003	 2.4666e-003	-4.3244e-002	 3.0000e+000	 8.8855e-001	 3.9993e+000	
 4.0000e-001	 1.0000e+000	 8.2947e+000	 1.4626e+001	 1.5274e-003	 4.7917e-004	 3.4203e-003	 5.3164e-003	 4.7752e-004	-2.3820e-001	 3.0000e+000	 8.8530e-001	 3.9883e+000	
 4.0000e-001	 2.0000e+000	 8.1743e+000	 1.4746e+001	 1.9679e-003	 5.3400e-004	 3.7569e-003	 5.3249e-003	 6.4456e-004	-2.1226e-001	 3.0000e+000	 8.8547e-001	 3.9898e+000	
 4.0000e-001	 3.0000e+000	 8.0785e+000	 1.4842e+001	 2.4131e-003	 5.7359e-004	 4.1252e-003	 5.3380e-003	 8.2316e-004	-2.0012e-001	 3.0000e+000	 8.8568e-001	 3.9912e+000	
 4.0000e-001	 4.0000e+000	 8.0150e+000	 1.4905e+001	 2.8218e-003	 5.9647e-004	 4.4932e-003	 5.3564e-003	 1.0006e-003	-1.9003e-001	 3.0000e+000	 8.8588e-001	 3.9922e+000	
 4.0000e-001	 5.0000e+000	 7.9742e+000	 1.4945e+001	 3.1858e-003	 6.1468e-004	 4.8440e-003	 5.3811e-003	 1.1752e-003	-1.7572e-001	 3.0000e+000	 8.8609e-001	 3.9933e+000	
 4.0000e-001	 6.0000e+000	 7.9476e+000	 1.4971e+001	 3.5168e-003	 6.1695e-004	 5.1956e-003	 5.4141e-003	 1.3470e-003	-1.6784e-001	 3.0000e+000	 8.8628e-001	 3.9940e+000	
 4.0000e-001	 7.0000e+000	 7.9334e+000	 1.4985e+001	 3.8109e-003	 6.1175e-004	 5.5380e-003	 5.4571e-003	 1.5157e-003	-1.6026e-001	 3.0000e+000	 8.8648e-001	 3.9946e+000	
 4.0000e-001	 8.0000e+000	 7.9316e+000	 1.4986e+001	 4.0629e-003	 5.9803e-004	 5.8700e-003	 5.5123e-003	 1.6805e-003	-1.5290e-001	 3.0000e+000	 8.8668e-001	 3.9952e+000	
 4.0000e-001	 9.0000e+000	 8.0555e+000	 1.4861e+001	 4.2714e-003	 4.8037e-004	 6.2867e-003	 5.5816e-003	 1.8405e-003	-1.1390e-001	 3.0000e+000	 8.8687e-001	 3.9968e+000	
 4.0000e-001	 1.0000e+001	 8.0782e+000	 1.4837e+001	 4.4259e-003	 4.5543e-004	 6.5853e-003	 5.6670e-003	 1.9943e-003	-1.0686e-001	 3.0000e+000	 8.8705e-001	 3.9972e+000	
 4.0000e-001	 1.1000e+001	 8.0986e+000	 1.4816e+001	 4.5444e-003	 4.3746e-004	 6.8609e-003	 5.7698e-003	 2.1412e-003	-9.9737e-002	 3.0000e+000	 8.8724e-001	 3.9975e+000	
 4.0000e-001	 1.2000e+001	 8.1186e+000	 1.4795e+001	 4.6227e-003	 4.2396e-004	 7.1122e-003	 5.8903e-003	 2.2797e-003	-9.2625e-002	 3.0000e+000	 8.8742e-001	 3.9978e+000	
 4.0000e-001	 1.3000e+001	 8.1747e+000	 1.4737e+001	 4.6584e-003	 3.9230e-004	 7.3579e-003	 6.0268e-003	 2.4076e-003	-7.4240e-002	 3.0000e+000	 8.8759e-001	 3.9985e+000	
 4.0000e-001	 1.4000e+001	 8.1968e+000	 1.4714e+001	 4.6605e-003	 3.8315e-004	 7.5574e-003	 6.1744e-003	 2.5230e-003	-6.7675e-002	 3.0000e+000	 8.8775e-001	 3.9987e+000	
 4.0000e-001	 1.5000e+001	 8.2168e+000	 1.4692e+001	 4.6403e-003	 3.7672e-004	 7.7270e-003	 6.3227e-003	 2.6222e-003	-6.1556e-002	 3.0000e+000	 8.8789e-001	 3.9989e+000	
 4.0000e-001	 1.6000e+001	 8.2330e+000	 1.4675e+001	 4.6097e-003	 3.7257e-004	 7.8568e-003	 6.4517e-003	 2.6987e-003	-5.6589e-002	 3.0000e+000	 8.8801e-001	 3.9990e+000	
 4.5000e-001	 1.0000e+000	 8.2483e+000	 1.4672e+001	 1.5841e-003	 5.2210e-004	 3.4085e-003	 5.3092e-003	 4.8394e-004	-2.3084e-001	 3.0000e+000	 8.8467e-001	 3.9866e+000	
 4.5000e-001	 2.0000e+000	 8.1179e+000	 1.4803e+001	 2.0162e-003	 5.8659e-004	 3.7245e-003	 5.3137e-003	 6.4618e-004	-2.1623e-001	 3.0000e+000	 8.8485e-001	 3.9884e+000	
 4.5000e-001	 3.0000e+000	 8.0151e+000	 1.4905e+001	 2.4789e-003	 6.3741e-004	 4.0891e-003	 5.3207e-003	 8.2666e-004	-2.0519e-001	 3.0000e+000	 8.8505e-001	 3.9898e+000	
 4.5000e-001	 4.0000e+000	 7.9459e+000	 1.4974e+001	 2.9055e-003	 6.6837e-004	 4.4548e-003	 5.3304e-003	 1.0052e-003	-1.9628e-001	 3.0000e+000	 8.8526e-001	 3.9910e+000	
 4.5000e-001	 5.0000e+000	 7.8988e+000	 1.5021e+001	 3.2931e-003	 6.9427e-004	 4.8074e-003	 5.3437e-003	 1.1833e-003	-1.8337e-001	 3.0000e+000	 8.8547e-001	 3.9921e+000	
 4.5000e-001	 6.0000e+000	 7.8674e+000	 1.5052e+001	 3.6543e-003	 7.0128e-004	 5.1668e-003	 5.3614e-003	 1.3602e-003	-1.7552e-001	 3.0000e+000	 8.8567e-001	 3.9929e+000	
 4.5000e-001	 7.0000e+000	 7.8484e+000	 1.5070e+001	 3.9837e-003	 6.9858e-004	 5.5210e-003	 5.3846e-003	 1.5354e-003	-1.6839e-001	 3.0000e+000	 8.8587e-001	 3.9935e+000	
 4.5000e-001	 8.0000e+000	 7.8426e+000	 1.5075e+001	 4.2777e-003	 6.8492e-004	 5.8692e-003	 5.4146e-003	 1.7080e-003	-1.6088e-001	 3.0000e+000	 8.8606e-001	 3.9941e+000	
 4.5000e-001	 9.0000e+000	 7.9544e+000	 1.4963e+001	 4.5371e-003	 5.5184e-004	 6.3204e-003	 5.4525e-003	 1.8774e-003	-1.2845e-001	 3.0000e+000	 8.8626e-001	 3.9960e+000	
 4.5000e-001	 1.0000e+001	 7.9756e+000	 1.4941e+001	 4.7511e-003	 5.2069e-004	 6.6470e-003	 5.4994e-003	 2.0424e-003	-1.2075e-001	 3.0000e+000	 8.8645e-001	 3.9964e+000	
 4.5000e-001	 1.1000e+001	 7.9940e+000	 1.4922e+001	 4.9289e-003	 4.9752e-004	 6.9474e-003	 5.5563e-003	 2.2023e-003	-1.1373e-001	 3.0000e+000	 8.8664e-001	 3.9968e+000	
 4.5000e-001	 1.2000e+001	 8.0113e+000	 1.4904e+001	 5.0696e-003	 4.7978e-004	 7.2225e-003	 5.6233e-003	 2.3558e-003	-1.0683e-001	 3.0000e+000	 8.8683e-001	 3.9972e+000	
 4.5000e-001	 1.3000e+001	 8.0657e+000	 1.4849e+001	 5.1712e-003	 4.3969e-004	 7.4968e-003	 5.6997e-003	 2.5010e-003	-8.9173e-002	 3.0000e+000	 8.8700e-001	 3.9979e+000	
 4.5000e-001	 1.4000e+001	 8.0855e+000	 1.4828e+001	 5.2381e-003	 4.2670e-004	 7.7193e-003	 5.7832e-003	 2.6354e-003	-8.2546e-002	 3.0000e+000	 8.8717e-001	 3.9982e+000	
 4.5000e-001	 1.5000e+001	 8.1029e+000	 1.4810e+001	 5.2771e-003	 4.1727e-004	 7.9101e-003	 5.8684e-003	 2.7546e-003	-7.6542e-002	 3.0000e+000	 8.8732e-001	 3.9984e+000	
 4.5000e-001	 1.6000e+001	 8.1167e+000	 1.4795e+001	 5.2947e-003	 4.1097e-004	 8.0577e-003	 5.9437e-003	 2.8494e-003	-7.1706e-002	 3.0000e+000	 8.8744e-001	 3.9986e+000	
 5.0000e-001	 1.0000e+000	 8.2002e+000	 1.4721e+001	 1.5906e-003	 5.5879e-004	 3.3728e-003	 5.3054e-003	 4.8355e-004	-2.4601e-001	 3.0000e+000	 8.8404e-001	 3.9850e+000	
 5.0000e-001	 2.0000e+000	 8.0658e+000	 1.4855e+001	 2.0483e-003	 6.3779e-004	 3.6881e-003	 5.3077e-003	 6.4790e-004	-2.2412e-001	 3.0000e+000	 8.8422e-001	 3.9869e+000	
 5.0000e-001	 3.0000e+000	 7.9579e+000	 1.4962e+001	 2.5262e-003	 7.0082e-004	 4.0476e-003	 5.3115e-003	 8.2954e-004	-2.1231e-001	 3.0000e+000	 8.8443e-001	 3.9885e+000	
 5.0000e-001	 4.0000e+000	 7.8846e+000	 1.5035e+001	 2.9712e-003	 7.4155e-004	 4.4129e-003	 5.3167e-003	 1.0104e-003	-2.0233e-001	 3.0000e+000	 8.8464e-001	 3.9896e+000	
 5.0000e-001	 5.0000e+000	 7.8328e+000	 1.5087e+001	 3.3792e-003	 7.7602e-004	 4.7655e-003	 5.3239e-003	 1.1900e-003	-1.8957e-001	 3.0000e+000	 8.8484e-001	 3.9909e+000	
 5.0000e-001	 6.0000e+000	 7.7976e+000	 1.5122e+001	 3.7616e-003	 7.8845e-004	 5.1277e-003	 5.3334e-003	 1.3686e-003	-1.8172e-001	 3.0000e+000	 8.8505e-001	 3.9917e+000	
 5.0000e-001	 7.0000e+000	 7.7750e+000	 1.5144e+001	 4.1161e-003	 7.8872e-004	 5.4886e-003	 5.3460e-003	 1.5463e-003	-1.7489e-001	 3.0000e+000	 8.8525e-001	 3.9924e+000	
 5.0000e-001	 8.0000e+000	 7.7665e+000	 1.5152e+001	 4.4404e-003	 7.7477e-004	 5.8490e-003	 5.3622e-003	 1.7225e-003	-1.6743e-001	 3.0000e+000	 8.8545e-001	 3.9930e+000	
 5.0000e-001	 9.0000e+000	 7.8623e+000	 1.5056e+001	 4.7524e-003	 6.3213e-004	 6.3327e-003	 5.3829e-003	 1.8972e-003	-1.4135e-001	 3.0000e+000	 8.8565e-001	 3.9951e+000	
 5.0000e-001	 1.0000e+001	 7.8822e+000	 1.5035e+001	 5.0105e-003	 5.9401e-004	 6.6843e-003	 5.4085e-003	 2.0688e-003	-1.3399e-001	 3.0000e+000	 8.8585e-001	 3.9956e+000	
 5.0000e-001	 1.1000e+001	 7.8987e+000	 1.5018e+001	 5.2382e-003	 5.6573e-004	 7.0101e-003	 5.4398e-003	 2.2368e-003	-1.2718e-001	 3.0000e+000	 8.8604e-001	 3.9960e+000	
 5.0000e-001	 1.2000e+001	 7.9140e+000	 1.5002e+001	 5.4318e-003	 5.4367e-004	 7.3104e-003	 5.4768e-003	 2.3998e-003	-1.2064e-001	 3.0000e+000	 8.8623e-001	 3.9964e+000	
 5.0000e-001	 1.3000e+001	 7.9651e+000	 1.4951e+001	 5.5963e-003	 4.9598e-004	 7.6176e-003	 5.5191e-003	 2.5559e-003	-1.0400e-001	 3.0000e+000	 8.8641e-001	 3.9973e+000	
 5.0000e-001	 1.4000e+001	 7.9832e+000	 1.4932e+001	 5.7198e-003	 4.7887e-004	 7.8652e-003	 5.5653e-003	 2.7016e-003	-9.7650e-002	 3.0000e+000	 8.8658e-001	 3.9976e+000	
 5.0000e-001	 1.5000e+001	 7.9984e+000	 1.4916e+001	 5.8136e-003	 4.6639e-004	 8.0774e-003	 5.6119e-003	 2.8310e-003	-9.1915e-002	 3.0000e+000	 8.8673e-001	 3.9978e+000	
 5.0000e-001	 1.6000e+001	 8.0102e+000	 1.4904e+001	 5.8765e-003	 4.5776e-004	 8.2383e-003	 5.6519e-003	 2.9319e-003	-8.7423e-002	 3.0000e+000	 8.8686e-001	 3.9981e+000	
 5.5000e-001	 1.0000e+000	 8.1627e+000	 1.4758e+001	 1.6072e-003	 5.9553e-004	 3.3368e-003	 5.3034e-003	 4.7708e-004	-2.5010e-001	 3.0000e+000	 8.8341e-001	 3.9834e+000	
 5.5000e-001	 2.0000e+000	 8.0200e+000	 1.4901e+001	 2.0881e-003	 6.9032e-004	 3.6583e-003	 5.3047e-003	 6.5227e-004	-2.2683e-001	 3.0000e+000	 8.8359e-001	 3.9854e+000	
 5.5000e-001	 3.0000e+000	 7.9080e+000	 1.5012e+001	 2.5691e-003	 7.6461e-004	 4.0040e-003	 5.3067e-003	 8.3071e-004	-2.1653e-001	 3.0000e+000	 8.8380e-001	 3.9870e+000	
 5.5000e-001	 4.0000e+000	 7.8314e+000	 1.5089e+001	 3.0234e-003	 8.1491e-004	 4.3629e-003	 5.3095e-003	 1.0114e-003	-2.0664e-001	 3.0000e+000	 8.8401e-001	 3.9883e+000	
 5.5000e-001	 5.0000e+000	 7.7756e+000	 1.5144e+001	 3.4447e-003	 8.5846e-004	 4.7126e-003	 5.3133e-003	 1.1921e-003	-1.9427e-001	 3.0000e+000	 8.8422e-001	 3.9896e+000	
 5.5000e-001	 6.0000e+000	 7.7373e+000	 1.5182e+001	 3.8437e-003	 8.7712e-004	 5.0763e-003	 5.3184e-003	 1.3724e-003	-1.8623e-001	 3.0000e+000	 8.8443e-001	 3.9905e+000	
 5.5000e-001	 7.0000e+000	 7.7118e+000	 1.5207e+001	 4.2186e-003	 8.8138e-004	 5.4425e-003	 5.3252e-003	 1.5520e-003	-1.7913e-001	 3.0000e+000	 8.8463e-001	 3.9912e+000	
 5.5000e-001	 8.0000e+000	 7.7001e+000	 1.5218e+001	 4.5683e-003	 8.6873e-004	 5.8129e-003	 5.3340e-003	 1.7305e-003	-1.7201e-001	 3.0000e+000	 8.8484e-001	 3.9919e+000	
 5.5000e-001	 9.0000e+000	 7.7803e+000	 1.5138e+001	 4.9172e-003	 7.1874e-004	 6.3204e-003	 5.3452e-003	 1.9079e-003	-1.5273e-001	 3.0000e+000	 8.8504e-001	 3.9941e+000	
 5.5000e-001	 1.0000e+001	 7.7982e+000	 1.5120e+001	 5.2154e-003	 6.7462e-004	 6.6957e-003	 5.3592e-003	 2.0830e-003	-1.4544e-001	 3.0000e+000	 8.8524e-001	 3.9947e+000	
 5.5000e-001	 1.1000e+001	 7.8129e+000	 1.5105e+001	 5.4853e-003	 6.4135e-004	 7.0447e-003	 5.3762e-003	 2.2553e-003	-1.3890e-001	 3.0000e+000	 8.8543e-001	 3.9951e+000	
 5.5000e-001	 1.2000e+001	 7.8261e+000	 1.5091e+001	 5.7247e-003	 6.1517e-004	 7.3688e-003	 5.3964e-003	 2.4234e-003	-1.3263e-001	 3.0000e+000	 8.8562e-001	 3.9956e+000	
 5.5000e-001	 1.3000e+001	 7.8728e+000	 1.5044e+001	 5.9401e-003	 5.6003e-004	 7.7053e-003	 5.4196e-003	 2.5855e-003	-1.1827e-001	 3.0000e+000	 8.8581e-001	 3.9965e+000	
 5.5000e-001	 1.4000e+001	 7.8895e+000	 1.5027e+001	 6.1143e-003	 5.3893e-004	 7.9789e-003	 5.4450e-003	 2.7382e-003	-1.1199e-001	 3.0000e+000	 8.8598e-001	 3.9969e+000	
 5.5000e-001	 1.5000e+001	 7.9029e+000	 1.5013e+001	 6.2566e-003	 5.2362e-004	 8.2165e-003	 5.4711e-003	 2.8762e-003	-1.0644e-001	 3.0000e+000	 8.8614e-001	 3.9972e+000	
 5.5000e-001	 1.6000e+001	 7.9129e+000	 1.5002e+001	 6.3641e-003	 5.1349e-004	 8.4070e-003	 5.4950e-003	 2.9910e-003	-1.0185e-001	 3.0000e+000	 8.8626e-001	 3.9974e+000	
 6.0000e-001	 1.0000e+000	 8.1258e+000	 1.4795e+001	 1.6482e-003	 6.3597e-004	 3.3284e-003	 5.3023e-003	 4.8907e-004	-2.4766e-001	 3.0000e+000	 8.8278e-001	 3.9818e+000	
 6.0000e-001	 2.0000e+000	 7.9800e+000	 1.4941e+001	 2.1088e-003	 7.3959e-004	 3.6149e-003	 5.3030e-003	 6.4858e-004	-2.3172e-001	 3.0000e+000	 8.8296e-001	 3.9838e+000	
 6.0000e-001	 3.0000e+000	 7.8644e+000	 1.5056e+001	 2.6038e-003	 8.2773e-004	 3.9569e-003	 5.3041e-003	 8.3074e-004	-2.1938e-001	 3.0000e+000	 8.8318e-001	 3.9856e+000	
 6.0000e-001	 4.0000e+000	 7.7850e+000	 1.5135e+001	 3.0670e-003	 8.8860e-004	 4.3096e-003	 5.3056e-003	 1.0119e-003	-2.0886e-001	 3.0000e+000	 8.8339e-001	 3.9869e+000	
 6.0000e-001	 5.0000e+000	 7.7261e+000	 1.5194e+001	 3.4981e-003	 9.4149e-004	 4.6540e-003	 5.3077e-003	 1.1926e-003	-1.9675e-001	 3.0000e+000	 8.8360e-001	 3.9883e+000	
 6.0000e-001	 6.0000e+000	 7.6851e+000	 1.5234e+001	 3.9086e-003	 9.6689e-004	 5.0158e-003	 5.3104e-003	 1.3732e-003	-1.8866e-001	 3.0000e+000	 8.8381e-001	 3.9893e+000	
 6.0000e-001	 7.0000e+000	 7.6572e+000	 1.5262e+001	 4.2979e-003	 9.7553e-004	 5.3840e-003	 5.3141e-003	 1.5535e-003	-1.8151e-001	 3.0000e+000	 8.8402e-001	 3.9900e+000	
 6.0000e-001	 8.0000e+000	 7.6431e+000	 1.5276e+001	 4.6666e-003	 9.6396e-004	 5.7620e-003	 5.3188e-003	 1.7333e-003	-1.7460e-001	 3.0000e+000	 8.8422e-001	 3.9908e+000	
 6.0000e-001	 9.0000e+000	 7.7076e+000	 1.5211e+001	 5.0449e-003	 8.1117e-004	 6.2861e-003	 5.3249e-003	 1.9123e-003	-1.6167e-001	 3.0000e+000	 8.8442e-001	 3.9931e+000	
 6.0000e-001	 1.0000e+001	 7.7233e+000	 1.5195e+001	 5.3752e-003	 7.6162e-004	 6.6818e-003	 5.3325e-003	 2.0896e-003	-1.5462e-001	 3.0000e+000	 8.8462e-001	 3.9937e+000	
 6.0000e-001	 1.1000e+001	 7.7360e+000	 1.5182e+001	 5.6795e-003	 7.2364e-004	 7.0514e-003	 5.3418e-003	 2.2644e-003	-1.4844e-001	 3.0000e+000	 8.8482e-001	 3.9942e+000	
 6.0000e-001	 1.2000e+001	 7.7475e+000	 1.5170e+001	 5.9560e-003	 6.9317e-004	 7.3968e-003	 5.3528e-003	 2.4356e-003	-1.4254e-001	 3.0000e+000	 8.8502e-001	 3.9947e+000	
 6.0000e-001	 1.3000e+001	 7.7887e+000	 1.5128e+001	 6.2151e-003	 6.3168e-004	 7.7598e-003	 5.3655e-003	 2.6012e-003	-1.3086e-001	 3.0000e+000	 8.8520e-001	 3.9957e+000	
 6.0000e-001	 1.4000e+001	 7.8041e+000	 1.5112e+001	 6.4315e-003	 6.0642e-004	 8.0566e-003	 5.3794e-003	 2.7576e-003	-1.2482e-001	 3.0000e+000	 8.8538e-001	 3.9961e+000	
 6.0000e-001	 1.5000e+001	 7.8160e+000	 1.5100e+001	 6.6126e-003	 5.8801e-004	 8.3131e-003	 5.3935e-003	 2.8980e-003	-1.1969e-001	 3.0000e+000	 8.8554e-001	 3.9964e+000	
 6.0000e-001	 1.6000e+001	 7.8247e+000	 1.5091e+001	 6.7464e-003	 5.7519e-004	 8.5082e-003	 5.4055e-003	 3.0075e-003	-1.1602e-001	 3.0000e+000	 8.8567e-001	 3.9967e+000	
 6.5000e-001	 1.0000e+000	 8.0923e+000	 1.4829e+001	 1.6397e-003	 6.6792e-004	 3.2819e-003	 5.3017e-003	 4.7905e-004	-2.6055e-001	 3.0000e+000	 8.8215e-001	 3.9801e+000	
 6.5000e-001	 2.0000e+000	 7.9426e+000	 1.4978e+001	 2.1307e-003	 7.8880e-004	 3.5793e-003	 5.3021e-003	 6.5165e-004	-2.3632e-001	 3.0000e+000	 8.8234e-001	 3.9823e+000	
 6.5000e-001	 3.0000e+000	 7.8246e+000	 1.5096e+001	 2.6282e-003	 8.8934e-004	 3.9081e-003	 5.3027e-003	 8.3200e-004	-2.2365e-001	 3.0000e+000	 8.8255e-001	 3.9841e+000	
 6.5000e-001	 4.0000e+000	 7.7431e+000	 1.5177e+001	 3.0979e-003	 9.6115e-004	 4.2532e-003	 5.3035e-003	 1.0136e-003	-2.1208e-001	 3.0000e+000	 8.8277e-001	 3.9855e+000	
 6.5000e-001	 5.0000e+000	 7.6818e+000	 1.5238e+001	 3.5368e-003	 1.0239e-003	 4.5915e-003	 5.3046e-003	 1.1947e-003	-1.9967e-001	 3.0000e+000	 8.8298e-001	 3.9870e+000	
 6.5000e-001	 6.0000e+000	 7.6386e+000	 1.5281e+001	 3.9559e-003	 1.0566e-003	 4.9497e-003	 5.3061e-003	 1.3754e-003	-1.9126e-001	 3.0000e+000	 8.8319e-001	 3.9880e+000	
 6.5000e-001	 7.0000e+000	 7.6086e+000	 1.5310e+001	 4.3560e-003	 1.0703e-003	 5.3174e-003	 5.3081e-003	 1.5556e-003	-1.8395e-001	 3.0000e+000	 8.8340e-001	 3.9888e+000	
 6.5000e-001	 8.0000e+000	 7.5917e+000	 1.5327e+001	 4.7388e-003	 1.0612e-003	 5.6988e-003	 5.3107e-003	 1.7353e-003	-1.7763e-001	 3.0000e+000	 8.8361e-001	 3.9896e+000	
 6.5000e-001	 9.0000e+000	 7.6438e+000	 1.5275e+001	 5.1406e-003	 9.0739e-004	 6.2343e-003	 5.3139e-003	 1.9145e-003	-1.6851e-001	 3.0000e+000	 8.8381e-001	 3.9920e+000	
 6.5000e-001	 1.0000e+001	 7.6565e+000	 1.5262e+001	 5.4960e-003	 8.5370e-004	 6.6456e-003	 5.3181e-003	 2.0922e-003	-1.6213e-001	 3.0000e+000	 8.8401e-001	 3.9926e+000	
 6.5000e-001	 1.1000e+001	 7.6672e+000	 1.5251e+001	 5.8281e-003	 8.1135e-004	 7.0322e-003	 5.3231e-003	 2.2679e-003	-1.5644e-001	 3.0000e+000	 8.8421e-001	 3.9932e+000	
 6.5000e-001	 1.2000e+001	 7.6770e+000	 1.5240e+001	 6.1352e-003	 7.7692e-004	 7.3955e-003	 5.3291e-003	 2.4403e-003	-1.5092e-001	 3.0000e+000	 8.8441e-001	 3.9937e+000	
 6.5000e-001	 1.3000e+001	 7.7126e+000	 1.5204e+001	 6.4299e-003	 7.0959e-004	 7.7808e-003	 5.3360e-003	 2.6075e-003	-1.4199e-001	 3.0000e+000	 8.8460e-001	 3.9948e+000	
 6.5000e-001	 1.4000e+001	 7.7265e+000	 1.5190e+001	 6.6812e-003	 6.8036e-004	 8.0975e-003	 5.3435e-003	 2.7655e-003	-1.3626e-001	 3.0000e+000	 8.8477e-001	 3.9952e+000	
 6.5000e-001	 1.5000e+001	 7.7371e+000	 1.5179e+001	 6.8961e-003	 6.5899e-004	 8.3730e-003	 5.3512e-003	 2.9084e-003	-1.3140e-001	 3.0000e+000	 8.8494e-001	 3.9956e+000	
 6.5000e-001	 1.6000e+001	 7.7446e+000	 1.5172e+001	 7.0634e-003	 6.4470e-004	 8.5913e-003	 5.3582e-003	 3.0252e-003	-1.2749e-001	 3.0000e+000	 8.8507e-001	 3.9959e+000	
 7.0000e-001	 1.0000e+000	 8.0656e+000	 1.4855e+001	 1.7101e-003	 7.1226e-004	 3.2905e-003	 5.3014e-003	 4.9693e-004	-2.4232e-001	 3.0000e+000	 8.8153e-001	 3.9784e+000	
 7.0000e-001	 2.0000e+000	 7.9122e+000	 1.5008e+001	 2.1571e-003	 8.3755e-004	 3.5418e-003	 5.3016e-003	 6.4998e-004	-2.3501e-001	 3.0000e+000	 8.8171e-001	 3.9807e+000	
 7.0000e-001	 3.0000e+000	 7.7915e+000	 1.5129e+001	 2.6591e-003	 9.5127e-004	 3.8610e-003	 5.3019e-003	 8.3174e-004	-2.2229e-001	 3.0000e+000	 8.8193e-001	 3.9826e+000	
 7.0000e-001	 4.0000e+000	 7.7077e+000	 1.5212e+001	 3.1295e-003	 1.0335e-003	 4.1945e-003	 5.3024e-003	 1.0121e-003	-2.1130e-001	 3.0000e+000	 8.8215e-001	 3.9841e+000	
 7.0000e-001	 5.0000e+000	 7.6440e+000	 1.5276e+001	 3.5712e-003	 1.1062e-003	 4.5238e-003	 5.3030e-003	 1.1928e-003	-1.9947e-001	 3.0000e+000	 8.8236e-001	 3.9857e+000	
 7.0000e-001	 6.0000e+000	 7.5987e+000	 1.5321e+001	 3.9964e-003	 1.1466e-003	 4.8773e-003	 5.3038e-003	 1.3738e-003	-1.9113e-001	 3.0000e+000	 8.8257e-001	 3.9867e+000	
 7.0000e-001	 7.0000e+000	 7.5666e+000	 1.5352e+001	 4.4043e-003	 1.1660e-003	 5.2433e-003	 5.3049e-003	 1.5547e-003	-1.8386e-001	 3.0000e+000	 8.8278e-001	 3.9876e+000	
 7.0000e-001	 8.0000e+000	 7.5467e+000	 1.5372e+001	 4.7986e-003	 1.1605e-003	 5.6270e-003	 5.3062e-003	 1.7351e-003	-1.7828e-001	 3.0000e+000	 8.8299e-001	 3.9884e+000	
 7.0000e-001	 9.0000e+000	 7.5884e+000	 1.5330e+001	 5.2155e-003	 1.0067e-003	 6.1699e-003	 5.3080e-003	 1.9148e-003	-1.7241e-001	 3.0000e+000	 8.8320e-001	 3.9909e+000	
 7.0000e-001	 1.0000e+001	 7.5978e+000	 1.5320e+001	 5.5904e-003	 9.5064e-004	 6.5928e-003	 5.3103e-003	 2.0931e-003	-1.6676e-001	 3.0000e+000	 8.8340e-001	 3.9915e+000	
 7.0000e-001	 1.1000e+001	 7.6062e+000	 1.5312e+001	 5.9447e-003	 9.0460e-004	 6.9936e-003	 5.3130e-003	 2.2693e-003	-1.6161e-001	 3.0000e+000	 8.8360e-001	 3.9921e+000	
 7.0000e-001	 1.2000e+001	 7.6142e+000	 1.5303e+001	 6.2765e-003	 8.6647e-004	 7.3721e-003	 5.3162e-003	 2.4422e-003	-1.5655e-001	 3.0000e+000	 8.8380e-001	 3.9927e+000	
 7.0000e-001	 1.3000e+001	 7.6445e+000	 1.5273e+001	 6.5999e-003	 7.9378e-004	 7.7762e-003	 5.3200e-003	 2.6100e-003	-1.5021e-001	 3.0000e+000	 8.8399e-001	 3.9938e+000	
 7.0000e-001	 1.4000e+001	 7.6568e+000	 1.5260e+001	 6.8803e-003	 7.6092e-004	 8.1103e-003	 5.3241e-003	 2.7690e-003	-1.4491e-001	 3.0000e+000	 8.8417e-001	 3.9943e+000	
 7.0000e-001	 1.5000e+001	 7.6662e+000	 1.5250e+001	 7.1228e-003	 7.3660e-004	 8.4019e-003	 5.3283e-003	 2.9130e-003	-1.4039e-001	 3.0000e+000	 8.8433e-001	 3.9947e+000	
 7.0000e-001	 1.6000e+001	 7.6726e+000	 1.5244e+001	 7.3107e-003	 7.2010e-004	 8.6299e-003	 5.3320e-003	 3.0286e-003	-1.3693e-001	 3.0000e+000	 8.8446e-001	 3.9950e+000	
 7.5000e-001	 1.0000e+000	 8.0339e+000	 1.4887e+001	 1.6707e-003	 7.3804e-004	 3.2308e-003	 5.3012e-003	 4.8282e-004	-2.6663e-001	 3.0000e+000	 8.8090e-001	 3.9767e+000	
 7.5000e-001	 2.0000e+000	 7.8806e+000	 1.5040e+001	 2.1645e-003	 8.8281e-004	 3.5026e-003	 5.3014e-003	 6.5252e-004	-2.4189e-001	 3.0000e+000	 8.8109e-001	 3.9791e+000	
 7.5000e-001	 3.0000e+000	 7.7587e+000	 1.5162e+001	 2.6713e-003	 1.0097e-003	 3.8112e-003	 5.3015e-003	 8.3453e-004	-2.2693e-001	 3.0000e+000	 8.8131e-001	 3.9812e+000	
 7.5000e-001	 4.0000e+000	 7.6737e+000	 1.5246e+001	 3.1480e-003	 1.1041e-003	 4.1373e-003	 5.3018e-003	 1.0165e-003	-2.1400e-001	 3.0000e+000	 8.8152e-001	 3.9827e+000	
 7.5000e-001	 5.0000e+000	 7.6085e+000	 1.5311e+001	 3.5945e-003	 1.1871e-003	 4.4584e-003	 5.3021e-003	 1.1972e-003	-2.0149e-001	 3.0000e+000	 8.8174e-001	 3.9844e+000	
 7.5000e-001	 6.0000e+000	 7.5615e+000	 1.5358e+001	 4.0229e-003	 1.2356e-003	 4.8044e-003	 5.3025e-003	 1.3773e-003	-1.9291e-001	 3.0000e+000	 8.8195e-001	 3.9854e+000	
 7.5000e-001	 7.0000e+000	 7.5276e+000	 1.5391e+001	 4.4357e-003	 1.2610e-003	 5.1654e-003	 5.3031e-003	 1.5569e-003	-1.8566e-001	 3.0000e+000	 8.8216e-001	 3.9864e+000	
 7.5000e-001	 8.0000e+000	 7.5052e+000	 1.5414e+001	 4.8365e-003	 1.2591e-003	 5.5474e-003	 5.3039e-003	 1.7362e-003	-1.8079e-001	 3.0000e+000	 8.8237e-001	 3.9872e+000	
 7.5000e-001	 9.0000e+000	 7.5387e+000	 1.5380e+001	 5.2666e-003	 1.1084e-003	 6.0925e-003	 5.3048e-003	 1.9151e-003	-1.7582e-001	 3.0000e+000	 8.8258e-001	 3.9897e+000	
 7.5000e-001	 1.0000e+001	 7.5449e+000	 1.5373e+001	 5.6563e-003	 1.0504e-003	 6.5238e-003	 5.3060e-003	 2.0930e-003	-1.7107e-001	 3.0000e+000	 8.8279e-001	 3.9904e+000	
 7.5000e-001	 1.1000e+001	 7.5511e+000	 1.5367e+001	 6.0279e-003	 1.0013e-003	 6.9355e-003	 5.3075e-003	 2.2691e-003	-1.6647e-001	 3.0000e+000	 8.8299e-001	 3.9910e+000	
 7.5000e-001	 1.2000e+001	 7.5574e+000	 1.5360e+001	 6.3796e-003	 9.5984e-004	 7.3267e-003	 5.3093e-003	 2.4421e-003	-1.6179e-001	 3.0000e+000	 8.8319e-001	 3.9916e+000	
 7.5000e-001	 1.3000e+001	 7.5828e+000	 1.5334e+001	 6.7260e-003	 8.8284e-004	 7.7459e-003	 5.3113e-003	 2.6101e-003	-1.5752e-001	 3.0000e+000	 8.8338e-001	 3.9928e+000	
 7.5000e-001	 1.4000e+001	 7.5936e+000	 1.5323e+001	 7.0300e-003	 8.4639e-004	 8.0944e-003	 5.3135e-003	 2.7691e-003	-1.5267e-001	 3.0000e+000	 8.8357e-001	 3.9933e+000	
 7.5000e-001	 1.5000e+001	 7.6018e+000	 1.5315e+001	 7.2937e-003	 8.1907e-004	 8.3980e-003	 5.3158e-003	 2.9124e-003	-1.4858e-001	 3.0000e+000	 8.8373e-001	 3.9937e+000	
 7.5000e-001	 1.6000e+001	 7.6073e+000	 1.5309e+001	 7.4990e-003	 8.0046e-004	 8.6352e-003	 5.3178e-003	 3.0273e-003	-1.4546e-001	 3.0000e+000	 8.8386e-001	 3.9941e+000	
 8.0000e-001	 1.0000e+000	 8.0125e+000	 1.4908e+001	 1.7046e-003	 7.7415e-004	 3.2156e-003	 5.3012e-003	 4.8685e-004	-2.5883e-001	 3.0000e+000	 8.8027e-001	 3.9750e+000	
 8.0000e-001	 2.0000e+000	 7.8551e+000	 1.5065e+001	 2.1794e-003	 9.2781e-004	 3.4629e-003	 5.3012e-003	 6.5039e-004	-2.4243e-001	 3.0000e+000	 8.8046e-001	 3.9775e+000	
 8.0000e-001	 3.0000e+000	 7.7314e+000	 1.5189e+001	 2.6872e-003	 1.0674e-003	 3.7592e-003	 5.3013e-003	 8.3238e-004	-2.2720e-001	 3.0000e+000	 8.8068e-001	 3.9797e+000	
 8.0000e-001	 4.0000e+000	 7.6447e+000	 1.5275e+001	 3.1619e-003	 1.1723e-003	 4.0723e-003	 5.3015e-003	 1.0129e-003	-2.1472e-001	 3.0000e+000	 8.8090e-001	 3.9813e+000	
 8.0000e-001	 5.0000e+000	 7.5776e+000	 1.5342e+001	 3.6095e-003	 1.2654e-003	 4.3841e-003	 5.3016e-003	 1.1939e-003	-2.0241e-001	 3.0000e+000	 8.8112e-001	 3.9830e+000	
 8.0000e-001	 6.0000e+000	 7.5288e+000	 1.5391e+001	 4.0414e-003	 1.3229e-003	 4.7238e-003	 5.3019e-003	 1.3750e-003	-1.9363e-001	 3.0000e+000	 8.8134e-001	 3.9842e+000	
 8.0000e-001	 7.0000e+000	 7.4931e+000	 1.5426e+001	 4.4589e-003	 1.3554e-003	 5.0811e-003	 5.3022e-003	 1.5559e-003	-1.8632e-001	 3.0000e+000	 8.8155e-001	 3.9851e+000	
 8.0000e-001	 8.0000e+000	 7.4692e+000	 1.5450e+001	 4.8670e-003	 1.3590e-003	 5.4619e-003	 5.3026e-003	 1.7361e-003	-1.8083e-001	 3.0000e+000	 8.8176e-001	 3.9860e+000	
 8.0000e-001	 9.0000e+000	 7.4942e+000	 1.5424e+001	 5.3033e-003	 1.2122e-003	 6.0066e-003	 5.3031e-003	 1.9155e-003	-1.7831e-001	 3.0000e+000	 8.8197e-001	 3.9885e+000	
 8.0000e-001	 1.0000e+001	 7.4976e+000	 1.5421e+001	 5.7044e-003	 1.1534e-003	 6.4442e-003	 5.3038e-003	 2.0935e-003	-1.7390e-001	 3.0000e+000	 8.8218e-001	 3.9892e+000	
 8.0000e-001	 1.1000e+001	 7.5017e+000	 1.5416e+001	 6.0898e-003	 1.1020e-003	 6.8646e-003	 5.3046e-003	 2.2693e-003	-1.6969e-001	 3.0000e+000	 8.8238e-001	 3.9899e+000	
 8.0000e-001	 1.2000e+001	 7.5064e+000	 1.5411e+001	 6.4570e-003	 1.0576e-003	 7.2658e-003	 5.3055e-003	 2.4421e-003	-1.6540e-001	 3.0000e+000	 8.8258e-001	 3.9905e+000	
 8.0000e-001	 1.3000e+001	 7.5274e+000	 1.5390e+001	 6.8223e-003	 9.7689e-004	 7.6973e-003	 5.3066e-003	 2.6097e-003	-1.6273e-001	 3.0000e+000	 8.8278e-001	 3.9917e+000	
 8.0000e-001	 1.4000e+001	 7.5366e+000	 1.5380e+001	 7.1458e-003	 9.3709e-004	 8.0587e-003	 5.3078e-003	 2.7689e-003	-1.5832e-001	 3.0000e+000	 8.8296e-001	 3.9922e+000	
 8.0000e-001	 1.5000e+001	 7.5437e+000	 1.5373e+001	 7.4307e-003	 9.0721e-004	 8.3765e-003	 5.3091e-003	 2.9138e-003	-1.5437e-001	 3.0000e+000	 8.8313e-001	 3.9927e+000	
 8.0000e-001	 1.6000e+001	 7.5484e+000	 1.5368e+001	 7.6558e-003	 8.8695e-004	 8.6274e-003	 5.3102e-003	 3.0313e-003	-1.5120e-001	 3.0000e+000	 8.8326e-001	 3.9931e+000	
 8.5000e-001	 1.0000e+000	 7.9872e+000	 1.4934e+001	 1.6953e-003	 8.0255e-004	 3.1806e-003	 5.3011e-003	 4.8497e-004	-2.7001e-001	 3.0000e+000	 8.7965e-001	 3.9733e+000	
 8.5000e-001	 2.0000e+000	 7.8306e+000	 1.5090e+001	 2.1837e-003	 9.6998e-004	 3.4223e-003	 5.3011e-003	 6.4987e-004	-2.4646e-001	 3.0000e+000	 8.7984e-001	 3.9759e+000	
 8.5000e-001	 3.0000e+000	 7.7057e+000	 1.5215e+001	 2.6936e-003	 1.1224e-003	 3.7071e-003	 5.3012e-003	 8.3202e-004	-2.2975e-001	 3.0000e+000	 8.8006e-001	 3.9782e+000	
 8.5000e-001	 4.0000e+000	 7.6177e+000	 1.5302e+001	 3.1720e-003	 1.2395e-003	 4.0109e-003	 5.3013e-003	 1.0137e-003	-2.1592e-001	 3.0000e+000	 8.8028e-001	 3.9799e+000	
 8.5000e-001	 5.0000e+000	 7.5493e+000	 1.5370e+001	 3.6216e-003	 1.3428e-003	 4.3130e-003	 5.3014e-003	 1.1943e-003	-2.0331e-001	 3.0000e+000	 8.8050e-001	 3.9817e+000	
 8.5000e-001	 6.0000e+000	 7.4990e+000	 1.5420e+001	 4.0544e-003	 1.4091e-003	 4.6435e-003	 5.3015e-003	 1.3747e-003	-1.9444e-001	 3.0000e+000	 8.8072e-001	 3.9829e+000	
 8.5000e-001	 7.0000e+000	 7.4616e+000	 1.5458e+001	 4.4738e-003	 1.4487e-003	 4.9941e-003	 5.3017e-003	 1.5550e-003	-1.8726e-001	 3.0000e+000	 8.8093e-001	 3.9839e+000	
 8.5000e-001	 8.0000e+000	 7.4359e+000	 1.5483e+001	 4.8845e-003	 1.4567e-003	 5.3713e-003	 5.3019e-003	 1.7348e-003	-1.8218e-001	 3.0000e+000	 8.8115e-001	 3.9848e+000	
 8.5000e-001	 9.0000e+000	 7.4545e+000	 1.5464e+001	 5.3272e-003	 1.3175e-003	 5.9112e-003	 5.3022e-003	 1.9141e-003	-1.7949e-001	 3.0000e+000	 8.8136e-001	 3.9873e+000	
 8.5000e-001	 1.0000e+001	 7.4550e+000	 1.5463e+001	 5.7365e-003	 1.2582e-003	 6.3534e-003	 5.3025e-003	 2.0921e-003	-1.7597e-001	 3.0000e+000	 8.8157e-001	 3.9881e+000	
 8.5000e-001	 1.1000e+001	 7.4570e+000	 1.5461e+001	 6.1321e-003	 1.2053e-003	 6.7805e-003	 5.3030e-003	 2.2682e-003	-1.7222e-001	 3.0000e+000	 8.8177e-001	 3.9887e+000	
 8.5000e-001	 1.2000e+001	 7.4602e+000	 1.5457e+001	 6.5122e-003	 1.1584e-003	 7.1907e-003	 5.3035e-003	 2.4412e-003	-1.6822e-001	 3.0000e+000	 8.8198e-001	 3.9894e+000	
 8.5000e-001	 1.3000e+001	 7.4772e+000	 1.5440e+001	 6.8907e-003	 1.0751e-003	 7.6314e-003	 5.3041e-003	 2.6091e-003	-1.6688e-001	 3.0000e+000	 8.8217e-001	 3.9906e+000	
 8.5000e-001	 1.4000e+001	 7.4850e+000	 1.5432e+001	 7.2299e-003	 1.0320e-003	 8.0033e-003	 5.3048e-003	 2.7679e-003	-1.6291e-001	 3.0000e+000	 8.8236e-001	 3.9912e+000	
 8.5000e-001	 1.5000e+001	 7.4909e+000	 1.5426e+001	 7.5266e-003	 9.9914e-004	 8.3276e-003	 5.3054e-003	 2.9107e-003	-1.5954e-001	 3.0000e+000	 8.8252e-001	 3.9916e+000	
 8.5000e-001	 1.6000e+001	 7.4949e+000	 1.5422e+001	 7.7559e-003	 9.7626e-004	 8.5780e-003	 5.3060e-003	 3.0232e-003	-1.5716e-001	 3.0000e+000	 8.8266e-001	 3.9920e+000	
 9.0000e-001	 1.0000e+000	 7.9692e+000	 1.4952e+001	 1.6945e-003	 8.2999e-004	 3.1454e-003	 5.3011e-003	 4.7755e-004	-2.7285e-001	 3.0000e+000	 8.7902e-001	 3.9715e+000	
 9.0000e-001	 2.0000e+000	 7.8087e+000	 1.5112e+001	 2.2003e-003	 1.0136e-003	 3.3902e-003	 5.3011e-003	 6.5301e-004	-2.4590e-001	 3.0000e+000	 8.7921e-001	 3.9743e+000	
 9.0000e-001	 3.0000e+000	 7.6829e+000	 1.5237e+001	 2.7028e-003	 1.1763e-003	 3.6569e-003	 5.3011e-003	 8.3133e-004	-2.3042e-001	 3.0000e+000	 8.7944e-001	 3.9766e+000	
 9.0000e-001	 4.0000e+000	 7.5935e+000	 1.5326e+001	 3.1790e-003	 1.3043e-003	 3.9479e-003	 5.3012e-003	 1.0120e-003	-2.1669e-001	 3.0000e+000	 8.7966e-001	 3.9785e+000	
 9.0000e-001	 5.0000e+000	 7.5239e+000	 1.5396e+001	 3.6287e-003	 1.4179e-003	 4.2400e-003	 5.3012e-003	 1.1929e-003	-2.0400e-001	 3.0000e+000	 8.7988e-001	 3.9803e+000	
 9.0000e-001	 6.0000e+000	 7.4721e+000	 1.5447e+001	 4.0625e-003	 1.4937e-003	 4.5619e-003	 5.3013e-003	 1.3737e-003	-1.9486e-001	 3.0000e+000	 8.8010e-001	 3.9816e+000	
 9.0000e-001	 7.0000e+000	 7.4333e+000	 1.5486e+001	 4.4836e-003	 1.5412e-003	 4.9055e-003	 5.3014e-003	 1.5542e-003	-1.8746e-001	 3.0000e+000	 8.8032e-001	 3.9826e+000	
 9.0000e-001	 8.0000e+000	 7.4064e+000	 1.5512e+001	 4.8971e-003	 1.5561e-003	 5.2773e-003	 5.3015e-003	 1.7341e-003	-1.8167e-001	 3.0000e+000	 8.8053e-001	 3.9835e+000	
 9.0000e-001	 9.0000e+000	 7.4181e+000	 1.5500e+001	 5.3406e-003	 1.4229e-003	 5.8115e-003	 5.3017e-003	 1.9132e-003	-1.8110e-001	 3.0000e+000	 8.8074e-001	 3.9861e+000	
 9.0000e-001	 1.0000e+001	 7.4164e+000	 1.5502e+001	 5.7562e-003	 1.3647e-003	 6.2553e-003	 5.3019e-003	 2.0910e-003	-1.7749e-001	 3.0000e+000	 8.8096e-001	 3.9869e+000	
 9.0000e-001	 1.1000e+001	 7.4165e+000	 1.5501e+001	 6.1595e-003	 1.3111e-003	 6.6865e-003	 5.3021e-003	 2.2668e-003	-1.7397e-001	 3.0000e+000	 8.8116e-001	 3.9876e+000	
 9.0000e-001	 1.2000e+001	 7.4181e+000	 1.5499e+001	 6.5485e-003	 1.2625e-003	 7.1024e-003	 5.3024e-003	 2.4395e-003	-1.7032e-001	 3.0000e+000	 8.8137e-001	 3.9882e+000	
 9.0000e-001	 1.3000e+001	 7.4319e+000	 1.5485e+001	 6.9383e-003	 1.1766e-003	 7.5509e-003	 5.3027e-003	 2.6070e-003	-1.6983e-001	 3.0000e+000	 8.8156e-001	 3.9894e+000	
 9.0000e-001	 1.4000e+001	 7.4382e+000	 1.5479e+001	 7.2900e-003	 1.1307e-003	 7.9319e-003	 5.3031e-003	 2.7661e-003	-1.6628e-001	 3.0000e+000	 8.8175e-001	 3.9900e+000	
 9.0000e-001	 1.5000e+001	 7.4430e+000	 1.5474e+001	 7.6023e-003	 1.0958e-003	 8.2679e-003	 5.3035e-003	 2.9108e-003	-1.6296e-001	 3.0000e+000	 8.8192e-001	 3.9905e+000	
 9.0000e-001	 1.6000e+001	 7.4462e+000	 1.5470e+001	 7.8571e-003	 1.0724e-003	 8.5399e-003	 5.3038e-003	 3.0319e-003	-1.5979e-001	 3.0000e+000	 8.8206e-001	 3.9909e+000	
 9.3333e-001	 1.0000e+000	 7.9587e+000	 1.4962e+001	 1.7453e-003	 8.5876e-004	 3.1592e-003	 5.3011e-003	 4.9480e-004	-2.5722e-001	 3.0000e+000	 8.7860e-001	 3.9704e+000	
 9.3333e-001	 2.0000e+000	 7.7968e+000	 1.5124e+001	 2.2007e-003	 1.0388e-003	 3.3589e-003	 5.3011e-003	 6.4689e-004	-2.4658e-001	 3.0000e+000	 8.7880e-001	 3.9732e+000	
 9.3333e-001	 3.0000e+000	 7.6699e+000	 1.5250e+001	 2.7084e-003	 1.2110e-003	 3.6222e-003	 5.3011e-003	 8.2851e-004	-2.2974e-001	 3.0000e+000	 8.7902e-001	 3.9756e+000	
 9.3333e-001	 4.0000e+000	 7.5794e+000	 1.5341e+001	 3.1846e-003	 1.3466e-003	 3.9057e-003	 5.3012e-003	 1.0095e-003	-2.1594e-001	 3.0000e+000	 8.7925e-001	 3.9775e+000	
 9.3333e-001	 5.0000e+000	 7.5088e+000	 1.5411e+001	 3.6345e-003	 1.4673e-003	 4.1915e-003	 5.3012e-003	 1.1910e-003	-2.0326e-001	 3.0000e+000	 8.7947e-001	 3.9794e+000	
 9.3333e-001	 6.0000e+000	 7.4561e+000	 1.5463e+001	 4.0690e-003	 1.5497e-003	 4.5077e-003	 5.3012e-003	 1.3723e-003	-1.9404e-001	 3.0000e+000	 8.7969e-001	 3.9807e+000	
 9.3333e-001	 7.0000e+000	 7.4163e+000	 1.5503e+001	 4.4906e-003	 1.6027e-003	 4.8463e-003	 5.3013e-003	 1.5530e-003	-1.8662e-001	 3.0000e+000	 8.7991e-001	 3.9818e+000	
 9.3333e-001	 8.0000e+000	 7.3884e+000	 1.5530e+001	 4.9051e-003	 1.6219e-003	 5.2144e-003	 5.3014e-003	 1.7330e-003	-1.8077e-001	 3.0000e+000	 8.8012e-001	 3.9827e+000	
 9.3333e-001	 9.0000e+000	 7.3964e+000	 1.5522e+001	 5.3493e-003	 1.4936e-003	 5.7440e-003	 5.3015e-003	 1.9122e-003	-1.8085e-001	 3.0000e+000	 8.8034e-001	 3.9853e+000	
 9.3333e-001	 1.0000e+001	 7.3931e+000	 1.5525e+001	 5.7668e-003	 1.4368e-003	 6.1875e-003	 5.3016e-003	 2.0901e-003	-1.7746e-001	 3.0000e+000	 8.8055e-001	 3.9861e+000	
 9.3333e-001	 1.1000e+001	 7.3919e+000	 1.5526e+001	 6.1739e-003	 1.3833e-003	 6.6205e-003	 5.3018e-003	 2.2659e-003	-1.7415e-001	 3.0000e+000	 8.8076e-001	 3.9868e+000	
 9.3333e-001	 1.2000e+001	 7.3924e+000	 1.5525e+001	 6.5676e-003	 1.3337e-003	 7.0397e-003	 5.3020e-003	 2.4387e-003	-1.7075e-001	 3.0000e+000	 8.8096e-001	 3.9874e+000	
 9.3333e-001	 1.3000e+001	 7.4042e+000	 1.5513e+001	 6.9641e-003	 1.2465e-003	 7.4929e-003	 5.3022e-003	 2.6062e-003	-1.7066e-001	 3.0000e+000	 8.8116e-001	 3.9887e+000	
 9.3333e-001	 1.4000e+001	 7.4096e+000	 1.5507e+001	 7.3215e-003	 1.1990e-003	 7.8782e-003	 5.3024e-003	 2.7652e-003	-1.6749e-001	 3.0000e+000	 8.8135e-001	 3.9893e+000	
 9.3333e-001	 1.5000e+001	 7.4137e+000	 1.5503e+001	 7.6391e-003	 1.1624e-003	 8.2176e-003	 5.3027e-003	 2.9091e-003	-1.6450e-001	 3.0000e+000	 8.8152e-001	 3.9898e+000	
 9.3333e-001	 1.6000e+001	 7.4164e+000	 1.5500e+001	 7.8904e-003	 1.1369e-003	 8.4846e-003	 5.3029e-003	 3.0248e-003	-1.6213e-001	 3.0000e+000	 8.8165e-001	 3.9902e+000	
 9.5000e-001	 1.0000e+000	 7.9296e+000	 1.4911e+001	 1.6237e-003	 1.0916e-003	 4.0739e-003	 7.8286e-003	 4.3940e-004	-2.3780e-001	 3.0000e+000	 8.7850e-001	 3.9698e+000	
 9.5000e-001	 2.0000e+000	 7.7746e+000	 1.5103e+001	 2.1260e-003	 1.2099e-003	 3.9075e-003	 6.8827e-003	 6.1318e-004	-2.3204e-001	 3.0000e+000	 8.7865e-001	 3.9726e+000	
 9.5000e-001	 3.0000e+000	 7.6585e+000	 1.5243e+001	 2.6737e-003	 1.3103e-003	 3.8751e-003	 6.0711e-003	 8.1309e-004	-2.1911e-001	 3.0000e+000	 8.7884e-001	 3.9751e+000	
 9.5000e-001	 4.0000e+000	 7.5680e+000	 1.5344e+001	 3.1678e-003	 1.4052e-003	 4.0037e-003	 5.6426e-003	 1.0037e-003	-2.1386e-001	 3.0000e+000	 8.7905e-001	 3.9770e+000	
 9.5000e-001	 5.0000e+000	 7.4998e+000	 1.5416e+001	 3.6282e-003	 1.5078e-003	 4.2187e-003	 5.4480e-003	 1.1884e-003	-2.0228e-001	 3.0000e+000	 8.7927e-001	 3.9790e+000	
 9.5000e-001	 6.0000e+000	 7.4476e+000	 1.5470e+001	 4.0661e-003	 1.5837e-003	 4.5018e-003	 5.3633e-003	 1.3707e-003	-1.9381e-001	 3.0000e+000	 8.7948e-001	 3.9802e+000	
 9.5000e-001	 7.0000e+000	 7.4076e+000	 1.5511e+001	 4.4891e-003	 1.6353e-003	 4.8248e-003	 5.3273e-003	 1.5519e-003	-1.8677e-001	 3.0000e+000	 8.7970e-001	 3.9813e+000	
 9.5000e-001	 8.0000e+000	 7.3792e+000	 1.5539e+001	 4.9037e-003	 1.6543e-003	 5.1858e-003	 5.3122e-003	 1.7321e-003	-1.8144e-001	 3.0000e+000	 8.7992e-001	 3.9823e+000	
 9.5000e-001	 9.0000e+000	 7.3860e+000	 1.5532e+001	 5.3500e-003	 1.5295e-003	 5.7099e-003	 5.3060e-003	 1.9115e-003	-1.8082e-001	 3.0000e+000	 8.8013e-001	 3.9849e+000	
 9.5000e-001	 1.0000e+001	 7.3818e+000	 1.5536e+001	 5.7687e-003	 1.4729e-003	 6.1526e-003	 5.3034e-003	 2.0895e-003	-1.7780e-001	 3.0000e+000	 8.8035e-001	 3.9857e+000	
 9.5000e-001	 1.1000e+001	 7.3799e+000	 1.5538e+001	 6.1772e-003	 1.4194e-003	 6.5859e-003	 5.3024e-003	 2.2654e-003	-1.7460e-001	 3.0000e+000	 8.8056e-001	 3.9864e+000	
 9.5000e-001	 1.2000e+001	 7.3800e+000	 1.5538e+001	 6.5738e-003	 1.3694e-003	 7.0067e-003	 5.3021e-003	 2.4382e-003	-1.7120e-001	 3.0000e+000	 8.8076e-001	 3.9871e+000	
 9.5000e-001	 1.3000e+001	 7.3908e+000	 1.5527e+001	 6.9713e-003	 1.2818e-003	 7.4608e-003	 5.3021e-003	 2.6059e-003	-1.7143e-001	 3.0000e+000	 8.8096e-001	 3.9883e+000	
 9.5000e-001	 1.4000e+001	 7.3957e+000	 1.5521e+001	 7.3326e-003	 1.2334e-003	 7.8488e-003	 5.3023e-003	 2.7648e-003	-1.6829e-001	 3.0000e+000	 8.8115e-001	 3.9889e+000	
 9.5000e-001	 1.5000e+001	 7.3995e+000	 1.5517e+001	 7.6518e-003	 1.1959e-003	 8.1891e-003	 5.3024e-003	 2.9079e-003	-1.6550e-001	 3.0000e+000	 8.8132e-001	 3.9894e+000	
 9.5000e-001	 1.6000e+001	 7.4020e+000	 1.5515e+001	 7.8981e-003	 1.1691e-003	 8.4510e-003	 5.3026e-003	 3.0197e-003	-1.6374e-001	 3.0000e+000	 8.8145e-001	 3.9898e+000	
 1.0000e+000	 1.0000e+000	 7.9994e+000	 1.4705e+001	 1.4376e-003	 1.1811e-003	 4.6034e-003	 9.5147e-003	 3.0834e-004	-1.9833e-001	 3.0000e+000	 8.7836e-001	 3.9684e+000	
 1.0000e+000	 2.0000e+000	 7.8127e+000	 1.4937e+001	 1.9125e-003	 1.4062e-003	 4.5797e-003	 9.1549e-003	 4.5217e-004	-1.8913e-001	 3.0000e+000	 8.7844e-001	 3.9712e+000	
 1.0000e+000	 3.0000e+000	 7.6670e+000	 1.5124e+001	 2.4233e-003	 1.5853e-003	 4.5947e-003	 8.6765e-003	 6.3017e-004	-1.8585e-001	 3.0000e+000	 8.7855e-001	 3.9738e+000	
 1.0000e+000	 4.0000e+000	 7.5618e+000	 1.5263e+001	 2.9280e-003	 1.7016e-003	 4.6559e-003	 8.1317e-003	 8.2765e-004	-1.8460e-001	 3.0000e+000	 8.7868e-001	 3.9757e+000	
 1.0000e+000	 5.0000e+000	 7.4832e+000	 1.5368e+001	 3.4180e-003	 1.7869e-003	 4.7418e-003	 7.5677e-003	 1.0359e-003	-1.8164e-001	 3.0000e+000	 8.7883e-001	 3.9776e+000	
 1.0000e+000	 6.0000e+000	 7.4266e+000	 1.5444e+001	 3.8951e-003	 1.8286e-003	 4.8826e-003	 7.0304e-003	 1.2484e-003	-1.7863e-001	 3.0000e+000	 8.7899e-001	 3.9790e+000	
 1.0000e+000	 7.0000e+000	 7.3842e+000	 1.5502e+001	 4.3588e-003	 1.8436e-003	 5.0746e-003	 6.5584e-003	 1.4597e-003	-1.7611e-001	 3.0000e+000	 8.7917e-001	 3.9801e+000	
 1.0000e+000	 8.0000e+000	 7.3540e+000	 1.5543e+001	 4.8103e-003	 1.8316e-003	 5.3267e-003	 6.1740e-003	 1.6661e-003	-1.7410e-001	 3.0000e+000	 8.7936e-001	 3.9811e+000	
 1.0000e+000	 9.0000e+000	 7.3556e+000	 1.5549e+001	 5.2833e-003	 1.6822e-003	 5.7664e-003	 5.8816e-003	 1.8662e-003	-1.7718e-001	 3.0000e+000	 8.7955e-001	 3.9836e+000	
 1.0000e+000	 1.0000e+001	 7.3494e+000	 1.5560e+001	 5.7271e-003	 1.6094e-003	 6.1497e-003	 5.6725e-003	 2.0593e-003	-1.7573e-001	 3.0000e+000	 8.7975e-001	 3.9845e+000	
 1.0000e+000	 1.1000e+001	 7.3459e+000	 1.5567e+001	 6.1551e-003	 1.5448e-003	 6.5439e-003	 5.5306e-003	 2.2458e-003	-1.7379e-001	 3.0000e+000	 8.7996e-001	 3.9852e+000	
 1.0000e+000	 1.2000e+001	 7.3446e+000	 1.5570e+001	 6.5668e-003	 1.4871e-003	 6.9410e-003	 5.4386e-003	 2.4254e-003	-1.7133e-001	 3.0000e+000	 8.8016e-001	 3.9859e+000	
 1.0000e+000	 1.3000e+001	 7.3531e+000	 1.5562e+001	 6.9765e-003	 1.3936e-003	 7.3826e-003	 5.3815e-003	 2.5972e-003	-1.7243e-001	 3.0000e+000	 8.8036e-001	 3.9871e+000	
 1.0000e+000	 1.4000e+001	 7.3567e+000	 1.5559e+001	 7.3489e-003	 1.3411e-003	 7.7655e-003	 5.3472e-003	 2.7585e-003	-1.6987e-001	 3.0000e+000	 8.8055e-001	 3.9877e+000	
 1.0000e+000	 1.5000e+001	 7.3595e+000	 1.5557e+001	 7.6790e-003	 1.3005e-003	 8.1063e-003	 5.3273e-003	 2.9036e-003	-1.6739e-001	 3.0000e+000	 8.8072e-001	 3.9883e+000	
 1.0000e+000	 1.6000e+001	 7.3613e+000	 1.5555e+001	 7.9444e-003	 1.2727e-003	 8.3798e-003	 5.3164e-003	 3.0221e-003	-1.6502e-001	 3.0000e+000	 8.8085e-001	 3.9887e+000	
 1.0500e+000	 1.0000e+000	 8.1054e+000	 1.4498e+001	 1.3181e-003	 1.1530e-003	 4.6901e-003	 9.9231e-003	 2.2257e-004	-1.4281e-001	 3.0000e+000	 8.7831e-001	 3.9671e+000	
 1.0500e+000	 2.0000e+000	 7.9003e+000	 1.4749e+001	 1.7187e-003	 1.4047e-003	 4.6657e-003	 9.7766e-003	 3.2278e-004	-1.4890e-001	 3.0000e+000	 8.7836e-001	 3.9700e+000	
 1.0500e+000	 3.0000e+000	 7.7344e+000	 1.4960e+001	 2.1914e-003	 1.6311e-003	 4.7044e-003	 9.5610e-003	 4.5931e-004	-1.4997e-001	 3.0000e+000	 8.7843e-001	 3.9725e+000	
 1.0500e+000	 4.0000e+000	 7.6119e+000	 1.5121e+001	 2.6643e-003	 1.7974e-003	 4.7982e-003	 9.2927e-003	 6.1706e-004	-1.5222e-001	 3.0000e+000	 8.7852e-001	 3.9745e+000	
 1.0500e+000	 5.0000e+000	 7.5180e+000	 1.5248e+001	 3.1328e-003	 1.9267e-003	 4.9211e-003	 8.9720e-003	 7.9545e-004	-1.5297e-001	 3.0000e+000	 8.7862e-001	 3.9765e+000	
 1.0500e+000	 6.0000e+000	 7.4484e+000	 1.5346e+001	 3.5992e-003	 2.0042e-003	 5.0898e-003	 8.6059e-003	 9.9149e-004	-1.5272e-001	 3.0000e+000	 8.7872e-001	 3.9778e+000	
 1.0500e+000	 7.0000e+000	 7.3952e+000	 1.5424e+001	 4.0647e-003	 2.0418e-003	 5.2953e-003	 8.2071e-003	 1.2013e-003	-1.5276e-001	 3.0000e+000	 8.7885e-001	 3.9789e+000	
 1.0500e+000	 8.0000e+000	 7.3556e+000	 1.5484e+001	 4.5311e-003	 2.0385e-003	 5.5432e-003	 7.7922e-003	 1.4202e-003	-1.5372e-001	 3.0000e+000	 8.7898e-001	 3.9799e+000	
 1.0500e+000	 9.0000e+000	 7.3453e+000	 1.5512e+001	 5.0255e-003	 1.8841e-003	 5.9622e-003	 7.3799e-003	 1.6436e-003	-1.6152e-001	 3.0000e+000	 8.7913e-001	 3.9824e+000	
 1.0500e+000	 1.0000e+001	 7.3323e+000	 1.5539e+001	 5.5020e-003	 1.7992e-003	 6.3130e-003	 6.9884e-003	 1.8670e-003	-1.6312e-001	 3.0000e+000	 8.7929e-001	 3.9833e+000	
 1.0500e+000	 1.1000e+001	 7.3237e+000	 1.5559e+001	 5.9687e-003	 1.7188e-003	 6.6683e-003	 6.6327e-003	 2.0863e-003	-1.6404e-001	 3.0000e+000	 8.7946e-001	 3.9840e+000	
 1.0500e+000	 1.2000e+001	 7.3183e+000	 1.5573e+001	 6.4202e-003	 1.6454e-003	 7.0243e-003	 6.3231e-003	 2.2981e-003	-1.6414e-001	 3.0000e+000	 8.7963e-001	 3.9847e+000	
 1.0500e+000	 1.3000e+001	 7.3227e+000	 1.5576e+001	 6.8691e-003	 1.5366e-003	 7.4292e-003	 6.0648e-003	 2.4990e-003	-1.6750e-001	 3.0000e+000	 8.7981e-001	 3.9859e+000	
 1.0500e+000	 1.4000e+001	 7.3238e+000	 1.5580e+001	 7.2752e-003	 1.4727e-003	 7.7790e-003	 5.8584e-003	 2.6849e-003	-1.6670e-001	 3.0000e+000	 8.7998e-001	 3.9865e+000	
 1.0500e+000	 1.5000e+001	 7.3248e+000	 1.5582e+001	 7.6347e-003	 1.4233e-003	 8.0943e-003	 5.7018e-003	 2.8494e-003	-1.6545e-001	 3.0000e+000	 8.8014e-001	 3.9871e+000	
 1.0500e+000	 1.6000e+001	 7.3255e+000	 1.5584e+001	 7.9180e-003	 1.3890e-003	 8.3466e-003	 5.5944e-003	 2.9794e-003	-1.6420e-001	 3.0000e+000	 8.8027e-001	 3.9875e+000	
 1.1000e+000	 1.0000e+000	 8.2045e+000	 1.4309e+001	 1.1373e-003	 1.0925e-003	 4.6709e-003	 1.0075e-002	 1.5713e-004	-1.3125e-001	 3.0000e+000	 8.7828e-001	 3.9660e+000	
 1.1000e+000	 2.0000e+000	 7.9897e+000	 1.4571e+001	 1.5175e-003	 1.3555e-003	 4.6384e-003	 1.0009e-002	 2.3086e-004	-1.2747e-001	 3.0000e+000	 8.7833e-001	 3.9689e+000	
 1.1000e+000	 3.0000e+000	 7.8125e+000	 1.4794e+001	 1.9468e-003	 1.6009e-003	 4.6572e-003	 9.9081e-003	 3.3056e-004	-1.2834e-001	 3.0000e+000	 8.7838e-001	 3.9715e+000	
 1.1000e+000	 4.0000e+000	 7.6789e+000	 1.4969e+001	 2.3845e-003	 1.7928e-003	 4.7376e-003	 9.7763e-003	 4.5002e-004	-1.3077e-001	 3.0000e+000	 8.7845e-001	 3.9734e+000	
 1.1000e+000	 5.0000e+000	 7.5742e+000	 1.5110e+001	 2.8241e-003	 1.9477e-003	 4.8586e-003	 9.6102e-003	 5.8924e-004	-1.3277e-001	 3.0000e+000	 8.7852e-001	 3.9754e+000	
 1.1000e+000	 6.0000e+000	 7.4952e+000	 1.5221e+001	 3.2658e-003	 2.0539e-003	 5.0309e-003	 9.4073e-003	 7.4824e-004	-1.3313e-001	 3.0000e+000	 8.7859e-001	 3.9768e+000	
 1.1000e+000	 7.0000e+000	 7.4332e+000	 1.5312e+001	 3.7112e-003	 2.1188e-003	 5.2465e-003	 9.1674e-003	 9.2599e-004	-1.3376e-001	 3.0000e+000	 8.7868e-001	 3.9779e+000	
 1.1000e+000	 8.0000e+000	 7.3853e+000	 1.5386e+001	 4.1636e-003	 2.1402e-003	 5.5088e-003	 8.8930e-003	 1.1206e-003	-1.3534e-001	 3.0000e+000	 8.7877e-001	 3.9789e+000	
 1.1000e+000	 9.0000e+000	 7.3637e+000	 1.5430e+001	 4.6481e-003	 2.0137e-003	 5.9342e-003	 8.5888e-003	 1.3295e-003	-1.4418e-001	 3.0000e+000	 8.7888e-001	 3.9814e+000	
 1.1000e+000	 1.0000e+001	 7.3422e+000	 1.5472e+001	 5.1274e-003	 1.9407e-003	 6.3033e-003	 8.2625e-003	 1.5491e-003	-1.4734e-001	 3.0000e+000	 8.7899e-001	 3.9822e+000	
 1.1000e+000	 1.1000e+001	 7.3259e+000	 1.5506e+001	 5.6069e-003	 1.8658e-003	 6.6749e-003	 7.9235e-003	 1.7754e-003	-1.5012e-001	 3.0000e+000	 8.7912e-001	 3.9829e+000	
 1.1000e+000	 1.2000e+001	 7.3137e+000	 1.5533e+001	 6.0814e-003	 1.7931e-003	 7.0427e-003	 7.5831e-003	 2.0036e-003	-1.5221e-001	 3.0000e+000	 8.7925e-001	 3.9836e+000	
 1.1000e+000	 1.3000e+001	 7.3109e+000	 1.5549e+001	 6.5570e-003	 1.6809e-003	 7.4522e-003	 7.2533e-003	 2.2280e-003	-1.5816e-001	 3.0000e+000	 8.7939e-001	 3.9848e+000	
 1.1000e+000	 1.4000e+001	 7.3066e+000	 1.5564e+001	 6.9988e-003	 1.6121e-003	 7.8022e-003	 6.9470e-003	 2.4414e-003	-1.5936e-001	 3.0000e+000	 8.7952e-001	 3.9854e+000	
 1.1000e+000	 1.5000e+001	 7.3034e+000	 1.5576e+001	 7.3927e-003	 1.5572e-003	 8.1122e-003	 6.6794e-003	 2.6334e-003	-1.6005e-001	 3.0000e+000	 8.7966e-001	 3.9859e+000	
 1.1000e+000	 1.6000e+001	 7.3011e+000	 1.5585e+001	 7.7053e-003	 1.5181e-003	 8.3570e-003	 6.4718e-003	 2.7867e-003	-1.6031e-001	 3.0000e+000	 8.7977e-001	 3.9864e+000	
 1.1500e+000	 1.0000e+000	 8.3109e+000	 1.4118e+001	 1.0204e-003	 1.0345e-003	 4.6580e-003	 1.0141e-002	 1.1196e-004	-9.7598e-002	 3.0000e+000	 8.7827e-001	 3.9650e+000	
 1.1500e+000	 2.0000e+000	 8.0806e+000	 1.4396e+001	 1.3543e-003	 1.2986e-003	 4.5981e-003	 1.0108e-002	 1.6558e-004	-1.0348e-001	 3.0000e+000	 8.7831e-001	 3.9680e+000	
 1.1500e+000	 3.0000e+000	 7.8949e+000	 1.4629e+001	 1.7386e-003	 1.5510e-003	 4.5858e-003	 1.0059e-002	 2.3813e-004	-1.0591e-001	 3.0000e+000	 8.7836e-001	 3.9706e+000	
 1.1500e+000	 4.0000e+000	 7.7539e+000	 1.4812e+001	 2.1337e-003	 1.7544e-003	 4.6346e-003	 9.9930e-003	 3.2574e-004	-1.0917e-001	 3.0000e+000	 8.7841e-001	 3.9725e+000	
 1.1500e+000	 5.0000e+000	 7.6408e+000	 1.4964e+001	 2.5383e-003	 1.9221e-003	 4.7309e-003	 9.9074e-003	 4.3024e-004	-1.1307e-001	 3.0000e+000	 8.7847e-001	 3.9745e+000	
 1.1500e+000	 6.0000e+000	 7.5543e+000	 1.5085e+001	 2.9479e-003	 2.0447e-003	 4.8812e-003	 9.7989e-003	 5.5253e-004	-1.1437e-001	 3.0000e+000	 8.7853e-001	 3.9758e+000	
 1.1500e+000	 7.0000e+000	 7.4860e+000	 1.5185e+001	 3.3644e-003	 2.1272e-003	 5.0806e-003	 9.6651e-003	 6.9302e-004	-1.1537e-001	 3.0000e+000	 8.7859e-001	 3.9770e+000	
 1.1500e+000	 8.0000e+000	 7.4324e+000	 1.5268e+001	 3.7907e-003	 2.1672e-003	 5.3317e-003	 9.5042e-003	 8.5155e-004	-1.1660e-001	 3.0000e+000	 8.7866e-001	 3.9779e+000	
 1.1500e+000	 9.0000e+000	 7.4002e+000	 1.5326e+001	 4.2469e-003	 2.0704e-003	 5.7381e-003	 9.3156e-003	 1.0273e-003	-1.2752e-001	 3.0000e+000	 8.7874e-001	 3.9804e+000	
 1.1500e+000	 1.0000e+001	 7.3734e+000	 1.5377e+001	 4.7065e-003	 2.0138e-003	 6.1082e-003	 9.1003e-003	 1.2186e-003	-1.3004e-001	 3.0000e+000	 8.7882e-001	 3.9812e+000	
 1.1500e+000	 1.1000e+001	 7.3508e+000	 1.5421e+001	 5.1732e-003	 1.9511e-003	 6.4888e-003	 8.8610e-003	 1.4229e-003	-1.3360e-001	 3.0000e+000	 8.7891e-001	 3.9819e+000	
 1.1500e+000	 1.2000e+001	 7.3325e+000	 1.5459e+001	 5.6421e-003	 1.8876e-003	 6.8712e-003	 8.6026e-003	 1.6365e-003	-1.3671e-001	 3.0000e+000	 8.7901e-001	 3.9825e+000	
 1.1500e+000	 1.3000e+001	 7.3227e+000	 1.5486e+001	 6.1196e-003	 1.7834e-003	 7.2970e-003	 8.3325e-003	 1.8543e-003	-1.4400e-001	 3.0000e+000	 8.7911e-001	 3.9837e+000	
 1.1500e+000	 1.4000e+001	 7.3128e+000	 1.5511e+001	 6.5712e-003	 1.7187e-003	 7.6666e-003	 8.0614e-003	 2.0690e-003	-1.4661e-001	 3.0000e+000	 8.7921e-001	 3.9843e+000	
 1.1500e+000	 1.5000e+001	 7.3046e+000	 1.5532e+001	 6.9840e-003	 1.6667e-003	 7.9974e-003	 7.8049e-003	 2.2697e-003	-1.4843e-001	 3.0000e+000	 8.7931e-001	 3.9848e+000	
 1.1500e+000	 1.6000e+001	 7.2983e+000	 1.5547e+001	 7.3191e-003	 1.6296e-003	 8.2611e-003	 7.5914e-003	 2.4355e-003	-1.4949e-001	 3.0000e+000	 8.7939e-001	 3.9852e+000	
 1.2000e+000	 1.0000e+000	 8.4088e+000	 1.3939e+001	 8.9100e-004	 9.7473e-004	 4.6365e-003	 1.0170e-002	 8.0578e-005	-8.6856e-002	 3.0000e+000	 8.7827e-001	 3.9642e+000	
 1.2000e+000	 2.0000e+000	 8.1666e+000	 1.4229e+001	 1.1974e-003	 1.2370e-003	 4.5571e-003	 1.0155e-002	 1.1822e-004	-9.1504e-002	 3.0000e+000	 8.7830e-001	 3.9671e+000	
 1.2000e+000	 3.0000e+000	 7.9735e+000	 1.4470e+001	 1.5456e-003	 1.4918e-003	 4.5169e-003	 1.0130e-002	 1.7110e-004	-9.2887e-002	 3.0000e+000	 8.7835e-001	 3.9698e+000	
 1.2000e+000	 4.0000e+000	 7.8280e+000	 1.4659e+001	 1.9029e-003	 1.7010e-003	 4.5339e-003	 1.0096e-002	 2.3551e-004	-9.4371e-002	 3.0000e+000	 8.7839e-001	 3.9717e+000	
 1.2000e+000	 5.0000e+000	 7.7084e+000	 1.4818e+001	 2.2726e-003	 1.8756e-003	 4.5991e-003	 1.0051e-002	 3.1285e-004	-9.9195e-002	 3.0000e+000	 8.7844e-001	 3.9737e+000	
 1.2000e+000	 6.0000e+000	 7.6167e+000	 1.4947e+001	 2.6490e-003	 2.0077e-003	 4.7180e-003	 9.9933e-003	 4.0461e-004	-1.0040e-001	 3.0000e+000	 8.7849e-001	 3.9750e+000	
 1.2000e+000	 7.0000e+000	 7.5434e+000	 1.5054e+001	 3.0338e-003	 2.1008e-003	 4.8879e-003	 9.9201e-003	 5.1179e-004	-1.0152e-001	 3.0000e+000	 8.7854e-001	 3.9761e+000	
 1.2000e+000	 8.0000e+000	 7.4852e+000	 1.5143e+001	 3.4297e-003	 2.1520e-003	 5.1127e-003	 9.8295e-003	 6.3507e-004	-1.0288e-001	 3.0000e+000	 8.7860e-001	 3.9771e+000	
 1.2000e+000	 9.0000e+000	 7.4464e+000	 1.5211e+001	 3.8531e-003	 2.0825e-003	 5.4786e-003	 9.7199e-003	 7.7462e-004	-1.1293e-001	 3.0000e+000	 8.7866e-001	 3.9795e+000	
 1.2000e+000	 1.0000e+001	 7.4151e+000	 1.5268e+001	 4.2832e-003	 2.0385e-003	 5.8283e-003	 9.5903e-003	 9.3003e-004	-1.1529e-001	 3.0000e+000	 8.7872e-001	 3.9803e+000	
 1.2000e+000	 1.1000e+001	 7.3883e+000	 1.5319e+001	 4.7231e-003	 1.9865e-003	 6.1954e-003	 9.4406e-003	 1.1000e-003	-1.1871e-001	 3.0000e+000	 8.7879e-001	 3.9809e+000	
 1.2000e+000	 1.2000e+001	 7.3660e+000	 1.5364e+001	 5.1699e-003	 1.9316e-003	 6.5718e-003	 9.2725e-003	 1.2822e-003	-1.2191e-001	 3.0000e+000	 8.7886e-001	 3.9816e+000	
 1.2000e+000	 1.3000e+001	 7.3513e+000	 1.5398e+001	 5.6264e-003	 1.8375e-003	 6.9928e-003	 9.0896e-003	 1.4723e-003	-1.2958e-001	 3.0000e+000	 8.7894e-001	 3.9827e+000	
 1.2000e+000	 1.4000e+001	 7.3372e+000	 1.5430e+001	 6.0642e-003	 1.7785e-003	 7.3668e-003	 8.8994e-003	 1.6636e-003	-1.3282e-001	 3.0000e+000	 8.7901e-001	 3.9833e+000	
 1.2000e+000	 1.5000e+001	 7.3253e+000	 1.5457e+001	 6.4636e-003	 1.7307e-003	 7.7024e-003	 8.7152e-003	 1.8438e-003	-1.3566e-001	 3.0000e+000	 8.7909e-001	 3.9838e+000	
 1.2000e+000	 1.6000e+001	 7.3161e+000	 1.5477e+001	 6.7817e-003	 1.6958e-003	 7.9666e-003	 8.5623e-003	 1.9905e-003	-1.3812e-001	 3.0000e+000	 8.7915e-001	 3.9842e+000	
 1.2500e+000	 1.0000e+000	 8.5128e+000	 1.3753e+001	 7.8760e-004	 9.1822e-004	 4.6248e-003	 1.0185e-002	 5.6719e-005	-6.6912e-002	 3.0000e+000	 8.7826e-001	 3.9634e+000	
 1.2500e+000	 2.0000e+000	 8.2516e+000	 1.4065e+001	 1.0735e-003	 1.1805e-003	 4.5301e-003	 1.0176e-002	 8.5572e-005	-7.4901e-002	 3.0000e+000	 8.7830e-001	 3.9664e+000	
 1.2500e+000	 3.0000e+000	 8.0501e+000	 1.4315e+001	 1.3849e-003	 1.4338e-003	 4.4639e-003	 1.0164e-002	 1.2336e-004	-7.9642e-002	 3.0000e+000	 8.7834e-001	 3.9690e+000	
 1.2500e+000	 4.0000e+000	 7.9003e+000	 1.4509e+001	 1.7048e-003	 1.6448e-003	 4.4508e-003	 1.0146e-002	 1.7014e-004	-8.1520e-002	 3.0000e+000	 8.7838e-001	 3.9710e+000	
 1.2500e+000	 5.0000e+000	 7.7768e+000	 1.4673e+001	 2.0397e-003	 1.8225e-003	 4.4855e-003	 1.0123e-002	 2.2684e-004	-8.6108e-002	 3.0000e+000	 8.7843e-001	 3.9729e+000	
 1.2500e+000	 6.0000e+000	 7.6806e+000	 1.4807e+001	 2.3828e-003	 1.9607e-003	 4.5714e-003	 1.0092e-002	 2.9473e-004	-8.7677e-002	 3.0000e+000	 8.7847e-001	 3.9743e+000	
 1.2500e+000	 7.0000e+000	 7.6031e+000	 1.4920e+001	 2.7355e-003	 2.0609e-003	 4.7079e-003	 1.0052e-002	 3.7489e-004	-8.8990e-002	 3.0000e+000	 8.7852e-001	 3.9754e+000	
 1.2500e+000	 8.0000e+000	 7.5413e+000	 1.5014e+001	 3.0993e-003	 2.1204e-003	 4.8986e-003	 1.0002e-002	 4.6824e-004	-9.0172e-002	 3.0000e+000	 8.7857e-001	 3.9764e+000	
 1.2500e+000	 9.0000e+000	 7.4962e+000	 1.5090e+001	 3.4884e-003	 2.0717e-003	 5.2181e-003	 9.9406e-003	 5.7536e-004	-1.0061e-001	 3.0000e+000	 8.7862e-001	 3.9787e+000	
 1.2500e+000	 1.0000e+001	 7.4617e+000	 1.5152e+001	 3.8851e-003	 2.0371e-003	 5.5348e-003	 9.8660e-003	 6.9637e-004	-1.0267e-001	 3.0000e+000	 8.7867e-001	 3.9794e+000	
 1.2500e+000	 1.1000e+001	 7.4324e+000	 1.5208e+001	 4.2924e-003	 1.9928e-003	 5.8732e-003	 9.7781e-003	 8.3073e-004	-1.0551e-001	 3.0000e+000	 8.7872e-001	 3.9801e+000	
 1.2500e+000	 1.2000e+001	 7.4076e+000	 1.5257e+001	 4.7075e-003	 1.9437e-003	 6.2254e-003	 9.6770e-003	 9.7694e-004	-1.0847e-001	 3.0000e+000	 8.7878e-001	 3.9807e+000	
 1.2500e+000	 1.3000e+001	 7.3898e+000	 1.5296e+001	 5.1339e-003	 1.8574e-003	 6.6238e-003	 9.5644e-003	 1.1320e-003	-1.1585e-001	 3.0000e+000	 8.7884e-001	 3.9818e+000	
 1.2500e+000	 1.4000e+001	 7.3732e+000	 1.5332e+001	 5.5459e-003	 1.8026e-003	 6.9833e-003	 9.4445e-003	 1.2906e-003	-1.1908e-001	 3.0000e+000	 8.7890e-001	 3.9823e+000	
 1.2500e+000	 1.5000e+001	 7.3590e+000	 1.5363e+001	 5.9280e-003	 1.7586e-003	 7.3117e-003	 9.3245e-003	 1.4441e-003	-1.2168e-001	 3.0000e+000	 8.7895e-001	 3.9828e+000	
 1.2500e+000	 1.6000e+001	 7.3478e+000	 1.5387e+001	 6.2503e-003	 1.7283e-003	 7.5835e-003	 9.2167e-003	 1.5783e-003	-1.2291e-001	 3.0000e+000	 8.7900e-001	 3.9832e+000	
 1.3000e+000	 1.0000e+000	 8.6120e+000	 1.3574e+001	 6.9938e-004	 8.6642e-004	 4.6206e-003	 1.0192e-002	 4.1230e-005	-5.0684e-002	 3.0000e+000	 8.7826e-001	 3.9628e+000	
 1.3000e+000	 2.0000e+000	 8.3352e+000	 1.3898e+001	 9.5396e-004	 1.1237e-003	 4.5079e-003	 1.0188e-002	 6.0646e-005	-6.5313e-002	 3.0000e+000	 8.7829e-001	 3.9657e+000	
 1.3000e+000	 3.0000e+000	 8.1242e+000	 1.4160e+001	 1.2432e-003	 1.3767e-003	 4.4241e-003	 1.0181e-002	 8.8546e-005	-6.9422e-002	 3.0000e+000	 8.7834e-001	 3.9684e+000	
 1.3000e+000	 4.0000e+000	 7.9696e+000	 1.4360e+001	 1.5340e-003	 1.5888e-003	 4.3868e-003	 1.0172e-002	 1.2266e-004	-7.0977e-002	 3.0000e+000	 8.7838e-001	 3.9703e+000	
 1.3000e+000	 5.0000e+000	 7.8436e+000	 1.4528e+001	 1.8372e-003	 1.7678e-003	 4.3946e-003	 1.0159e-002	 1.6408e-004	-7.4682e-002	 3.0000e+000	 8.7842e-001	 3.9723e+000	
 1.3000e+000	 6.0000e+000	 7.7434e+000	 1.4668e+001	 2.1493e-003	 1.9106e-003	 4.4495e-003	 1.0143e-002	 2.1394e-004	-7.6691e-002	 3.0000e+000	 8.7846e-001	 3.9736e+000	
 1.3000e+000	 7.0000e+000	 7.6628e+000	 1.4785e+001	 2.4709e-003	 2.0158e-003	 4.5537e-003	 1.0121e-002	 2.7325e-004	-7.7852e-002	 3.0000e+000	 8.7851e-001	 3.9747e+000	
 1.3000e+000	 8.0000e+000	 7.5980e+000	 1.4884e+001	 2.8042e-003	 2.0812e-003	 4.7109e-003	 1.0094e-002	 3.4287e-004	-7.8908e-002	 3.0000e+000	 8.7855e-001	 3.9757e+000	
 1.3000e+000	 9.0000e+000	 7.5476e+000	 1.4966e+001	 3.1607e-003	 2.0509e-003	 4.9828e-003	 1.0060e-002	 4.2349e-004	-8.9472e-002	 3.0000e+000	 8.7859e-001	 3.9779e+000	
 1.3000e+000	 1.0000e+001	 7.5103e+000	 1.5033e+001	 3.5249e-003	 2.0239e-003	 5.2630e-003	 1.0018e-002	 5.1545e-004	-9.1329e-002	 3.0000e+000	 8.7864e-001	 3.9787e+000	
 1.3000e+000	 1.1000e+001	 7.4793e+000	 1.5091e+001	 3.8988e-003	 1.9849e-003	 5.5669e-003	 9.9678e-003	 6.1859e-004	-9.3475e-002	 3.0000e+000	 8.7869e-001	 3.9793e+000	
 1.3000e+000	 1.2000e+001	 7.4529e+000	 1.5143e+001	 4.2811e-003	 1.9394e-003	 5.8878e-003	 9.9093e-003	 7.3198e-004	-9.5972e-002	 3.0000e+000	 8.7873e-001	 3.9799e+000	
 1.3000e+000	 1.3000e+001	 7.4332e+000	 1.5186e+001	 4.6740e-003	 1.8587e-003	 6.2534e-003	 9.8434e-003	 8.5341e-004	-1.0286e-001	 3.0000e+000	 8.7878e-001	 3.9809e+000	
 1.3000e+000	 1.4000e+001	 7.4153e+000	 1.5224e+001	 5.0547e-003	 1.8058e-003	 6.5864e-003	 9.7724e-003	 9.7860e-004	-1.0588e-001	 3.0000e+000	 8.7883e-001	 3.9815e+000	
 1.3000e+000	 1.5000e+001	 7.3999e+000	 1.5257e+001	 5.4054e-003	 1.7625e-003	 6.8902e-003	 9.7014e-003	 1.0993e-003	-1.0865e-001	 3.0000e+000	 8.7887e-001	 3.9820e+000	
 1.3000e+000	 1.6000e+001	 7.3880e+000	 1.5281e+001	 5.6846e-003	 1.7303e-003	 7.1311e-003	 9.6416e-003	 1.1983e-003	-1.1149e-001	 3.0000e+000	 8.7891e-001	 3.9824e+000	
 1.3500e+000	 1.0000e+000	 8.7124e+000	 1.3387e+001	 6.1153e-004	 8.1577e-004	 4.6168e-003	 1.0196e-002	 2.8892e-005	-4.2845e-002	 3.0000e+000	 8.7826e-001	 3.9623e+000	
 1.3500e+000	 2.0000e+000	 8.4181e+000	 1.3732e+001	 8.5001e-004	 1.0703e-003	 4.4949e-003	 1.0194e-002	 4.3424e-005	-5.6190e-002	 3.0000e+000	 8.7829e-001	 3.9651e+000	
 1.3500e+000	 3.0000e+000	 8.1954e+000	 1.4006e+001	 1.1153e-003	 1.3213e-003	 4.3947e-003	 1.0190e-002	 6.3303e-005	-6.3076e-002	 3.0000e+000	 8.7833e-001	 3.9678e+000	
 1.3500e+000	 4.0000e+000	 8.0353e+000	 1.4213e+001	 1.3816e-003	 1.5336e-003	 4.3378e-003	 1.0185e-002	 8.8030e-005	-6.4629e-002	 3.0000e+000	 8.7837e-001	 3.9697e+000	
 1.3500e+000	 5.0000e+000	 7.9065e+000	 1.4385e+001	 1.6572e-003	 1.7130e-003	 4.3230e-003	 1.0178e-002	 1.1817e-004	-6.7769e-002	 3.0000e+000	 8.7842e-001	 3.9717e+000	
 1.3500e+000	 6.0000e+000	 7.8040e+000	 1.4528e+001	 1.9404e-003	 1.8588e-003	 4.3508e-003	 1.0170e-002	 1.5458e-004	-6.8962e-002	 3.0000e+000	 8.7846e-001	 3.9730e+000	
 1.3500e+000	 7.0000e+000	 7.7208e+000	 1.4649e+001	 2.2332e-003	 1.9683e-003	 4.4254e-003	 1.0158e-002	 1.9807e-004	-6.9850e-002	 3.0000e+000	 8.7850e-001	 3.9741e+000	
 1.3500e+000	 8.0000e+000	 7.6535e+000	 1.4752e+001	 2.5371e-003	 2.0392e-003	 4.5503e-003	 1.0143e-002	 2.4940e-004	-7.0568e-002	 3.0000e+000	 8.7854e-001	 3.9751e+000	
 1.3500e+000	 9.0000e+000	 7.5980e+000	 1.4841e+001	 2.8637e-003	 2.0249e-003	 4.7783e-003	 1.0124e-002	 3.0921e-004	-8.1520e-002	 3.0000e+000	 8.7858e-001	 3.9773e+000	
 1.3500e+000	 1.0000e+001	 7.5584e+000	 1.4911e+001	 3.1972e-003	 2.0047e-003	 5.0223e-003	 1.0101e-002	 3.7786e-004	-8.2866e-002	 3.0000e+000	 8.7862e-001	 3.9780e+000	
 1.3500e+000	 1.1000e+001	 7.5263e+000	 1.4972e+001	 3.5387e-003	 1.9701e-003	 5.2912e-003	 1.0073e-002	 4.5536e-004	-8.4125e-002	 3.0000e+000	 8.7867e-001	 3.9787e+000	
 1.3500e+000	 1.2000e+001	 7.4988e+000	 1.5026e+001	 3.8881e-003	 1.9270e-003	 5.5783e-003	 1.0040e-002	 5.4108e-004	-8.6211e-002	 3.0000e+000	 8.7871e-001	 3.9792e+000	
 1.3500e+000	 1.3000e+001	 7.4778e+000	 1.5071e+001	 4.2473e-003	 1.8501e-003	 5.9084e-003	 1.0003e-002	 6.3341e-004	-9.2555e-002	 3.0000e+000	 8.7875e-001	 3.9802e+000	
 1.3500e+000	 1.4000e+001	 7.4592e+000	 1.5111e+001	 4.5958e-003	 1.7977e-003	 6.2105e-003	 9.9624e-003	 7.2912e-004	-9.5230e-002	 3.0000e+000	 8.7879e-001	 3.9807e+000	
 1.3500e+000	 1.5000e+001	 7.4434e+000	 1.5145e+001	 4.9187e-003	 1.7543e-003	 6.4881e-003	 9.9214e-003	 8.2234e-004	-9.7625e-002	 3.0000e+000	 8.7883e-001	 3.9812e+000	
 1.3500e+000	 1.6000e+001	 7.4311e+000	 1.5171e+001	 5.1870e-003	 1.7233e-003	 6.7156e-003	 9.8849e-003	 9.0301e-004	-9.9075e-002	 3.0000e+000	 8.7886e-001	 3.9816e+000	
 1.4000e+000	 1.0000e+000	 8.8158e+000	 1.3191e+001	 5.5266e-004	 7.7114e-004	 4.6246e-003	 1.0198e-002	 2.0498e-005	-1.9234e-002	 3.0000e+000	 8.7825e-001	 3.9618e+000	
 1.4000e+000	 2.0000e+000	 8.5049e+000	 1.3554e+001	 7.6810e-004	 1.0209e-003	 4.4919e-003	 1.0197e-002	 3.0560e-005	-3.7974e-002	 3.0000e+000	 8.7829e-001	 3.9646e+000	
 1.4000e+000	 3.0000e+000	 8.2685e+000	 1.3844e+001	 1.0139e-003	 1.2703e-003	 4.3789e-003	 1.0195e-002	 4.4954e-005	-4.9468e-002	 3.0000e+000	 8.7833e-001	 3.9672e+000	
 1.4000e+000	 4.0000e+000	 8.1012e+000	 1.4061e+001	 1.2575e-003	 1.4824e-003	 4.3051e-003	 1.0192e-002	 6.2720e-005	-5.3828e-002	 3.0000e+000	 8.7837e-001	 3.9692e+000	
 1.4000e+000	 5.0000e+000	 7.9684e+000	 1.4239e+001	 1.5099e-003	 1.6621e-003	 4.2715e-003	 1.0188e-002	 8.4507e-005	-5.7768e-002	 3.0000e+000	 8.7841e-001	 3.9711e+000	
 1.4000e+000	 6.0000e+000	 7.8641e+000	 1.4386e+001	 1.7667e-003	 1.8099e-003	 4.2762e-003	 1.0184e-002	 1.1092e-004	-5.8660e-002	 3.0000e+000	 8.7845e-001	 3.9724e+000	
 1.4000e+000	 7.0000e+000	 7.7781e+000	 1.4511e+001	 2.0335e-003	 1.9234e-003	 4.3246e-003	 1.0177e-002	 1.4262e-004	-5.9970e-002	 3.0000e+000	 8.7849e-001	 3.9736e+000	
 1.4000e+000	 8.0000e+000	 7.7088e+000	 1.4618e+001	 2.3095e-003	 1.9991e-003	 4.4204e-003	 1.0169e-002	 1.8017e-004	-6.0684e-002	 3.0000e+000	 8.7853e-001	 3.9745e+000	
 1.4000e+000	 9.0000e+000	 7.6480e+000	 1.4713e+001	 2.6113e-003	 1.9995e-003	 4.6097e-003	 1.0159e-002	 2.2412e-004	-7.2089e-002	 3.0000e+000	 8.7857e-001	 3.9767e+000	
 1.4000e+000	 1.0000e+001	 7.6069e+000	 1.4786e+001	 2.9138e-003	 1.9858e-003	 4.8190e-003	 1.0146e-002	 2.7478e-004	-7.3112e-002	 3.0000e+000	 8.7861e-001	 3.9774e+000	
 1.4000e+000	 1.1000e+001	 7.5735e+000	 1.4849e+001	 3.2249e-003	 1.9551e-003	 5.0550e-003	 1.0131e-002	 3.3222e-004	-7.4088e-002	 3.0000e+000	 8.7865e-001	 3.9780e+000	
 1.4000e+000	 1.2000e+001	 7.5452e+000	 1.4905e+001	 3.5436e-003	 1.9140e-003	 5.3101e-003	 1.0113e-002	 3.9604e-004	-7.5815e-002	 3.0000e+000	 8.7869e-001	 3.9786e+000	
 1.4000e+000	 1.3000e+001	 7.5232e+000	 1.4952e+001	 3.8725e-003	 1.8402e-003	 5.6071e-003	 1.0092e-002	 4.6512e-004	-8.1632e-002	 3.0000e+000	 8.7873e-001	 3.9795e+000	
 1.4000e+000	 1.4000e+001	 7.5043e+000	 1.4993e+001	 4.1905e-003	 1.7878e-003	 5.8790e-003	 1.0069e-002	 5.3707e-004	-8.3952e-002	 3.0000e+000	 8.7877e-001	 3.9800e+000	
 1.4000e+000	 1.5000e+001	 7.4883e+000	 1.5028e+001	 4.4861e-003	 1.7437e-003	 6.1298e-003	 1.0046e-002	 6.0742e-004	-8.6019e-002	 3.0000e+000	 8.7881e-001	 3.9805e+000	
 1.4000e+000	 1.6000e+001	 7.4760e+000	 1.5054e+001	 4.7281e-003	 1.7111e-003	 6.3332e-003	 1.0026e-002	 6.6730e-004	-8.7644e-002	 3.0000e+000	 8.7883e-001	 3.9809e+000	
 1.4500e+000	 1.0000e+000	 8.9093e+000	 1.2991e+001	 4.7833e-004	 7.2607e-004	 4.6266e-003	 1.0199e-002	 1.4096e-005	-2.7029e-002	 3.0000e+000	 8.7825e-001	 3.9615e+000	
 1.4500e+000	 2.0000e+000	 8.5874e+000	 1.3367e+001	 6.7116e-004	 9.7023e-004	 4.4855e-003	 1.0198e-002	 2.1139e-005	-4.0882e-002	 3.0000e+000	 8.7828e-001	 3.9641e+000	
 1.4500e+000	 3.0000e+000	 8.3373e+000	 1.3675e+001	 9.0297e-004	 1.2178e-003	 4.3635e-003	 1.0197e-002	 3.1266e-005	-5.0558e-002	 3.0000e+000	 8.7832e-001	 3.9667e+000	
 1.4500e+000	 4.0000e+000	 8.1623e+000	 1.3903e+001	 1.1334e-003	 1.4301e-003	 4.2784e-003	 1.0196e-002	 4.4006e-005	-5.3102e-002	 3.0000e+000	 8.7837e-001	 3.9687e+000	
 1.4500e+000	 5.0000e+000	 8.0255e+000	 1.4089e+001	 1.3680e-003	 1.6102e-003	 4.2304e-003	 1.0194e-002	 5.9673e-005	-5.6043e-002	 3.0000e+000	 8.7841e-001	 3.9706e+000	
 1.4500e+000	 6.0000e+000	 7.9190e+000	 1.4241e+001	 1.6044e-003	 1.7599e-003	 4.2166e-003	 1.0191e-002	 7.8733e-005	-5.5783e-002	 3.0000e+000	 8.7845e-001	 3.9719e+000	
 1.4500e+000	 7.0000e+000	 7.8312e+000	 1.4371e+001	 1.8481e-003	 1.8768e-003	 4.2427e-003	 1.0188e-002	 1.0166e-004	-5.6305e-002	 3.0000e+000	 8.7849e-001	 3.9731e+000	
 1.4500e+000	 8.0000e+000	 7.7598e+000	 1.4482e+001	 2.1011e-003	 1.9574e-003	 4.3138e-003	 1.0183e-002	 1.2892e-004	-5.6412e-002	 3.0000e+000	 8.7853e-001	 3.9740e+000	
 1.4500e+000	 9.0000e+000	 7.6952e+000	 1.4583e+001	 2.3766e-003	 1.9720e-003	 4.4661e-003	 1.0178e-002	 1.6091e-004	-6.7645e-002	 3.0000e+000	 8.7857e-001	 3.9761e+000	
 1.4500e+000	 1.0000e+001	 7.6529e+000	 1.4659e+001	 2.6542e-003	 1.9650e-003	 4.6454e-003	 1.0171e-002	 1.9796e-004	-6.7463e-002	 3.0000e+000	 8.7861e-001	 3.9768e+000	
 1.4500e+000	 1.1000e+001	 7.6182e+000	 1.4725e+001	 2.9381e-003	 1.9385e-003	 4.8518e-003	 1.0162e-002	 2.4012e-004	-6.8026e-002	 3.0000e+000	 8.7865e-001	 3.9775e+000	
 1.4500e+000	 1.2000e+001	 7.5892e+000	 1.4783e+001	 3.2286e-003	 1.8998e-003	 5.0778e-003	 1.0152e-002	 2.8712e-004	-6.9195e-002	 3.0000e+000	 8.7869e-001	 3.9780e+000	
 1.4500e+000	 1.3000e+001	 7.5665e+000	 1.4832e+001	 3.5275e-003	 1.8288e-003	 5.3434e-003	 1.0141e-002	 3.3811e-004	-7.4572e-002	 3.0000e+000	 8.7872e-001	 3.9789e+000	
 1.4500e+000	 1.4000e+001	 7.5475e+000	 1.4874e+001	 3.8175e-003	 1.7764e-003	 5.5878e-003	 1.0128e-002	 3.9126e-004	-7.6463e-002	 3.0000e+000	 8.7876e-001	 3.9794e+000	
 1.4500e+000	 1.5000e+001	 7.5315e+000	 1.4909e+001	 4.0856e-003	 1.7310e-003	 5.8127e-003	 1.0116e-002	 4.4306e-004	-7.8413e-002	 3.0000e+000	 8.7879e-001	 3.9799e+000	
 1.4500e+000	 1.6000e+001	 7.5192e+000	 1.4936e+001	 4.3047e-003	 1.6969e-003	 5.9948e-003	 1.0105e-002	 4.8711e-004	-8.0002e-002	 3.0000e+000	 8.7882e-001	 3.9802e+000	
 1.5000e+000	 1.0000e+000	 9.0112e+000	 1.2744e+001	 4.3287e-004	 6.8539e-004	 4.6401e-003	 1.0199e-002	 9.3923e-006	-1.0977e-002	 3.0000e+000	 8.7824e-001	 3.9611e+000	
 1.5000e+000	 2.0000e+000	 8.6770e+000	 1.3142e+001	 6.0439e-004	 9.2447e-004	 4.4914e-003	 1.0199e-002	 1.4253e-005	-2.4884e-002	 3.0000e+000	 8.7828e-001	 3.9637e+000	
 1.5000e+000	 3.0000e+000	 8.4110e+000	 1.3477e+001	 8.1954e-004	 1.1703e-003	 4.3599e-003	 1.0198e-002	 2.1279e-005	-3.8707e-002	 3.0000e+000	 8.7832e-001	 3.9663e+000	
 1.5000e+000	 4.0000e+000	 8.2258e+000	 1.3724e+001	 1.0335e-003	 1.3823e-003	 4.2634e-003	 1.0198e-002	 3.0190e-005	-4.5050e-002	 3.0000e+000	 8.7836e-001	 3.9682e+000	
 1.5000e+000	 5.0000e+000	 8.0832e+000	 1.3924e+001	 1.2517e-003	 1.5627e-003	 4.2027e-003	 1.0197e-002	 4.1278e-005	-4.9478e-002	 3.0000e+000	 8.7840e-001	 3.9701e+000	
 1.5000e+000	 6.0000e+000	 7.9733e+000	 1.4085e+001	 1.4692e-003	 1.7140e-003	 4.1730e-003	 1.0195e-002	 5.4857e-005	-4.9877e-002	 3.0000e+000	 8.7844e-001	 3.9715e+000	
 1.5000e+000	 7.0000e+000	 7.8840e+000	 1.4220e+001	 1.6924e-003	 1.8337e-003	 4.1804e-003	 1.0193e-002	 7.1263e-005	-4.9837e-002	 3.0000e+000	 8.7848e-001	 3.9726e+000	
 1.5000e+000	 8.0000e+000	 7.8099e+000	 1.4338e+001	 1.9243e-003	 1.9191e-003	 4.2293e-003	 1.0191e-002	 9.0868e-005	-5.0450e-002	 3.0000e+000	 8.7852e-001	 3.9736e+000	
 1.5000e+000	 9.0000e+000	 7.7414e+000	 1.4446e+001	 2.1789e-003	 1.9472e-003	 4.3501e-003	 1.0188e-002	 1.1396e-004	-6.1417e-002	 3.0000e+000	 8.7856e-001	 3.9756e+000	
 1.5000e+000	 1.0000e+001	 7.6976e+000	 1.4526e+001	 2.4309e-003	 1.9464e-003	 4.5018e-003	 1.0184e-002	 1.4078e-004	-6.1126e-002	 3.0000e+000	 8.7860e-001	 3.9763e+000	
 1.5000e+000	 1.1000e+001	 7.6616e+000	 1.4596e+001	 2.6899e-003	 1.9243e-003	 4.6817e-003	 1.0179e-002	 1.7139e-004	-6.1649e-002	 3.0000e+000	 8.7864e-001	 3.9769e+000	
 1.5000e+000	 1.2000e+001	 7.6323e+000	 1.4656e+001	 2.9542e-003	 1.8882e-003	 4.8814e-003	 1.0174e-002	 2.0560e-004	-6.2229e-002	 3.0000e+000	 8.7868e-001	 3.9775e+000	
 1.5000e+000	 1.3000e+001	 7.6088e+000	 1.4707e+001	 3.2271e-003	 1.8204e-003	 5.1197e-003	 1.0168e-002	 2.4285e-004	-6.7174e-002	 3.0000e+000	 8.7872e-001	 3.9784e+000	
 1.5000e+000	 1.4000e+001	 7.5897e+000	 1.4750e+001	 3.4914e-003	 1.7680e-003	 5.3400e-003	 1.0161e-002	 2.8189e-004	-6.8713e-002	 3.0000e+000	 8.7875e-001	 3.9789e+000	
 1.5000e+000	 1.5000e+001	 7.5738e+000	 1.4786e+001	 3.7380e-003	 1.7220e-003	 5.5442e-003	 1.0154e-002	 3.2041e-004	-7.0106e-002	 3.0000e+000	 8.7879e-001	 3.9793e+000	
 1.5000e+000	 1.6000e+001	 7.5617e+000	 1.4814e+001	 3.9416e-003	 1.6871e-003	 5.7110e-003	 1.0147e-002	 3.5363e-004	-7.1115e-002	 3.0000e+000	 8.7881e-001	 3.9796e+000	
 1.5500e+000	 1.0000e+000	 9.0992e+000	 1.1935e+001	 3.8389e-004	 6.4670e-004	 4.6510e-003	 1.0200e-002	 5.9078e-006	-1.8504e-002	 3.0000e+000	 8.7824e-001	 3.9608e+000	
 1.5500e+000	 2.0000e+000	 8.7640e+000	 1.2736e+001	 5.2897e-004	 8.7772e-004	 4.4954e-003	 1.0199e-002	 8.9538e-006	-2.6663e-002	 3.0000e+000	 8.7827e-001	 3.9633e+000	
 1.5500e+000	 3.0000e+000	 8.4829e+000	 1.3188e+001	 7.2946e-004	 1.1217e-003	 4.3562e-003	 1.0199e-002	 1.3678e-005	-3.8773e-002	 3.0000e+000	 8.7832e-001	 3.9658e+000	
 1.5500e+000	 4.0000e+000	 8.2871e+000	 1.3491e+001	 9.3422e-004	 1.3342e-003	 4.2520e-003	 1.0199e-002	 1.9812e-005	-4.3856e-002	 3.0000e+000	 8.7836e-001	 3.9678e+000	
 1.5500e+000	 5.0000e+000	 8.1383e+000	 1.3721e+001	 1.1407e-003	 1.5153e-003	 4.1816e-003	 1.0198e-002	 2.7530e-005	-4.7859e-002	 3.0000e+000	 8.7840e-001	 3.9697e+000	
 1.5500e+000	 6.0000e+000	 8.0248e+000	 1.3902e+001	 1.3446e-003	 1.6685e-003	 4.1395e-003	 1.0197e-002	 3.7067e-005	-4.7567e-002	 3.0000e+000	 8.7844e-001	 3.9710e+000	
 1.5500e+000	 7.0000e+000	 7.9335e+000	 1.4050e+001	 1.5514e-003	 1.7910e-003	 4.1315e-003	 1.0196e-002	 4.8669e-005	-4.6783e-002	 3.0000e+000	 8.7848e-001	 3.9722e+000	
 1.5500e+000	 8.0000e+000	 7.8574e+000	 1.4179e+001	 1.7654e-003	 1.8809e-003	 4.1618e-003	 1.0195e-002	 6.2604e-005	-4.7023e-002	 3.0000e+000	 8.7852e-001	 3.9731e+000	
 1.5500e+000	 9.0000e+000	 7.7850e+000	 1.4297e+001	 1.9997e-003	 1.9218e-003	 4.2538e-003	 1.0193e-002	 7.9081e-005	-5.8112e-002	 3.0000e+000	 8.7856e-001	 3.9751e+000	
 1.5500e+000	 1.0000e+001	 7.7396e+000	 1.4384e+001	 2.2323e-003	 1.9280e-003	 4.3821e-003	 1.0191e-002	 9.8321e-005	-5.7043e-002	 3.0000e+000	 8.7860e-001	 3.9758e+000	
 1.5500e+000	 1.1000e+001	 7.7028e+000	 1.4458e+001	 2.4696e-003	 1.9110e-003	 4.5384e-003	 1.0189e-002	 1.2035e-004	-5.6857e-002	 3.0000e+000	 8.7864e-001	 3.9765e+000	
 1.5500e+000	 1.2000e+001	 7.6731e+000	 1.4521e+001	 2.7109e-003	 1.8778e-003	 4.7155e-003	 1.0186e-002	 1.4507e-004	-5.6876e-002	 3.0000e+000	 8.7868e-001	 3.9770e+000	
 1.5500e+000	 1.3000e+001	 7.6489e+000	 1.4575e+001	 2.9594e-003	 1.8138e-003	 4.9291e-003	 1.0182e-002	 1.7202e-004	-6.1551e-002	 3.0000e+000	 8.7871e-001	 3.9779e+000	
 1.5500e+000	 1.4000e+001	 7.6297e+000	 1.4620e+001	 3.2004e-003	 1.7616e-003	 5.1281e-003	 1.0178e-002	 2.0025e-004	-6.2769e-002	 3.0000e+000	 8.7875e-001	 3.9783e+000	
 1.5500e+000	 1.5000e+001	 7.6139e+000	 1.4658e+001	 3.4227e-003	 1.7146e-003	 5.3119e-003	 1.0175e-002	 2.2779e-004	-6.4251e-002	 3.0000e+000	 8.7878e-001	 3.9788e+000	
 1.5500e+000	 1.6000e+001	 7.6021e+000	 1.4686e+001	 3.6019e-003	 1.6780e-003	 5.4595e-003	 1.0171e-002	 2.5083e-004	-6.5880e-002	 3.0000e+000	 8.7880e-001	 3.9791e+000	
 1.6000e+000	 1.0000e+000	 9.2011e+000	-3.0780e+000	 3.5068e-004	 6.1075e-004	 4.6678e-003	 1.0200e-002	 3.3177e-006	-6.3981e-003	 3.0000e+000	 8.7824e-001	 3.9606e+000	
 1.6000e+000	 2.0000e+000	 8.8572e+000	-2.3597e+000	 4.7446e-004	 8.3503e-004	 4.5071e-003	 1.0200e-002	 5.1460e-006	-1.3882e-002	 3.0000e+000	 8.7827e-001	 3.9630e+000	
 1.6000e+000	 3.0000e+000	 8.5606e+000	-1.5606e+000	 6.5792e-004	 1.0763e-003	 4.3603e-003	 1.0199e-002	 7.9201e-006	-2.8465e-002	 3.0000e+000	 8.7831e-001	 3.9654e+000	
 1.6000e+000	 4.0000e+000	 8.3512e+000	-5.8038e-001	 8.5029e-004	 1.2887e-003	 4.2478e-003	 1.0199e-002	 1.1849e-005	-3.7398e-002	 3.0000e+000	 8.7835e-001	 3.9673e+000	
 1.6000e+000	 5.0000e+000	 8.1941e+000	 1.3319e+001	 1.0453e-003	 1.4704e-003	 4.1687e-003	 1.0199e-002	 1.7053e-005	-4.3334e-002	 3.0000e+000	 8.7839e-001	 3.9692e+000	
 1.6000e+000	 6.0000e+000	 8.0760e+000	 1.3626e+001	 1.2363e-003	 1.6253e-003	 4.1156e-003	 1.0198e-002	 2.3597e-005	-4.3840e-002	 3.0000e+000	 8.7844e-001	 3.9706e+000	
 1.6000e+000	 7.0000e+000	 7.9814e+000	 1.3825e+001	 1.4287e-003	 1.7506e-003	 4.0943e-003	 1.0198e-002	 3.1647e-005	-4.3479e-002	 3.0000e+000	 8.7848e-001	 3.9718e+000	
 1.6000e+000	 8.0000e+000	 7.9040e+000	 1.3977e+001	 1.6263e-003	 1.8446e-003	 4.1084e-003	 1.0197e-002	 4.1364e-005	-4.2989e-002	 3.0000e+000	 8.7852e-001	 3.9727e+000	
 1.6000e+000	 9.0000e+000	 7.8269e+000	 1.4117e+001	 1.8456e-003	 1.8979e-003	 4.1760e-003	 1.0196e-002	 5.2947e-005	-5.4395e-002	 3.0000e+000	 8.7855e-001	 3.9746e+000	
 1.6000e+000	 1.0000e+001	 7.7802e+000	 1.4217e+001	 2.0590e-003	 1.9108e-003	 4.2827e-003	 1.0195e-002	 6.6545e-005	-5.2937e-002	 3.0000e+000	 8.7859e-001	 3.9754e+000	
 1.6000e+000	 1.1000e+001	 7.7424e+000	 1.4300e+001	 2.2760e-003	 1.8991e-003	 4.4179e-003	 1.0194e-002	 8.2169e-005	-5.2429e-002	 3.0000e+000	 8.7863e-001	 3.9760e+000	
 1.6000e+000	 1.2000e+001	 7.7120e+000	 1.4370e+001	 2.4963e-003	 1.8693e-003	 4.5746e-003	 1.0192e-002	 9.9754e-005	-5.2276e-002	 3.0000e+000	 8.7867e-001	 3.9766e+000	
 1.6000e+000	 1.3000e+001	 7.6870e+000	 1.4429e+001	 2.7241e-003	 1.8092e-003	 4.7669e-003	 1.0190e-002	 1.1900e-004	-5.6499e-002	 3.0000e+000	 8.7871e-001	 3.9774e+000	
 1.6000e+000	 1.4000e+001	 7.6678e+000	 1.4478e+001	 2.9444e-003	 1.7579e-003	 4.9476e-003	 1.0188e-002	 1.3926e-004	-5.7365e-002	 3.0000e+000	 8.7874e-001	 3.9779e+000	
 1.6000e+000	 1.5000e+001	 7.6522e+000	 1.4518e+001	 3.1496e-003	 1.7110e-003	 5.1161e-003	 1.0186e-002	 1.5936e-004	-5.8261e-002	 3.0000e+000	 8.7877e-001	 3.9783e+000	
 1.6000e+000	 1.6000e+001	 7.6404e+000	 1.4549e+001	 3.3226e-003	 1.6747e-003	 5.2560e-003	 1.0184e-002	 1.7727e-004	-5.8482e-002	 3.0000e+000	 8.7880e-001	 3.9786e+000	
 1.6500e+000	 1.0000e+000	 9.2866e+000	-3.6289e+000	 3.1777e-004	 5.7795e-004	 4.6828e-003	 1.0200e-002	 1.9883e-006	-1.3440e-002	 3.0000e+000	 8.7823e-001	 3.9604e+000	
 1.6500e+000	 2.0000e+000	 8.9501e+000	-2.9891e+000	 4.1869e-004	 7.9226e-004	 4.5199e-003	 1.0200e-002	 2.9673e-006	-1.2306e-002	 3.0000e+000	 8.7827e-001	 3.9628e+000	
 1.6500e+000	 3.0000e+000	 8.6397e+000	-2.3150e+000	 5.8565e-004	 1.0306e-003	 4.3665e-003	 1.0200e-002	 4.5778e-006	-2.4462e-002	 3.0000e+000	 8.7831e-001	 3.9651e+000	
 1.6500e+000	 4.0000e+000	 8.4171e+000	-1.7313e+000	 7.6952e-004	 1.2435e-003	 4.2477e-003	 1.0199e-002	 6.8010e-006	-3.2792e-002	 3.0000e+000	 8.7835e-001	 3.9670e+000	
 1.6500e+000	 5.0000e+000	 8.2508e+000	-1.2258e+000	 9.5685e-004	 1.4264e-003	 4.1614e-003	 1.0199e-002	 9.7875e-006	-3.9105e-002	 3.0000e+000	 8.7839e-001	 3.9688e+000	
 1.6500e+000	 6.0000e+000	 8.1269e+000	-7.0303e-001	 1.1387e-003	 1.5833e-003	 4.0992e-003	 1.0199e-002	 1.3729e-005	-3.9992e-002	 3.0000e+000	 8.7843e-001	 3.9702e+000	
 1.6500e+000	 7.0000e+000	 8.0285e+000	 1.5638e-001	 1.3196e-003	 1.7115e-003	 4.0665e-003	 1.0199e-002	 1.8876e-005	-4.0127e-002	 3.0000e+000	 8.7847e-001	 3.9714e+000	
 1.6500e+000	 8.0000e+000	 7.9493e+000	 3.4001e-001	 1.5048e-003	 1.8095e-003	 4.0674e-003	 1.0198e-002	 2.5334e-005	-3.8637e-002	 3.0000e+000	 8.7851e-001	 3.9724e+000	
 1.6500e+000	 9.0000e+000	 7.8671e+000	 1.3840e+001	 1.7093e-003	 1.8741e-003	 4.1127e-003	 1.0198e-002	 3.3304e-005	-5.1333e-002	 3.0000e+000	 8.7855e-001	 3.9742e+000	
 1.6500e+000	 1.0000e+001	 7.8191e+000	 1.3977e+001	 1.9071e-003	 1.8941e-003	 4.2007e-003	 1.0197e-002	 4.2695e-005	-4.9064e-002	 3.0000e+000	 8.7859e-001	 3.9750e+000	
 1.6500e+000	 1.1000e+001	 7.7802e+000	 1.4090e+001	 2.1068e-003	 1.8880e-003	 4.3172e-003	 1.0196e-002	 5.3589e-005	-4.8217e-002	 3.0000e+000	 8.7863e-001	 3.9756e+000	
 1.6500e+000	 1.2000e+001	 7.7490e+000	 1.4179e+001	 2.3096e-003	 1.8622e-003	 4.4562e-003	 1.0195e-002	 6.5933e-005	-4.7823e-002	 3.0000e+000	 8.7867e-001	 3.9762e+000	
 1.6500e+000	 1.3000e+001	 7.7233e+000	 1.4251e+001	 2.5186e-003	 1.8066e-003	 4.6294e-003	 1.0194e-002	 7.9498e-005	-5.1677e-002	 3.0000e+000	 8.7870e-001	 3.9770e+000	
 1.6500e+000	 1.4000e+001	 7.7040e+000	 1.4308e+001	 2.7203e-003	 1.7566e-003	 4.7940e-003	 1.0193e-002	 9.3808e-005	-5.2211e-002	 3.0000e+000	 8.7874e-001	 3.9774e+000	
 1.6500e+000	 1.5000e+001	 7.6885e+000	 1.4354e+001	 2.9066e-003	 1.7097e-003	 4.9476e-003	 1.0192e-002	 1.0787e-004	-5.3120e-002	 3.0000e+000	 8.7877e-001	 3.9778e+000	
 1.6500e+000	 1.6000e+001	 7.6770e+000	 1.4387e+001	 3.0559e-003	 1.6718e-003	 5.0713e-003	 1.0191e-002	 1.1957e-004	-5.4584e-002	 3.0000e+000	 8.7879e-001	 3.9781e+000	
 1.7000e+000	 1.0000e+000	 9.3772e+000	-4.0156e+000	 2.9825e-004	 5.4803e-004	 4.7022e-003	 1.0200e-002	 1.2122e-006	-5.4174e-003	 3.0000e+000	 8.7823e-001	 3.9602e+000	
 1.7000e+000	 2.0000e+000	 9.0425e+000	-3.3972e+000	 3.7497e-004	 7.5243e-004	 4.5367e-003	 1.0200e-002	 1.7904e-006	-7.4663e-003	 3.0000e+000	 8.7826e-001	 3.9626e+000	
 1.7000e+000	 3.0000e+000	 8.7216e+000	-2.7391e+000	 5.2137e-004	 9.8643e-004	 4.3767e-003	 1.0200e-002	 2.6992e-006	-1.9572e-002	 3.0000e+000	 8.7830e-001	 3.9648e+000	
 1.7000e+000	 4.0000e+000	 8.4845e+000	-2.2027e+000	 6.9283e-004	 1.1991e-003	 4.2510e-003	 1.0200e-002	 3.9795e-006	-2.9996e-002	 3.0000e+000	 8.7835e-001	 3.9666e+000	
 1.7000e+000	 5.0000e+000	 8.3077e+000	-1.7808e+000	 8.7182e-004	 1.3828e-003	 4.1584e-003	 1.0199e-002	 5.7103e-006	-3.7347e-002	 3.0000e+000	 8.7839e-001	 3.9684e+000	
 1.7000e+000	 6.0000e+000	 8.1775e+000	-1.4325e+000	 1.0454e-003	 1.5416e-003	 4.0886e-003	 1.0199e-002	 7.9907e-006	-3.8441e-002	 3.0000e+000	 8.7843e-001	 3.9698e+000	
 1.7000e+000	 7.0000e+000	 8.0751e+000	-1.1049e+000	 1.2178e-003	 1.6727e-003	 4.0464e-003	 1.0199e-002	 1.0935e-005	-3.8030e-002	 3.0000e+000	 8.7847e-001	 3.9710e+000	
 1.7000e+000	 8.0000e+000	 7.9930e+000	-8.7665e-001	 1.3913e-003	 1.7745e-003	 4.0351e-003	 1.0199e-002	 1.4676e-005	-3.6725e-002	 3.0000e+000	 8.7851e-001	 3.9720e+000	
 1.7000e+000	 9.0000e+000	 7.9064e+000	-4.4204e-001	 1.5857e-003	 1.8502e-003	 4.0611e-003	 1.0199e-002	 1.9354e-005	-4.8947e-002	 3.0000e+000	 8.7855e-001	 3.9738e+000	
 1.7000e+000	 1.0000e+001	 7.8564e+000	-1.2006e-001	 1.7700e-003	 1.8771e-003	 4.1320e-003	 1.0198e-002	 2.5147e-005	-4.6364e-002	 3.0000e+000	 8.7858e-001	 3.9746e+000	
 1.7000e+000	 1.1000e+001	 7.8159e+000	 1.3461e+001	 1.9545e-003	 1.8768e-003	 4.2316e-003	 1.0198e-002	 3.2277e-005	-4.5727e-002	 3.0000e+000	 8.7862e-001	 3.9752e+000	
 1.7000e+000	 1.2000e+001	 7.7838e+000	 1.3757e+001	 2.1415e-003	 1.8555e-003	 4.3544e-003	 1.0197e-002	 4.0504e-005	-4.5027e-002	 3.0000e+000	 8.7866e-001	 3.9758e+000	
 1.7000e+000	 1.3000e+001	 7.7573e+000	 1.3939e+001	 2.3338e-003	 1.8045e-003	 4.5105e-003	 1.0197e-002	 4.9740e-005	-4.8478e-002	 3.0000e+000	 8.7870e-001	 3.9765e+000	
 1.7000e+000	 1.4000e+001	 7.7380e+000	 1.4040e+001	 2.5187e-003	 1.7563e-003	 4.6606e-003	 1.0196e-002	 5.9549e-005	-4.8709e-002	 3.0000e+000	 8.7873e-001	 3.9770e+000	
 1.7000e+000	 1.5000e+001	 7.7226e+000	 1.4110e+001	 2.6899e-003	 1.7100e-003	 4.8020e-003	 1.0196e-002	 6.9295e-005	-4.9278e-002	 3.0000e+000	 8.7876e-001	 3.9774e+000	
 1.7000e+000	 1.6000e+001	 7.7112e+000	 1.4159e+001	 2.8320e-003	 1.6727e-003	 4.9186e-003	 1.0195e-002	 7.7843e-005	-4.9608e-002	 3.0000e+000	 8.7879e-001	 3.9777e+000	
 1.7500e+000	 1.0000e+000	 9.4619e+000	-4.3261e+000	 2.8318e-004	 5.2120e-004	 4.7211e-003	 1.0200e-002	 7.7960e-007	 2.6082e-004	 3.0000e+000	 8.7822e-001	 3.9600e+000	
 1.7500e+000	 2.0000e+000	 9.1341e+000	-3.7280e+000	 3.4013e-004	 7.1490e-004	 4.5561e-003	 1.0200e-002	 1.1045e-006	-1.2048e-003	 3.0000e+000	 8.7826e-001	 3.9624e+000	
 1.7500e+000	 3.0000e+000	 8.8064e+000	-3.0710e+000	 4.7067e-004	 9.4424e-004	 4.3925e-003	 1.0200e-002	 1.6311e-006	-7.8557e-003	 3.0000e+000	 8.7830e-001	 3.9646e+000	
 1.7500e+000	 4.0000e+000	 8.5559e+000	-2.5332e+000	 6.3197e-004	 1.1569e-003	 4.2611e-003	 1.0200e-002	 2.3697e-006	-1.8485e-002	 3.0000e+000	 8.7834e-001	 3.9663e+000	
 1.7500e+000	 5.0000e+000	 8.3676e+000	-2.1173e+000	 8.0300e-004	 1.3418e-003	 4.1626e-003	 1.0200e-002	 3.3747e-006	-2.8311e-002	 3.0000e+000	 8.7838e-001	 3.9680e+000	
 1.7500e+000	 6.0000e+000	 8.2296e+000	-1.7938e+000	 9.6755e-004	 1.5025e-003	 4.0854e-003	 1.0200e-002	 4.7029e-006	-3.1952e-002	 3.0000e+000	 8.7842e-001	 3.9694e+000	
 1.7500e+000	 7.0000e+000	 8.1222e+000	-1.5183e+000	 1.1305e-003	 1.6363e-003	 4.0346e-003	 1.0199e-002	 6.4211e-006	-3.2917e-002	 3.0000e+000	 8.7846e-001	 3.9706e+000	
 1.7500e+000	 8.0000e+000	 8.0365e+000	-1.3156e+000	 1.2938e-003	 1.7419e-003	 4.0128e-003	 1.0199e-002	 8.6042e-006	-3.2544e-002	 3.0000e+000	 8.7850e-001	 3.9717e+000	
 1.7500e+000	 9.0000e+000	 7.9461e+000	-1.1280e+000	 1.4803e-003	 1.8278e-003	 4.0227e-003	 1.0199e-002	 1.1328e-005	-4.3678e-002	 3.0000e+000	 8.7854e-001	 3.9734e+000	
 1.7500e+000	 1.0000e+001	 7.8930e+000	-7.7298e-001	 1.6513e-003	 1.8616e-003	 4.0778e-003	 1.0199e-002	 1.4679e-005	-4.2487e-002	 3.0000e+000	 8.7858e-001	 3.9742e+000	
 1.7500e+000	 1.1000e+001	 7.8514e+000	-5.8088e-001	 1.8239e-003	 1.8672e-003	 4.1624e-003	 1.0199e-002	 1.8716e-005	-4.0964e-002	 3.0000e+000	 8.7862e-001	 3.9748e+000	
 1.7500e+000	 1.2000e+001	 7.8182e+000	-3.3055e-001	 1.9973e-003	 1.8507e-003	 4.2704e-003	 1.0198e-002	 2.3467e-005	-4.0333e-002	 3.0000e+000	 8.7866e-001	 3.9754e+000	
 1.7500e+000	 1.3000e+001	 7.7914e+000	-4.6100e-001	 2.1759e-003	 1.8044e-003	 4.4110e-003	 1.0198e-002	 2.8875e-005	-4.2748e-002	 3.0000e+000	 8.7869e-001	 3.9762e+000	
 1.7500e+000	 1.4000e+001	 7.7715e+000	-2.4993e-001	 2.3464e-003	 1.7584e-003	 4.5481e-003	 1.0198e-002	 3.4772e-005	-4.3062e-002	 3.0000e+000	 8.7873e-001	 3.9766e+000	
 1.7500e+000	 1.5000e+001	 7.7560e+000	-1.4782e-001	 2.5042e-003	 1.7131e-003	 4.6782e-003	 1.0197e-002	 4.0765e-005	-4.3430e-002	 3.0000e+000	 8.7876e-001	 3.9770e+000	
 1.7500e+000	 1.6000e+001	 7.7448e+000	-4.0669e-002	 2.6335e-003	 1.6758e-003	 4.7853e-003	 1.0197e-002	 4.6024e-005	-4.3924e-002	 3.0000e+000	 8.7878e-001	 3.9773e+000	
 1.8000e+000	 1.0000e+000	 9.5345e+000	-4.5785e+000	 2.6757e-004	 4.9616e-004	 4.7381e-003	 1.0200e-002	 5.3237e-007	-7.1212e-003	 3.0000e+000	 8.7822e-001	 3.9598e+000	
 1.8000e+000	 2.0000e+000	 9.2208e+000	-4.0121e+000	 3.0779e-004	 6.7902e-004	 4.5755e-003	 1.0200e-002	 7.1775e-007	-3.7058e-003	 3.0000e+000	 8.7825e-001	 3.9623e+000	
 1.8000e+000	 3.0000e+000	 8.8888e+000	-3.3538e+000	 4.1456e-004	 9.0161e-004	 4.4065e-003	 1.0200e-002	 1.0174e-006	-1.1901e-002	 3.0000e+000	 8.7830e-001	 3.9644e+000	
 1.8000e+000	 4.0000e+000	 8.6252e+000	-2.8012e+000	 5.6089e-004	 1.1128e-003	 4.2688e-003	 1.0200e-002	 1.4427e-006	-2.2837e-002	 3.0000e+000	 8.7834e-001	 3.9660e+000	
 1.8000e+000	 5.0000e+000	 8.4251e+000	-2.3735e+000	 7.2422e-004	 1.2985e-003	 4.1651e-003	 1.0200e-002	 2.0245e-006	-3.2031e-002	 3.0000e+000	 8.7838e-001	 3.9677e+000	
 1.8000e+000	 6.0000e+000	 8.2792e+000	-2.0494e+000	 8.8436e-004	 1.4615e-003	 4.0828e-003	 1.0200e-002	 2.7975e-006	-3.4383e-002	 3.0000e+000	 8.7842e-001	 3.9691e+000	
 1.8000e+000	 7.0000e+000	 8.1666e+000	-1.7840e+000	 1.0419e-003	 1.5985e-003	 4.0255e-003	 1.0200e-002	 3.8001e-006	-3.4486e-002	 3.0000e+000	 8.7846e-001	 3.9703e+000	
 1.8000e+000	 8.0000e+000	 8.0771e+000	-1.5881e+000	 1.1990e-003	 1.7083e-003	 3.9953e-003	 1.0199e-002	 5.0747e-006	-3.3224e-002	 3.0000e+000	 8.7850e-001	 3.9714e+000	
 1.8000e+000	 9.0000e+000	 7.9829e+000	-1.4361e+000	 1.3747e-003	 1.8032e-003	 3.9896e-003	 1.0199e-002	 6.6622e-006	-4.4341e-002	 3.0000e+000	 8.7854e-001	 3.9730e+000	
 1.8000e+000	 1.0000e+001	 7.9268e+000	-1.0949e+000	 1.5380e-003	 1.8446e-003	 4.0320e-003	 1.0199e-002	 8.6117e-006	-4.2546e-002	 3.0000e+000	 8.7858e-001	 3.9738e+000	
 1.8000e+000	 1.1000e+001	 7.8841e+000	-9.7493e-001	 1.6997e-003	 1.8564e-003	 4.1033e-003	 1.0199e-002	 1.0954e-005	-4.0258e-002	 3.0000e+000	 8.7861e-001	 3.9745e+000	
 1.8000e+000	 1.2000e+001	 7.8500e+000	-8.2613e-001	 1.8615e-003	 1.8451e-003	 4.1983e-003	 1.0199e-002	 1.3699e-005	-3.8959e-002	 3.0000e+000	 8.7865e-001	 3.9751e+000	
 1.8000e+000	 1.3000e+001	 7.8224e+000	-8.9064e-001	 2.0261e-003	 1.8038e-003	 4.3247e-003	 1.0199e-002	 1.6816e-005	-4.1189e-002	 3.0000e+000	 8.7869e-001	 3.9758e+000	
 1.8000e+000	 1.4000e+001	 7.8022e+000	-7.7007e-001	 2.1840e-003	 1.7605e-003	 4.4502e-003	 1.0198e-002	 2.0197e-005	-4.1062e-002	 3.0000e+000	 8.7872e-001	 3.9763e+000	
 1.8000e+000	 1.5000e+001	 7.7867e+000	-7.1118e-001	 2.3290e-003	 1.7165e-003	 4.5701e-003	 1.0198e-002	 2.3605e-005	-4.1249e-002	 3.0000e+000	 8.7875e-001	 3.9767e+000	
 1.8000e+000	 1.6000e+001	 7.7755e+000	-6.6357e-001	 2.4474e-003	 1.6796e-003	 4.6691e-003	 1.0198e-002	 2.6576e-005	-4.1621e-002	 3.0000e+000	 8.7878e-001	 3.9770e+000	
 1.8500e+000	 1.0000e+000	 9.6091e+000	-4.8135e+000	 2.6236e-004	 4.7348e-004	 4.7580e-003	 1.0200e-002	 3.9006e-007	 1.0063e-004	 3.0000e+000	 8.7822e-001	 3.9596e+000	
 1.8500e+000	 2.0000e+000	 9.3069e+000	-4.2737e+000	 2.8508e-004	 6.4574e-004	 4.5972e-003	 1.0200e-002	 4.9804e-007	-1.0866e-004	 3.0000e+000	 8.7825e-001	 3.9622e+000	
 1.8500e+000	 3.0000e+000	 8.9753e+000	-3.6210e+000	 3.7456e-004	 8.6146e-004	 4.4263e-003	 1.0200e-002	 6.6988e-007	-3.5533e-003	 3.0000e+000	 8.7829e-001	 3.9642e+000	
 1.8500e+000	 4.0000e+000	 8.7008e+000	-3.0530e+000	 5.0916e-004	 1.0715e-003	 4.2837e-003	 1.0200e-002	 9.1411e-007	-1.2520e-002	 3.0000e+000	 8.7833e-001	 3.9657e+000	
 1.8500e+000	 5.0000e+000	 8.4879e+000	-2.6060e+000	 6.6469e-004	 1.2584e-003	 4.1747e-003	 1.0200e-002	 1.2509e-006	-2.3452e-002	 3.0000e+000	 8.7838e-001	 3.9674e+000	
 1.8500e+000	 6.0000e+000	 8.3322e+000	-2.2715e+000	 8.1745e-004	 1.4234e-003	 4.0863e-003	 1.0200e-002	 1.7002e-006	-2.8662e-002	 3.0000e+000	 8.7842e-001	 3.9687e+000	
 1.8500e+000	 7.0000e+000	 8.2129e+000	-2.0054e+000	 9.6800e-004	 1.5632e-003	 4.0223e-003	 1.0200e-002	 2.2847e-006	-3.0517e-002	 3.0000e+000	 8.7846e-001	 3.9700e+000	
 1.8500e+000	 8.0000e+000	 8.1188e+000	-1.8077e+000	 1.1173e-003	 1.6767e-003	 3.9839e-003	 1.0199e-002	 3.0287e-006	-3.0459e-002	 3.0000e+000	 8.7849e-001	 3.9710e+000	
 1.8500e+000	 9.0000e+000	 8.0188e+000	-1.6266e+000	 1.2873e-003	 1.7806e-003	 3.9656e-003	 1.0199e-002	 3.9561e-006	-4.2104e-002	 3.0000e+000	 8.7853e-001	 3.9726e+000	
 1.8500e+000	 1.0000e+001	 7.9609e+000	-1.3592e+000	 1.4411e-003	 1.8288e-003	 3.9957e-003	 1.0199e-002	 5.0930e-006	-3.9938e-002	 3.0000e+000	 8.7857e-001	 3.9734e+000	
 1.8500e+000	 1.1000e+001	 7.9162e+000	-1.2385e+000	 1.5925e-003	 1.8468e-003	 4.0547e-003	 1.0199e-002	 6.4573e-006	-3.7912e-002	 3.0000e+000	 8.7861e-001	 3.9741e+000	
 1.8500e+000	 1.2000e+001	 7.8809e+000	-1.1147e+000	 1.7433e-003	 1.8406e-003	 4.1378e-003	 1.0199e-002	 8.0544e-006	-3.6597e-002	 3.0000e+000	 8.7865e-001	 3.9747e+000	
 1.8500e+000	 1.3000e+001	 7.8518e+000	-1.1256e+000	 1.8973e-003	 1.8049e-003	 4.2520e-003	 1.0199e-002	 9.8662e-006	-3.8779e-002	 3.0000e+000	 8.7868e-001	 3.9755e+000	
 1.8500e+000	 1.4000e+001	 7.8313e+000	-1.0404e+000	 2.0436e-003	 1.7647e-003	 4.3674e-003	 1.0199e-002	 1.1835e-005	-3.8329e-002	 3.0000e+000	 8.7872e-001	 3.9759e+000	
 1.8500e+000	 1.5000e+001	 7.8156e+000	-9.9478e-001	 2.1788e-003	 1.7225e-003	 4.4791e-003	 1.0199e-002	 1.3838e-005	-3.8089e-002	 3.0000e+000	 8.7875e-001	 3.9763e+000	
 1.8500e+000	 1.6000e+001	 7.8045e+000	-9.5914e-001	 2.2899e-003	 1.6865e-003	 4.5724e-003	 1.0199e-002	 1.5603e-005	-3.8004e-002	 3.0000e+000	 8.7877e-001	 3.9767e+000	
 1.9000e+000	 1.0000e+000	 9.6667e+000	-5.0007e+000	 2.5210e-004	 4.5270e-004	 4.7736e-003	 1.0200e-002	 3.0972e-007	-1.2577e-002	 3.0000e+000	 8.7821e-001	 3.9594e+000	
 1.9000e+000	 2.0000e+000	 9.3885e+000	-4.5117e+000	 2.6582e-004	 6.1414e-004	 4.6190e-003	 1.0200e-002	 3.6981e-007	-8.3872e-004	 3.0000e+000	 8.7825e-001	 3.9621e+000	
 1.9000e+000	 3.0000e+000	 9.0588e+000	-3.8658e+000	 3.3518e-004	 8.2182e-004	 4.4460e-003	 1.0200e-002	 4.6892e-007	-5.3468e-003	 3.0000e+000	 8.7829e-001	 3.9641e+000	
 1.9000e+000	 4.0000e+000	 8.7746e+000	-3.2823e+000	 4.5255e-004	 1.0290e-003	 4.2975e-003	 1.0200e-002	 6.0987e-007	-1.5248e-002	 3.0000e+000	 8.7833e-001	 3.9655e+000	
 1.9000e+000	 5.0000e+000	 8.5496e+000	-2.8142e+000	 5.9850e-004	 1.2165e-003	 4.1831e-003	 1.0200e-002	 8.0461e-007	-2.5672e-002	 3.0000e+000	 8.7837e-001	 3.9671e+000	
 1.9000e+000	 6.0000e+000	 8.3841e+000	-2.4648e+000	 7.4715e-004	 1.3839e-003	 4.0901e-003	 1.0200e-002	 1.0659e-006	-2.9771e-002	 3.0000e+000	 8.7841e-001	 3.9684e+000	
 1.9000e+000	 7.0000e+000	 8.2581e+000	-2.1914e+000	 8.9387e-004	 1.5268e-003	 4.0206e-003	 1.0200e-002	 1.4071e-006	-3.1053e-002	 3.0000e+000	 8.7845e-001	 3.9696e+000	
 1.9000e+000	 8.0000e+000	 8.1591e+000	-1.9871e+000	 1.0394e-003	 1.6446e-003	 3.9758e-003	 1.0200e-002	 1.8427e-006	-3.0318e-002	 3.0000e+000	 8.7849e-001	 3.9707e+000	
 1.9000e+000	 9.0000e+000	 8.0536e+000	-1.7902e+000	 1.2022e-003	 1.7566e-003	 3.9455e-003	 1.0199e-002	 2.3860e-006	-4.2724e-002	 3.0000e+000	 8.7853e-001	 3.9722e+000	
 1.9000e+000	 1.0000e+001	 7.9939e+000	-1.5910e+000	 1.3500e-003	 1.8114e-003	 3.9652e-003	 1.0199e-002	 3.0532e-006	-3.8992e-002	 3.0000e+000	 8.7857e-001	 3.9731e+000	
 1.9000e+000	 1.1000e+001	 7.9465e+000	-1.4225e+000	 1.4943e-003	 1.8363e-003	 4.0133e-003	 1.0199e-002	 3.8536e-006	-3.7114e-002	 3.0000e+000	 8.7861e-001	 3.9738e+000	
 1.9000e+000	 1.2000e+001	 7.9097e+000	-1.3077e+000	 1.6358e-003	 1.8355e-003	 4.0858e-003	 1.0199e-002	 4.7903e-006	-3.5785e-002	 3.0000e+000	 8.7864e-001	 3.9744e+000	
 1.9000e+000	 1.3000e+001	 7.8793e+000	-1.2987e+000	 1.7807e-003	 1.8058e-003	 4.1887e-003	 1.0199e-002	 5.8514e-006	-3.7566e-002	 3.0000e+000	 8.7868e-001	 3.9751e+000	
 1.9000e+000	 1.4000e+001	 7.8584e+000	-1.2366e+000	 1.9170e-003	 1.7690e-003	 4.2948e-003	 1.0199e-002	 7.0002e-006	-3.6738e-002	 3.0000e+000	 8.7871e-001	 3.9756e+000	
 1.9000e+000	 1.5000e+001	 7.8425e+000	-1.1968e+000	 2.0414e-003	 1.7288e-003	 4.3983e-003	 1.0199e-002	 8.1525e-006	-3.6570e-002	 3.0000e+000	 8.7875e-001	 3.9760e+000	
 1.9000e+000	 1.6000e+001	 7.8313e+000	-1.1658e+000	 2.1414e-003	 1.6937e-003	 4.4843e-003	 1.0199e-002	 9.1370e-006	-3.6944e-002	 3.0000e+000	 8.7877e-001	 3.9763e+000	
 1.9500e+000	 1.0000e+000	 9.7314e+000	-5.1919e+000	 2.5497e-004	 4.3382e-004	 4.7938e-003	 1.0200e-002	 2.6255e-007	-6.8860e-004	 3.0000e+000	 8.7821e-001	 3.9592e+000	
 1.9500e+000	 2.0000e+000	 9.4654e+000	-4.7301e+000	 2.5253e-004	 5.8527e-004	 4.6412e-003	 1.0200e-002	 2.9910e-007	 3.6095e-004	 3.0000e+000	 8.7824e-001	 3.9620e+000	
 1.9500e+000	 3.0000e+000	 9.1438e+000	-4.1027e+000	 3.0538e-004	 7.8439e-004	 4.4684e-003	 1.0200e-002	 3.5524e-007	-1.1037e-003	 3.0000e+000	 8.7828e-001	 3.9640e+000	
 1.9500e+000	 4.0000e+000	 8.8535e+000	-3.5094e+000	 4.0934e-004	 9.8858e-004	 4.3162e-003	 1.0200e-002	 4.3626e-007	-7.5818e-003	 3.0000e+000	 8.7833e-001	 3.9653e+000	
 1.9500e+000	 5.0000e+000	 8.6161e+000	-3.0181e+000	 5.4611e-004	 1.1764e-003	 4.1966e-003	 1.0200e-002	 5.4889e-007	-1.8442e-002	 3.0000e+000	 8.7837e-001	 3.9668e+000	
 1.9500e+000	 6.0000e+000	 8.4393e+000	-2.6483e+000	 6.8792e-004	 1.3459e-003	 4.0981e-003	 1.0200e-002	 7.0064e-007	-2.5112e-002	 3.0000e+000	 8.7841e-001	 3.9681e+000	
 1.9500e+000	 7.0000e+000	 8.3049e+000	-2.3608e+000	 8.2923e-004	 1.4917e-003	 4.0229e-003	 1.0200e-002	 8.9960e-007	-2.8173e-002	 3.0000e+000	 8.7845e-001	 3.9693e+000	
 1.9500e+000	 8.0000e+000	 8.2000e+000	-2.1437e+000	 9.6905e-004	 1.6132e-003	 3.9713e-003	 1.0200e-002	 1.1543e-006	-2.8781e-002	 3.0000e+000	 8.7849e-001	 3.9704e+000	
 1.9500e+000	 9.0000e+000	 8.0882e+000	-1.9244e+000	 1.1287e-003	 1.7335e-003	 3.9308e-003	 1.0200e-002	 1.4727e-006	-4.1325e-002	 3.0000e+000	 8.7853e-001	 3.9718e+000	
 1.9500e+000	 1.0000e+001	 8.0261e+000	-1.7617e+000	 1.2687e-003	 1.7942e-003	 3.9404e-003	 1.0199e-002	 1.8639e-006	-3.7735e-002	 3.0000e+000	 8.7856e-001	 3.9727e+000	
 1.9500e+000	 1.1000e+001	 7.9764e+000	-1.5960e+000	 1.4058e-003	 1.8254e-003	 3.9783e-003	 1.0199e-002	 2.3333e-006	-3.5863e-002	 3.0000e+000	 8.7860e-001	 3.9735e+000	
 1.9500e+000	 1.2000e+001	 7.9379e+000	-1.4749e+000	 1.5403e-003	 1.8304e-003	 4.0411e-003	 1.0199e-002	 2.8827e-006	-3.4267e-002	 3.0000e+000	 8.7864e-001	 3.9741e+000	
 1.9500e+000	 1.3000e+001	 7.9057e+000	-1.4389e+000	 1.6771e-003	 1.8068e-003	 4.1334e-003	 1.0199e-002	 3.5055e-006	-3.6180e-002	 3.0000e+000	 8.7868e-001	 3.9748e+000	
 1.9500e+000	 1.4000e+001	 7.8846e+000	-1.4114e+000	 1.8043e-003	 1.7734e-003	 4.2309e-003	 1.0199e-002	 4.1817e-006	-3.4801e-002	 3.0000e+000	 8.7871e-001	 3.9753e+000	
 1.9500e+000	 1.5000e+001	 7.8681e+000	-1.3631e+000	 1.9218e-003	 1.7358e-003	 4.3279e-003	 1.0199e-002	 4.8694e-006	-3.4375e-002	 3.0000e+000	 8.7874e-001	 3.9757e+000	
 1.9500e+000	 1.6000e+001	 7.8566e+000	-1.3313e+000	 2.0195e-003	 1.7024e-003	 4.4108e-003	 1.0199e-002	 5.4935e-006	-3.3738e-002	 3.0000e+000	 8.7877e-001	 3.9761e+000	
 2.0000e+000	 1.0000e+000	 9.7762e+000	-5.3361e+000	 2.4593e-004	 4.1644e-004	 4.8067e-003	 1.0200e-002	 2.3645e-007	-2.0310e-002	 3.0000e+000	 8.7821e-001	 3.9590e+000	
 2.0000e+000	 2.0000e+000	 9.5401e+000	-4.9359e+000	 2.4324e-004	 5.5811e-004	 4.6636e-003	 1.0200e-002	 2.5634e-007	 2.5620e-003	 3.0000e+000	 8.7824e-001	 3.9619e+000	
 2.0000e+000	 3.0000e+000	 9.2258e+000	-4.3252e+000	 2.8012e-004	 7.4840e-004	 4.4917e-003	 1.0200e-002	 2.8935e-007	 1.6586e-004	 3.0000e+000	 8.7828e-001	 3.9639e+000	
 2.0000e+000	 4.0000e+000	 8.9307e+000	-3.7242e+000	 3.6733e-004	 9.4816e-004	 4.3355e-003	 1.0200e-002	 3.3626e-007	-7.3510e-003	 3.0000e+000	 8.7832e-001	 3.9652e+000	
 2.0000e+000	 5.0000e+000	 8.6828e+000	-3.2125e+000	 4.9311e-004	 1.1356e-003	 4.2108e-003	 1.0200e-002	 4.0155e-007	-1.7168e-002	 3.0000e+000	 8.7836e-001	 3.9665e+000	
 2.0000e+000	 6.0000e+000	 8.4952e+000	-2.8220e+000	 6.2991e-004	 1.3072e-003	 4.1075e-003	 1.0200e-002	 4.8987e-007	-2.3044e-002	 3.0000e+000	 8.7840e-001	 3.9678e+000	
 2.0000e+000	 7.0000e+000	 8.3524e+000	-2.5185e+000	 7.6766e-004	 1.4562e-003	 4.0273e-003	 1.0200e-002	 6.0607e-007	-2.6226e-002	 3.0000e+000	 8.7844e-001	 3.9690e+000	
 2.0000e+000	 8.0000e+000	 8.2411e+000	-2.2858e+000	 9.0474e-004	 1.5821e-003	 3.9699e-003	 1.0200e-002	 7.5531e-007	-2.6783e-002	 3.0000e+000	 8.7848e-001	 3.9701e+000	
 2.0000e+000	 9.0000e+000	 8.1223e+000	-2.0375e+000	 1.0600e-003	 1.7098e-003	 3.9197e-003	 1.0200e-002	 9.4231e-007	-4.0721e-002	 3.0000e+000	 8.7852e-001	 3.9715e+000	
 2.0000e+000	 1.0000e+001	 8.0579e+000	-1.9115e+000	 1.1958e-003	 1.7766e-003	 3.9207e-003	 1.0199e-002	 1.1727e-006	-3.5842e-002	 3.0000e+000	 8.7856e-001	 3.9724e+000	
 2.0000e+000	 1.1000e+001	 8.0057e+000	-1.7488e+000	 1.3260e-003	 1.8137e-003	 3.9490e-003	 1.0199e-002	 1.4493e-006	-3.4392e-002	 3.0000e+000	 8.7860e-001	 3.9732e+000	
 2.0000e+000	 1.2000e+001	 7.9652e+000	-1.6163e+000	 1.4544e-003	 1.8246e-003	 4.0027e-003	 1.0199e-002	 1.7735e-006	-3.2800e-002	 3.0000e+000	 8.7864e-001	 3.9738e+000	
 2.0000e+000	 1.3000e+001	 7.9315e+000	-1.5779e+000	 1.5841e-003	 1.8071e-003	 4.0851e-003	 1.0199e-002	 2.1411e-006	-3.4423e-002	 3.0000e+000	 8.7867e-001	 3.9745e+000	
 2.0000e+000	 1.4000e+001	 7.9096e+000	-1.5551e+000	 1.7040e-003	 1.7776e-003	 4.1747e-003	 1.0199e-002	 2.5399e-006	-3.2863e-002	 3.0000e+000	 8.7871e-001	 3.9750e+000	
 2.0000e+000	 1.5000e+001	 7.8924e+000	-1.5020e+000	 1.8136e-003	 1.7428e-003	 4.2647e-003	 1.0199e-002	 2.9407e-006	-3.2578e-002	 3.0000e+000	 8.7874e-001	 3.9754e+000	
 2.0000e+000	 1.6000e+001	 7.8806e+000	-1.4697e+000	 1.9009e-003	 1.7107e-003	 4.3408e-003	 1.0199e-002	 3.2806e-006	-3.2883e-002	 3.0000e+000	 8.7876e-001	 3.9758e+000	
 2.0500e+000	 1.0000e+000	 9.8283e+000	-5.4888e+000	 2.5533e-004	 4.0137e-004	 4.8264e-003	 1.0200e-002	 2.2097e-007	-2.7206e-003	 3.0000e+000	 8.7820e-001	 3.9587e+000	
 2.0500e+000	 2.0000e+000	 9.6062e+000	-5.1182e+000	 2.3594e-004	 5.3309e-004	 4.6850e-003	 1.0200e-002	 2.3292e-007	 4.3152e-004	 3.0000e+000	 8.7824e-001	 3.9618e+000	
 2.0500e+000	 3.0000e+000	 9.3061e+000	-4.5381e+000	 2.5918e-004	 7.1426e-004	 4.5154e-003	 1.0200e-002	 2.5180e-007	 3.3941e-004	 3.0000e+000	 8.7828e-001	 3.9638e+000	
 2.0500e+000	 4.0000e+000	 9.0102e+000	-3.9373e+000	 3.3254e-004	 9.0916e-004	 4.3571e-003	 1.0200e-002	 2.7899e-007	-3.7848e-003	 3.0000e+000	 8.7832e-001	 3.9651e+000	
 2.0500e+000	 5.0000e+000	 8.7526e+000	-3.4065e+000	 4.4635e-004	 1.0955e-003	 4.2275e-003	 1.0200e-002	 3.1688e-007	-1.3487e-002	 3.0000e+000	 8.7836e-001	 3.9663e+000	
 2.0500e+000	 6.0000e+000	 8.5531e+000	-2.9927e+000	 5.7528e-004	 1.2686e-003	 4.1187e-003	 1.0200e-002	 3.6821e-007	-2.1180e-002	 3.0000e+000	 8.7840e-001	 3.9676e+000	
 2.0500e+000	 7.0000e+000	 8.4008e+000	-2.6714e+000	 7.0835e-004	 1.4204e-003	 4.0332e-003	 1.0200e-002	 4.3598e-007	-2.5433e-002	 3.0000e+000	 8.7844e-001	 3.9687e+000	
 2.0500e+000	 8.0000e+000	 8.2825e+000	-2.4246e+000	 8.4145e-004	 1.5500e-003	 3.9701e-003	 1.0200e-002	 5.2330e-007	-2.6750e-002	 3.0000e+000	 8.7848e-001	 3.9698e+000	
 2.0500e+000	 9.0000e+000	 8.1567e+000	-2.1598e+000	 9.9477e-004	 1.6854e-003	 3.9111e-003	 1.0200e-002	 6.3307e-007	-4.0401e-002	 3.0000e+000	 8.7852e-001	 3.9711e+000	
 2.0500e+000	 1.0000e+001	 8.0885e+000	-2.0336e+000	 1.1253e-003	 1.7578e-003	 3.9038e-003	 1.0199e-002	 7.6851e-007	-3.6243e-002	 3.0000e+000	 8.7856e-001	 3.9721e+000	
 2.0500e+000	 1.1000e+001	 8.0346e+000	-1.8971e+000	 1.2508e-003	 1.8007e-003	 3.9236e-003	 1.0199e-002	 9.3139e-007	-3.3785e-002	 3.0000e+000	 8.7859e-001	 3.9729e+000	
 2.0500e+000	 1.2000e+001	 7.9914e+000	-1.7370e+000	 1.3743e-003	 1.8178e-003	 3.9686e-003	 1.0199e-002	 1.1224e-006	-3.2448e-002	 3.0000e+000	 8.7863e-001	 3.9735e+000	
 2.0500e+000	 1.3000e+001	 7.9560e+000	-1.6932e+000	 1.4976e-003	 1.8064e-003	 4.0416e-003	 1.0199e-002	 1.3391e-006	-3.3981e-002	 3.0000e+000	 8.7867e-001	 3.9742e+000	
 2.0500e+000	 1.4000e+001	 7.9330e+000	-1.6688e+000	 1.6112e-003	 1.7810e-003	 4.1238e-003	 1.0199e-002	 1.5742e-006	-3.2266e-002	 3.0000e+000	 8.7870e-001	 3.9747e+000	
 2.0500e+000	 1.5000e+001	 7.9153e+000	-1.6192e+000	 1.7150e-003	 1.7492e-003	 4.2076e-003	 1.0199e-002	 1.8118e-006	-3.1617e-002	 3.0000e+000	 8.7873e-001	 3.9752e+000	
 2.0500e+000	 1.6000e+001	 7.9032e+000	-1.5887e+000	 1.7998e-003	 1.7193e-003	 4.2802e-003	 1.0199e-002	 2.0231e-006	-3.1023e-002	 3.0000e+000	 8.7876e-001	 3.9755e+000	
 2.1000e+000	 1.0000e+000	 9.8699e+000	-5.6141e+000	 2.5945e-004	 3.8754e-004	 4.8423e-003	 1.0200e-002	 2.1224e-007	 6.8520e-004	 3.0000e+000	 8.7820e-001	 3.9585e+000	
 2.1000e+000	 2.0000e+000	 9.6677e+000	-5.2837e+000	 2.3255e-004	 5.1010e-004	 4.7063e-003	 1.0200e-002	 2.1907e-007	 9.2972e-004	 3.0000e+000	 8.7823e-001	 3.9618e+000	
 2.1000e+000	 3.0000e+000	 9.3837e+000	-4.7414e+000	 2.4301e-004	 6.8210e-004	 4.5394e-003	 1.0200e-002	 2.3018e-007	 9.1354e-004	 3.0000e+000	 8.7827e-001	 3.9638e+000	
 2.1000e+000	 4.0000e+000	 9.0897e+000	-4.1464e+000	 3.0325e-004	 8.7141e-004	 4.3801e-003	 1.0200e-002	 2.4604e-007	 7.5433e-005	 3.0000e+000	 8.7832e-001	 3.9650e+000	
 2.1000e+000	 5.0000e+000	 8.8250e+000	-3.6012e+000	 4.0826e-004	 1.0563e-003	 4.2476e-003	 1.0200e-002	 2.6822e-007	-4.6013e-003	 3.0000e+000	 8.7836e-001	 3.9661e+000	
 2.1000e+000	 6.0000e+000	 8.6147e+000	-3.1657e+000	 5.3118e-004	 1.2311e-003	 4.1341e-003	 1.0200e-002	 2.9825e-007	-1.1928e-002	 3.0000e+000	 8.7840e-001	 3.9673e+000	
 2.1000e+000	 7.0000e+000	 8.4525e+000	-2.8256e+000	 6.5947e-004	 1.3858e-003	 4.0433e-003	 1.0200e-002	 3.3789e-007	-1.8069e-002	 3.0000e+000	 8.7844e-001	 3.9685e+000	
 2.1000e+000	 8.0000e+000	 8.3264e+000	-2.5642e+000	 7.8804e-004	 1.5189e-003	 3.9742e-003	 1.0200e-002	 3.8902e-007	-2.1481e-002	 3.0000e+000	 8.7848e-001	 3.9696e+000	
 2.1000e+000	 9.0000e+000	 8.1925e+000	-2.2829e+000	 9.4117e-004	 1.6620e-003	 3.9074e-003	 1.0200e-002	 4.5349e-007	-3.5375e-002	 3.0000e+000	 8.7851e-001	 3.9707e+000	
 2.1000e+000	 1.0000e+001	 8.1201e+000	-2.1529e+000	 1.0650e-003	 1.7394e-003	 3.8917e-003	 1.0199e-002	 5.3304e-007	-3.3386e-002	 3.0000e+000	 8.7855e-001	 3.9717e+000	
 2.1000e+000	 1.1000e+001	 8.0633e+000	-2.0185e+000	 1.1859e-003	 1.7881e-003	 3.9034e-003	 1.0199e-002	 6.2899e-007	-3.1252e-002	 3.0000e+000	 8.7859e-001	 3.9725e+000	
 2.1000e+000	 1.2000e+001	 8.0179e+000	-1.8542e+000	 1.3044e-003	 1.8109e-003	 3.9400e-003	 1.0199e-002	 7.4168e-007	-3.0061e-002	 3.0000e+000	 8.7863e-001	 3.9732e+000	
 2.1000e+000	 1.3000e+001	 7.9805e+000	-1.8055e+000	 1.4231e-003	 1.8056e-003	 4.0044e-003	 1.0199e-002	 8.6973e-007	-3.1436e-002	 3.0000e+000	 8.7866e-001	 3.9739e+000	
 2.1000e+000	 1.4000e+001	 7.9559e+000	-1.7648e+000	 1.5309e-003	 1.7846e-003	 4.0794e-003	 1.0199e-002	 1.0089e-006	-3.0197e-002	 3.0000e+000	 8.7870e-001	 3.9745e+000	
 2.1000e+000	 1.5000e+001	 7.9377e+000	-1.7230e+000	 1.6293e-003	 1.7560e-003	 4.1572e-003	 1.0199e-002	 1.1498e-006	-2.9228e-002	 3.0000e+000	 8.7873e-001	 3.9749e+000	
 2.1000e+000	 1.6000e+001	 7.9252e+000	-1.6948e+000	 1.7087e-003	 1.7280e-003	 4.2249e-003	 1.0199e-002	 1.2728e-006	-2.8710e-002	 3.0000e+000	 8.7875e-001	 3.9752e+000	
 2.1500e+000	 1.0000e+000	 9.9015e+000	-5.7139e+000	 2.5914e-004	 3.7458e-004	 4.8551e-003	 1.0200e-002	 2.0716e-007	-7.4580e-003	 3.0000e+000	 8.7820e-001	 3.9583e+000	
 2.1500e+000	 2.0000e+000	 9.7196e+000	-5.4236e+000	 2.3154e-004	 4.8885e-004	 4.7270e-003	 1.0200e-002	 2.1116e-007	 2.9793e-004	 3.0000e+000	 8.7823e-001	 3.9617e+000	
 2.1500e+000	 3.0000e+000	 9.4587e+000	-4.9374e+000	 2.3071e-004	 6.5167e-004	 4.5637e-003	 1.0200e-002	 2.1769e-007	 1.5737e-003	 3.0000e+000	 8.7827e-001	 3.9638e+000	
 2.1500e+000	 4.0000e+000	 9.1675e+000	-4.3487e+000	 2.7630e-004	 8.3458e-004	 4.4035e-003	 1.0200e-002	 2.2703e-007	-9.4681e-004	 3.0000e+000	 8.7831e-001	 3.9649e+000	
 2.1500e+000	 5.0000e+000	 8.8962e+000	-3.7893e+000	 3.6503e-004	 1.0162e-003	 4.2661e-003	 1.0200e-002	 2.4003e-007	-8.9991e-003	 3.0000e+000	 8.7835e-001	 3.9660e+000	
 2.1500e+000	 6.0000e+000	 8.6749e+000	-3.3310e+000	 4.7800e-004	 1.1914e-003	 4.1471e-003	 1.0200e-002	 2.5759e-007	-1.6883e-002	 3.0000e+000	 8.7839e-001	 3.9671e+000	
 2.1500e+000	 7.0000e+000	 8.5026e+000	-2.9708e+000	 6.0186e-004	 1.3486e-003	 4.0516e-003	 1.0200e-002	 2.8076e-007	-2.2116e-002	 3.0000e+000	 8.7843e-001	 3.9682e+000	
 2.1500e+000	 8.0000e+000	 8.3687e+000	-2.6942e+000	 7.2883e-004	 1.4856e-003	 3.9779e-003	 1.0200e-002	 3.1070e-007	-2.4161e-002	 3.0000e+000	 8.7847e-001	 3.9693e+000	
 2.1500e+000	 9.0000e+000	 8.2268e+000	-2.3963e+000	 8.7733e-004	 1.6353e-003	 3.9021e-003	 1.0200e-002	 3.4845e-007	-3.9086e-002	 3.0000e+000	 8.7851e-001	 3.9704e+000	
 2.1500e+000	 1.0000e+001	 8.1501e+000	-2.2547e+000	 1.0023e-003	 1.7190e-003	 3.8806e-003	 1.0199e-002	 3.9531e-007	-3.5089e-002	 3.0000e+000	 8.7855e-001	 3.9714e+000	
 2.1500e+000	 1.1000e+001	 8.0907e+000	-2.1273e+000	 1.1204e-003	 1.7734e-003	 3.8851e-003	 1.0199e-002	 4.5190e-007	-3.2077e-002	 3.0000e+000	 8.7859e-001	 3.9723e+000	
 2.1500e+000	 1.2000e+001	 8.0435e+000	-1.9738e+000	 1.2349e-003	 1.8018e-003	 3.9140e-003	 1.0199e-002	 5.1843e-007	-3.0218e-002	 3.0000e+000	 8.7862e-001	 3.9730e+000	
 2.1500e+000	 1.3000e+001	 8.0034e+000	-1.9006e+000	 1.3484e-003	 1.8027e-003	 3.9697e-003	 1.0199e-002	 5.9403e-007	-3.2293e-002	 3.0000e+000	 8.7866e-001	 3.9737e+000	
 2.1500e+000	 1.4000e+001	 7.9774e+000	-1.8479e+000	 1.4532e-003	 1.7866e-003	 4.0381e-003	 1.0199e-002	 6.7618e-007	-3.0419e-002	 3.0000e+000	 8.7869e-001	 3.9742e+000	
 2.1500e+000	 1.5000e+001	 7.9588e+000	-1.8223e+000	 1.5460e-003	 1.7611e-003	 4.1099e-003	 1.0199e-002	 7.5894e-007	-2.9053e-002	 3.0000e+000	 8.7873e-001	 3.9746e+000	
 2.1500e+000	 1.6000e+001	 7.9457e+000	-1.7908e+000	 1.6210e-003	 1.7354e-003	 4.1731e-003	 1.0199e-002	 8.3105e-007	-2.8618e-002	 3.0000e+000	 8.7875e-001	 3.9750e+000	
 2.2000e+000	 1.0000e+000	 9.9358e+000	-5.8180e+000	 2.6681e-004	 3.6294e-004	 4.8706e-003	 1.0200e-002	 2.0424e-007	 1.3974e-004	 3.0000e+000	 8.7819e-001	 3.9580e+000	
 2.2000e+000	 2.0000e+000	 9.7712e+000	-5.5626e+000	 2.3194e-004	 4.6929e-004	 4.7468e-003	 1.0200e-002	 2.0665e-007	 8.4089e-004	 3.0000e+000	 8.7823e-001	 3.9616e+000	
 2.2000e+000	 3.0000e+000	 9.5274e+000	-5.1162e+000	 2.2194e-004	 6.2294e-004	 4.5881e-003	 1.0200e-002	 2.1051e-007	 1.0059e-003	 3.0000e+000	 8.7827e-001	 3.9638e+000	
 2.2000e+000	 4.0000e+000	 9.2452e+000	-4.5455e+000	 2.5525e-004	 7.9929e-004	 4.4283e-003	 1.0200e-002	 2.1606e-007	 7.1597e-004	 3.0000e+000	 8.7831e-001	 3.9649e+000	
 2.2000e+000	 5.0000e+000	 8.9714e+000	-3.9810e+000	 3.3382e-004	 9.7792e-004	 4.2888e-003	 1.0200e-002	 2.2383e-007	-2.1148e-003	 3.0000e+000	 8.7835e-001	 3.9659e+000	
 2.2000e+000	 6.0000e+000	 8.7405e+000	-3.5033e+000	 4.3951e-004	 1.1538e-003	 4.1655e-003	 1.0200e-002	 2.3428e-007	-8.4243e-003	 3.0000e+000	 8.7839e-001	 3.9669e+000	
 2.2000e+000	 7.0000e+000	 8.5575e+000	-3.1218e+000	 5.5803e-004	 1.3134e-003	 4.0649e-003	 1.0200e-002	 2.4793e-007	-1.5154e-002	 3.0000e+000	 8.7843e-001	 3.9679e+000	
 2.2000e+000	 8.0000e+000	 8.4145e+000	-2.8266e+000	 6.8048e-004	 1.4538e-003	 3.9855e-003	 1.0200e-002	 2.6548e-007	-1.9552e-002	 3.0000e+000	 8.7847e-001	 3.9690e+000	
 2.2000e+000	 9.0000e+000	 8.2633e+000	-2.5093e+000	 8.2895e-004	 1.6106e-003	 3.9026e-003	 1.0200e-002	 2.8760e-007	-3.4759e-002	 3.0000e+000	 8.7851e-001	 3.9700e+000	
 2.2000e+000	 1.0000e+001	 8.1813e+000	-2.3532e+000	 9.4895e-004	 1.6994e-003	 3.8734e-003	 1.0199e-002	 3.1502e-007	-3.3046e-002	 3.0000e+000	 8.7855e-001	 3.9711e+000	
 2.2000e+000	 1.1000e+001	 8.1186e+000	-2.2258e+000	 1.0630e-003	 1.7591e-003	 3.8705e-003	 1.0199e-002	 3.4821e-007	-3.0778e-002	 3.0000e+000	 8.7858e-001	 3.9720e+000	
 2.2000e+000	 1.2000e+001	 8.0693e+000	-2.0842e+000	 1.1730e-003	 1.7926e-003	 3.8920e-003	 1.0199e-002	 3.8732e-007	-2.8915e-002	 3.0000e+000	 8.7862e-001	 3.9727e+000	
 2.2000e+000	 1.3000e+001	 8.0265e+000	-1.9902e+000	 1.2843e-003	 1.8001e-003	 3.9400e-003	 1.0199e-002	 4.3189e-007	-3.0753e-002	 3.0000e+000	 8.7866e-001	 3.9734e+000	
 2.2000e+000	 1.4000e+001	 7.9992e+000	-1.9397e+000	 1.3839e-003	 1.7884e-003	 4.0014e-003	 1.0199e-002	 4.8054e-007	-2.9005e-002	 3.0000e+000	 8.7869e-001	 3.9739e+000	
 2.2000e+000	 1.5000e+001	 7.9796e+000	-1.9132e+000	 1.4732e-003	 1.7664e-003	 4.0679e-003	 1.0199e-002	 5.3010e-007	-2.7482e-002	 3.0000e+000	 8.7872e-001	 3.9744e+000	
 2.2000e+000	 1.6000e+001	 7.9658e+000	-1.8801e+000	 1.5458e-003	 1.7431e-003	 4.1274e-003	 1.0199e-002	 5.7385e-007	-2.6711e-002	 3.0000e+000	 8.7875e-001	 3.9747e+000	
 2.2500e+000	 1.0000e+000	 9.9595e+000	-5.9000e+000	 2.6308e-004	 3.5171e-004	 4.8800e-003	 1.0200e-002	 2.0254e-007	-1.6476e-002	 3.0000e+000	 8.7819e-001	 3.9578e+000	
 2.2500e+000	 2.0000e+000	 9.8185e+000	-5.6928e+000	 2.3334e-004	 4.5105e-004	 4.7657e-003	 1.0200e-002	 2.0397e-007	 4.9059e-004	 3.0000e+000	 8.7822e-001	 3.9615e+000	
 2.2500e+000	 3.0000e+000	 9.5929e+000	-5.2837e+000	 2.1705e-004	 5.9617e-004	 4.6124e-003	 1.0200e-002	 2.0631e-007	 3.2554e-003	 3.0000e+000	 8.7826e-001	 3.9638e+000	
 2.2500e+000	 4.0000e+000	 9.3198e+000	-4.7323e+000	 2.3831e-004	 7.6545e-004	 4.4536e-003	 1.0200e-002	 2.0969e-007	 1.4692e-003	 3.0000e+000	 8.7830e-001	 3.9649e+000	
 2.2500e+000	 5.0000e+000	 9.0443e+000	-4.1647e+000	 3.0168e-004	 9.3963e-004	 4.3110e-003	 1.0200e-002	 2.1438e-007	-5.0370e-003	 3.0000e+000	 8.7834e-001	 3.9658e+000	
 2.2500e+000	 6.0000e+000	 8.8048e+000	-3.6696e+000	 3.9583e-004	 1.1147e-003	 4.1828e-003	 1.0200e-002	 2.2064e-007	-1.2184e-002	 3.0000e+000	 8.7839e-001	 3.9667e+000	
 2.2500e+000	 7.0000e+000	 8.6116e+000	-3.2678e+000	 5.0843e-004	 1.2763e-003	 4.0772e-003	 1.0200e-002	 2.2876e-007	-1.7875e-002	 3.0000e+000	 8.7842e-001	 3.9677e+000	
 2.2500e+000	 8.0000e+000	 8.4597e+000	-2.9551e+000	 6.2908e-004	 1.4206e-003	 3.9930e-003	 1.0200e-002	 2.3912e-007	-2.0657e-002	 3.0000e+000	 8.7846e-001	 3.9688e+000	
 2.2500e+000	 9.0000e+000	 8.2994e+000	-2.6193e+000	 7.7360e-004	 1.5832e-003	 3.9023e-003	 1.0200e-002	 2.5206e-007	-3.7086e-002	 3.0000e+000	 8.7850e-001	 3.9697e+000	
 2.2500e+000	 1.0000e+001	 8.2123e+000	-2.4518e+000	 8.9466e-004	 1.6782e-003	 3.8674e-003	 1.0199e-002	 2.6819e-007	-3.3567e-002	 3.0000e+000	 8.7854e-001	 3.9708e+000	
 2.2500e+000	 1.1000e+001	 8.1461e+000	-2.3215e+000	 1.0069e-003	 1.7434e-003	 3.8580e-003	 1.0199e-002	 2.8771e-007	-3.0937e-002	 3.0000e+000	 8.7858e-001	 3.9717e+000	
 2.2500e+000	 1.2000e+001	 8.0945e+000	-2.1866e+000	 1.1139e-003	 1.7821e-003	 3.8727e-003	 1.0199e-002	 3.1073e-007	-2.8807e-002	 3.0000e+000	 8.7862e-001	 3.9724e+000	
 2.2500e+000	 1.3000e+001	 8.0488e+000	-2.0692e+000	 1.2218e-003	 1.7960e-003	 3.9126e-003	 1.0199e-002	 3.3698e-007	-3.1021e-002	 3.0000e+000	 8.7865e-001	 3.9731e+000	
 2.2500e+000	 1.4000e+001	 8.0203e+000	-2.0246e+000	 1.3181e-003	 1.7889e-003	 3.9677e-003	 1.0199e-002	 3.6560e-007	-2.8731e-002	 3.0000e+000	 8.7869e-001	 3.9737e+000	
 2.2500e+000	 1.5000e+001	 7.9994e+000	-1.9917e+000	 1.4034e-003	 1.7705e-003	 4.0286e-003	 1.0199e-002	 3.9441e-007	-2.7435e-002	 3.0000e+000	 8.7872e-001	 3.9742e+000	
 2.2500e+000	 1.6000e+001	 7.9850e+000	-1.9605e+000	 1.4710e-003	 1.7496e-003	 4.0833e-003	 1.0199e-002	 4.1911e-007	-2.6963e-002	 3.0000e+000	 8.7874e-001	 3.9745e+000	
 2.3000e+000	 1.0000e+000	 9.9895e+000	-5.9931e+000	 2.7531e-004	 3.4198e-004	 4.8958e-003	 1.0200e-002	 2.0155e-007	-1.2122e-003	 3.0000e+000	 8.7819e-001	 3.9575e+000	
 2.3000e+000	 2.0000e+000	 9.8592e+000	-5.8088e+000	 2.3627e-004	 4.3442e-004	 4.7838e-003	 1.0200e-002	 2.0246e-007	 6.7869e-004	 3.0000e+000	 8.7822e-001	 3.9615e+000	
 2.3000e+000	 3.0000e+000	 9.6505e+000	-5.4299e+000	 2.1319e-004	 5.7098e-004	 4.6356e-003	 1.0200e-002	 2.0388e-007	 1.0773e-003	 3.0000e+000	 8.7826e-001	 3.9638e+000	
 2.3000e+000	 4.0000e+000	 9.3935e+000	-4.9148e+000	 2.2407e-004	 7.3309e-004	 4.4789e-003	 1.0200e-002	 2.0598e-007	 1.0473e-003	 3.0000e+000	 8.7830e-001	 3.9649e+000	
 2.3000e+000	 5.0000e+000	 9.1201e+000	-4.3521e+000	 2.7742e-004	 9.0293e-004	 4.3356e-003	 1.0200e-002	 2.0892e-007	-5.5901e-004	 3.0000e+000	 8.7834e-001	 3.9657e+000	
 2.3000e+000	 6.0000e+000	 8.8736e+000	-3.8431e+000	 3.6295e-004	 1.0772e-003	 4.2039e-003	 1.0200e-002	 2.1281e-007	-5.4500e-003	 3.0000e+000	 8.7838e-001	 3.9665e+000	
 2.3000e+000	 7.0000e+000	 8.6700e+000	-3.4200e+000	 4.6891e-004	 1.2405e-003	 4.0933e-003	 1.0200e-002	 2.1774e-007	-1.2123e-002	 3.0000e+000	 8.7842e-001	 3.9675e+000	
 2.3000e+000	 8.0000e+000	 8.5081e+000	-3.0869e+000	 5.8435e-004	 1.3877e-003	 4.0035e-003	 1.0200e-002	 2.2390e-007	-1.7291e-002	 3.0000e+000	 8.7846e-001	 3.9685e+000	
 2.3000e+000	 9.0000e+000	 8.3373e+000	-2.7302e+000	 7.2847e-004	 1.5569e-003	 3.9059e-003	 1.0200e-002	 2.3149e-007	-3.3812e-002	 3.0000e+000	 8.7850e-001	 3.9693e+000	
 2.3000e+000	 1.0000e+001	 8.2442e+000	-2.5498e+000	 8.4580e-004	 1.6570e-003	 3.8641e-003	 1.0199e-002	 2.4091e-007	-3.2220e-002	 3.0000e+000	 8.7854e-001	 3.9704e+000	
 2.3000e+000	 1.1000e+001	 8.1739e+000	-2.4113e+000	 9.5542e-004	 1.7274e-003	 3.8482e-003	 1.0199e-002	 2.5229e-007	-3.0255e-002	 3.0000e+000	 8.7858e-001	 3.9714e+000	
 2.3000e+000	 1.2000e+001	 8.1196e+000	-2.2788e+000	 1.0596e-003	 1.7712e-003	 3.8563e-003	 1.0199e-002	 2.6575e-007	-2.8160e-002	 3.0000e+000	 8.7861e-001	 3.9722e+000	
 2.3000e+000	 1.3000e+001	 8.0715e+000	-2.1577e+000	 1.1649e-003	 1.7913e-003	 3.8887e-003	 1.0199e-002	 2.8112e-007	-3.0035e-002	 3.0000e+000	 8.7865e-001	 3.9728e+000	
 2.3000e+000	 1.4000e+001	 8.0411e+000	-2.1049e+000	 1.2578e-003	 1.7888e-003	 3.9375e-003	 1.0199e-002	 2.9796e-007	-2.8043e-002	 3.0000e+000	 8.7868e-001	 3.9734e+000	
 2.3000e+000	 1.5000e+001	 8.0187e+000	-2.0626e+000	 1.3411e-003	 1.7743e-003	 3.9935e-003	 1.0199e-002	 3.1519e-007	-2.6631e-002	 3.0000e+000	 8.7871e-001	 3.9739e+000	
 2.3000e+000	 1.6000e+001	 8.0038e+000	-2.0372e+000	 1.4085e-003	 1.7561e-003	 4.0452e-003	 1.0199e-002	 3.3087e-007	-2.5107e-002	 3.0000e+000	 8.7874e-001	 3.9743e+000	
 2.3500e+000	 1.0000e+000	 1.0005e+001	-6.0558e+000	 2.6775e-004	 3.3215e-004	 4.9018e-003	 1.0200e-002	 2.0096e-007	-2.6076e-002	 3.0000e+000	 8.7818e-001	 3.9573e+000	
 2.3500e+000	 2.0000e+000	 9.8965e+000	-5.9157e+000	 2.4054e-004	 4.1886e-004	 4.8015e-003	 1.0200e-002	 2.0153e-007	 1.9933e-003	 3.0000e+000	 8.7821e-001	 3.9614e+000	
 2.3500e+000	 3.0000e+000	 9.7038e+000	-5.5630e+000	 2.1398e-004	 5.4780e-004	 4.6592e-003	 1.0200e-002	 2.0244e-007	 5.4527e-003	 3.0000e+000	 8.7826e-001	 3.9638e+000	
 2.3500e+000	 4.0000e+000	 9.4654e+000	-5.0925e+000	 2.1447e-004	 7.0248e-004	 4.5047e-003	 1.0200e-002	 2.0382e-007	 4.0161e-003	 3.0000e+000	 8.7830e-001	 3.9649e+000	
 2.3500e+000	 5.0000e+000	 9.1937e+000	-4.5338e+000	 2.5481e-004	 8.6696e-004	 4.3603e-003	 1.0200e-002	 2.0569e-007	-1.3642e-003	 3.0000e+000	 8.7834e-001	 3.9657e+000	
 2.3500e+000	 6.0000e+000	 8.9414e+000	-4.0123e+000	 3.2906e-004	 1.0392e-003	 4.2250e-003	 1.0200e-002	 2.0816e-007	-6.7975e-003	 3.0000e+000	 8.7838e-001	 3.9664e+000	
 2.3500e+000	 7.0000e+000	 8.7285e+000	-3.5702e+000	 4.2820e-004	 1.2037e-003	 4.1098e-003	 1.0200e-002	 2.1125e-007	-1.1986e-002	 3.0000e+000	 8.7842e-001	 3.9673e+000	
 2.3500e+000	 8.0000e+000	 8.5571e+000	-3.2176e+000	 5.4123e-004	 1.3544e-003	 4.0153e-003	 1.0200e-002	 2.1502e-007	-1.5321e-002	 3.0000e+000	 8.7846e-001	 3.9683e+000	
 2.3500e+000	 9.0000e+000	 8.3757e+000	-2.8388e+000	 6.8242e-004	 1.5294e-003	 3.9105e-003	 1.0200e-002	 2.1951e-007	-3.2997e-002	 3.0000e+000	 8.7850e-001	 3.9690e+000	
 2.3500e+000	 1.0000e+001	 8.2766e+000	-2.6451e+000	 7.9943e-004	 1.6351e-003	 3.8629e-003	 1.0199e-002	 2.2506e-007	-3.0927e-002	 3.0000e+000	 8.7853e-001	 3.9701e+000	
 2.3500e+000	 1.1000e+001	 8.2018e+000	-2.4957e+000	 9.0727e-004	 1.7108e-003	 3.8407e-003	 1.0199e-002	 2.3172e-007	-2.9430e-002	 3.0000e+000	 8.7857e-001	 3.9711e+000	
 2.3500e+000	 1.2000e+001	 8.1448e+000	-2.3664e+000	 1.0094e-003	 1.7597e-003	 3.8427e-003	 1.0199e-002	 2.3960e-007	-2.7075e-002	 3.0000e+000	 8.7861e-001	 3.9719e+000	
 2.3500e+000	 1.3000e+001	 8.0944e+000	-2.2476e+000	 1.1116e-003	 1.7855e-003	 3.8677e-003	 1.0199e-002	 2.4859e-007	-2.8945e-002	 3.0000e+000	 8.7864e-001	 3.9726e+000	
 2.3500e+000	 1.4000e+001	 8.0615e+000	-2.1765e+000	 1.2022e-003	 1.7879e-003	 3.9105e-003	 1.0199e-002	 2.5844e-007	-2.7385e-002	 3.0000e+000	 8.7868e-001	 3.9732e+000	
 2.3500e+000	 1.5000e+001	 8.0380e+000	-2.1350e+000	 1.2826e-003	 1.7772e-003	 3.9611e-003	 1.0199e-002	 2.6842e-007	-2.5738e-002	 3.0000e+000	 8.7871e-001	 3.9737e+000	
 2.3500e+000	 1.6000e+001	 8.0223e+000	-2.1098e+000	 1.3448e-003	 1.7615e-003	 4.0078e-003	 1.0199e-002	 2.7691e-007	-2.5124e-002	 3.0000e+000	 8.7873e-001	 3.9741e+000	
 2.3917e+000	 1.0000e+000	 1.0027e+001	-6.1216e+000	 2.8522e-004	 3.2585e-004	 4.9169e-003	 1.0200e-002	 2.0068e-007	 4.3297e-004	 3.0000e+000	 8.7818e-001	 3.9570e+000	
 2.3917e+000	 2.0000e+000	 9.9211e+000	-5.9884e+000	 2.4369e-004	 4.0702e-004	 4.8149e-003	 1.0200e-002	 2.0106e-007	 8.4772e-004	 3.0000e+000	 8.7821e-001	 3.9613e+000	
 2.3917e+000	 3.0000e+000	 9.7469e+000	-5.6728e+000	 2.1196e-004	 5.2956e-004	 4.6764e-003	 1.0200e-002	 2.0172e-007	 9.8339e-004	 3.0000e+000	 8.7825e-001	 3.9638e+000	
 2.3917e+000	 4.0000e+000	 9.5201e+000	-5.2282e+000	 2.0684e-004	 6.7818e-004	 4.5252e-003	 1.0200e-002	 2.0267e-007	 1.0096e-003	 3.0000e+000	 8.7829e-001	 3.9649e+000	
 2.3917e+000	 5.0000e+000	 9.2551e+000	-4.6836e+000	 2.4017e-004	 8.3823e-004	 4.3817e-003	 1.0200e-002	 2.0403e-007	 8.5096e-004	 3.0000e+000	 8.7833e-001	 3.9656e+000	
 2.3917e+000	 6.0000e+000	 9.0003e+000	-4.1570e+000	 3.0798e-004	 1.0088e-003	 4.2449e-003	 1.0200e-002	 2.0583e-007	-4.7550e-004	 3.0000e+000	 8.7837e-001	 3.9663e+000	
 2.3917e+000	 7.0000e+000	 8.7804e+000	-3.7003e+000	 4.0190e-004	 1.1740e-003	 4.1264e-003	 1.0200e-002	 2.0803e-007	-4.4989e-003	 3.0000e+000	 8.7841e-001	 3.9672e+000	
 2.3917e+000	 8.0000e+000	 8.6006e+000	-3.3304e+000	 5.0992e-004	 1.3267e-003	 4.0274e-003	 1.0200e-002	 2.1060e-007	-9.9669e-003	 3.0000e+000	 8.7845e-001	 3.9681e+000	
 2.3917e+000	 9.0000e+000	 8.4093e+000	-2.9313e+000	 6.5307e-004	 1.5077e-003	 3.9174e-003	 1.0200e-002	 2.1354e-007	-2.6238e-002	 3.0000e+000	 8.7849e-001	 3.9687e+000	
 2.3917e+000	 1.0000e+001	 8.3046e+000	-2.7252e+000	 7.6499e-004	 1.6167e-003	 3.8640e-003	 1.0199e-002	 2.1708e-007	-2.7827e-002	 3.0000e+000	 8.7853e-001	 3.9699e+000	
 2.3917e+000	 1.1000e+001	 8.2258e+000	-2.5667e+000	 8.7102e-004	 1.6967e-003	 3.8367e-003	 1.0199e-002	 2.2131e-007	-2.7233e-002	 3.0000e+000	 8.7857e-001	 3.9708e+000	
 2.3917e+000	 1.2000e+001	 8.1659e+000	-2.4343e+000	 9.7054e-004	 1.7496e-003	 3.8333e-003	 1.0199e-002	 2.2631e-007	-2.5781e-002	 3.0000e+000	 8.7861e-001	 3.9717e+000	
 2.3917e+000	 1.3000e+001	 8.1136e+000	-2.3210e+000	 1.0713e-003	 1.7802e-003	 3.8528e-003	 1.0199e-002	 2.3204e-007	-2.7164e-002	 3.0000e+000	 8.7864e-001	 3.9723e+000	
 2.3917e+000	 1.4000e+001	 8.0787e+000	-2.2360e+000	 1.1599e-003	 1.7867e-003	 3.8905e-003	 1.0199e-002	 2.3831e-007	-2.6051e-002	 3.0000e+000	 8.7868e-001	 3.9730e+000	
 2.3917e+000	 1.5000e+001	 8.0541e+000	-2.1955e+000	 1.2380e-003	 1.7792e-003	 3.9368e-003	 1.0199e-002	 2.4472e-007	-2.4414e-002	 3.0000e+000	 8.7871e-001	 3.9735e+000	
 2.3917e+000	 1.6000e+001	 8.0375e+000	-2.1665e+000	 1.2999e-003	 1.7659e-003	 3.9808e-003	 1.0199e-002	 2.5035e-007	-2.3410e-002	 3.0000e+000	 8.7873e-001	 3.9739e+000	
